weight_arxiv,weight_book,weight_c4,weight_github,weight_commoncrawl,weight_stackexchange,weight_wikipedia,model_size,n_tokens,arxiv_loss,book_loss,c4_loss,github_loss,commoncrawl_loss,stackexchange_loss,wikipedia_loss,openhermes_loss
0.020000000000000004,0.020000000000000004,0.416923076923077,0.020000000000000004,0.3507692307692308,0.020000000000000004,0.1523076923076923,122000000.0,1998000000.0,3.014416003227234,4.126948618888855,4.137450978755951,2.6031089413166044,4.059069874286652,3.4099873805046084,3.4969035458564757,3.37936190366745
0.020000000000000004,0.020000000000000004,0.416923076923077,0.020000000000000004,0.3507692307692308,0.020000000000000004,0.1523076923076923,122000000.0,3998000000.0,2.4402677738666534,3.618621218204498,3.5945065093040465,1.8762340176105499,3.488449776172638,2.69220796585083,2.8465235877037047,2.605349273681641
0.020000000000000004,0.020000000000000004,0.416923076923077,0.020000000000000004,0.3507692307692308,0.020000000000000004,0.1523076923076923,122000000.0,5998000000.0,2.32116611123085,3.465516571998596,3.426227629184723,1.6823144686222076,3.3088508820533753,2.5527493023872374,2.655805013179779,2.3847655177116396
0.020000000000000004,0.020000000000000004,0.416923076923077,0.020000000000000004,0.3507692307692308,0.020000000000000004,0.1523076923076923,122000000.0,7998000000.0,2.3012380051612853,3.388777813911438,3.352655484676361,1.601672637462616,3.2311736965179443,2.434310154914856,2.538535659313202,2.2935771536827088
0.020000000000000004,0.020000000000000004,0.416923076923077,0.020000000000000004,0.3507692307692308,0.020000000000000004,0.1523076923076923,122000000.0,9998000000.0,2.190628221035004,3.3396374559402466,3.3113940143585205,1.5625429701805116,3.1832579445838927,2.3998104763031005,2.468411474227905,2.2336517786979675
0.020000000000000004,0.020000000000000004,0.416923076923077,0.020000000000000004,0.3507692307692308,0.020000000000000004,0.1523076923076923,122000000.0,11998000000.0,2.232992104291916,3.3156183314323426,3.2830924081802366,1.5809806293249131,3.1535061025619506,2.411463317871094,2.426244614124298,2.2162332129478455
0.020000000000000004,0.020000000000000004,0.416923076923077,0.020000000000000004,0.3507692307692308,0.020000000000000004,0.1523076923076923,122000000.0,13998000000.0,2.1690838706493376,3.303129196166992,3.2549856424331667,1.5220149600505828,3.1313226413726807,2.3428652679920194,2.4075858080387116,2.1620350277423857
0.020000000000000004,0.020000000000000004,0.416923076923077,0.020000000000000004,0.3507692307692308,0.020000000000000004,0.1523076923076923,122000000.0,15998000000.0,2.1819497096538543,3.271570975780487,3.238734920024872,1.511819548010826,3.115581409931183,2.3689625203609466,2.3703788602352143,2.158071628808975
0.020000000000000004,0.020000000000000004,0.416923076923077,0.020000000000000004,0.3507692307692308,0.020000000000000004,0.1523076923076923,122000000.0,17998000000.0,2.159542039632797,3.25859415769577,3.219445083141327,1.50508870780468,3.093921163082123,2.318099540472031,2.3492014741897584,2.130179624557495
0.020000000000000004,0.020000000000000004,0.416923076923077,0.020000000000000004,0.3507692307692308,0.020000000000000004,0.1523076923076923,122000000.0,19998000000.0,2.119712734222412,3.248790695667267,3.2117106223106386,1.4908291432261467,3.0844760847091677,2.292571793794632,2.353336375951767,2.11810999751091
0.020000000000000004,0.020000000000000004,0.416923076923077,0.020000000000000004,0.3507692307692308,0.020000000000000004,0.1523076923076923,122000000.0,20000000000.0,2.119712734222412,3.248790695667267,3.2117106223106386,1.4908291432261467,3.0844760847091677,2.292571793794632,2.353336375951767,2.11810999751091
0.2846153846153846,0.08615384615384615,0.15230769230769228,0.08615384615384615,0.08615384615384614,0.2846153846153846,0.02,122000000.0,1998000000.0,2.4320925033092498,4.202824497222901,4.370596466064453,1.9400046795606614,4.302697043418885,2.681145610809326,4.249093120098114,3.2433175587654115
0.2846153846153846,0.08615384615384615,0.15230769230769228,0.08615384615384615,0.08615384615384614,0.2846153846153846,0.02,122000000.0,3998000000.0,2.076821700334549,3.7054086565971374,3.8203687953948973,1.477699174284935,3.7389141798019407,2.2200940644741056,3.615814301967621,2.5471056032180788
0.2846153846153846,0.08615384615384615,0.15230769230769228,0.08615384615384615,0.08615384615384614,0.2846153846153846,0.02,122000000.0,7998000000.0,1.891442220211029,3.4312085056304933,3.5403685402870178,1.2943181160092354,3.431268219947815,2.008351728916168,3.1120812034606935,2.2128090012073516
0.2846153846153846,0.08615384615384615,0.15230769230769228,0.08615384615384615,0.08615384615384614,0.2846153846153846,0.02,122000000.0,9998000000.0,1.8545979475975036,3.388043305873871,3.4922192811965944,1.2561189100146293,3.388588171005249,1.971608601808548,3.1042093443870544,2.1625398004055025
0.2846153846153846,0.08615384615384615,0.15230769230769228,0.08615384615384615,0.08615384615384614,0.2846153846153846,0.02,122000000.0,11998000000.0,1.8285155403614044,3.3427041149139405,3.4435460424423217,1.233597647547722,3.3400316572189332,1.9440444660186769,2.9823229813575747,2.1181871938705443
0.2846153846153846,0.08615384615384615,0.15230769230769228,0.08615384615384615,0.08615384615384614,0.2846153846153846,0.02,122000000.0,13998000000.0,1.814317568540573,3.3217876982688903,3.4425625514984133,1.217736230790615,3.33246150970459,1.9233134484291077,2.908776535987854,2.1008412063121797
0.2846153846153846,0.08615384615384615,0.15230769230769228,0.08615384615384615,0.08615384615384614,0.2846153846153846,0.02,122000000.0,15998000000.0,1.8014577174186706,3.3004685139656065,3.424602253437042,1.199496255517006,3.3065865635871887,1.9088113629817962,2.835810523033142,2.068996764421463
0.2846153846153846,0.08615384615384615,0.15230769230769228,0.08615384615384615,0.08615384615384614,0.2846153846153846,0.02,122000000.0,17998000000.0,1.7945914113521575,3.2968381571769716,3.4114494347572326,1.186239524781704,3.297097589969635,1.8917563545703888,2.9133530616760255,2.0612189662456513
0.2846153846153846,0.08615384615384615,0.15230769230769228,0.08615384615384615,0.08615384615384614,0.2846153846153846,0.02,122000000.0,19998000000.0,1.7829139292240144,3.2693566823005678,3.391500132083893,1.1783065637946128,3.2777034711837767,1.8874238967895507,2.9183846521377563,2.0443639647960663
0.2846153846153846,0.08615384615384615,0.15230769230769228,0.08615384615384615,0.08615384615384614,0.2846153846153846,0.02,122000000.0,20000000000.0,1.7829139292240144,3.2693566823005678,3.391500132083893,1.1783065637946128,3.2777034711837767,1.8874238967895507,2.9183846521377563,2.0443639647960663
0.15230769230769234,0.15230769230769234,0.15230769230769234,0.020000000000000004,0.1523076923076923,0.1523076923076923,0.21846153846153848,122000000.0,1998000000.0,2.5339199709892273,4.099974973201752,4.325593562126159,2.157021000981331,4.219668741226196,2.82353538274765,3.387584445476532,3.2950553917884826
0.15230769230769234,0.15230769230769234,0.15230769230769234,0.020000000000000004,0.1523076923076923,0.1523076923076923,0.21846153846153848,122000000.0,3998000000.0,2.186211097240448,3.595683493614197,3.786005103588104,1.7111953341960906,3.6546905279159545,2.3984023427963255,2.7727165961265565,2.613777451515198
0.15230769230769234,0.15230769230769234,0.15230769230769234,0.020000000000000004,0.1523076923076923,0.1523076923076923,0.21846153846153848,122000000.0,5998000000.0,2.054989343881607,3.4026382184028625,3.5835171937942505,1.532214572429657,3.444743723869324,2.220870809555054,2.5712778687477114,2.3686629867553712
0.15230769230769234,0.15230769230769234,0.15230769230769234,0.020000000000000004,0.1523076923076923,0.1523076923076923,0.21846153846153848,122000000.0,7998000000.0,1.9812482190132141,3.336068413257599,3.5126347279548646,1.459916695356369,3.365942714214325,2.146042515039444,2.453070648908615,2.2615248548984526
0.15230769230769234,0.15230769230769234,0.15230769230769234,0.020000000000000004,0.1523076923076923,0.1523076923076923,0.21846153846153848,122000000.0,9998000000.0,1.9507944798469543,3.280669424533844,3.4658052372932433,1.4160975348949432,3.311870617866516,2.0940713024139406,2.3984735214710238,2.199525773525238
0.15230769230769234,0.15230769230769234,0.15230769230769234,0.020000000000000004,0.1523076923076923,0.1523076923076923,0.21846153846153848,122000000.0,11998000000.0,1.934104518890381,3.257737171649933,3.4334910464286805,1.4084681954979896,3.2740664505958557,2.0689848041534424,2.350614995956421,2.1711716067790987
0.15230769230769234,0.15230769230769234,0.15230769230769234,0.020000000000000004,0.1523076923076923,0.1523076923076923,0.21846153846153848,122000000.0,13998000000.0,1.9173050272464751,3.2286056542396544,3.4035066175460815,1.3851914623379706,3.248373124599457,2.0587486600875855,2.331787793636322,2.1431563210487368
0.15230769230769234,0.15230769230769234,0.15230769230769234,0.020000000000000004,0.1523076923076923,0.1523076923076923,0.21846153846153848,122000000.0,15998000000.0,1.8901945352554321,3.2109313654899596,3.3788434147834776,1.3621134024858474,3.225536794662476,2.041370598077774,2.3075132930278777,2.1124366891384123
0.15230769230769234,0.15230769230769234,0.15230769230769234,0.020000000000000004,0.1523076923076923,0.1523076923076923,0.21846153846153848,122000000.0,17998000000.0,1.8877252209186555,3.1979219722747803,3.361678593158722,1.3598522138595581,3.2102103662490844,2.026023453474045,2.289772444963455,2.0932523465156554
0.15230769230769234,0.15230769230769234,0.15230769230769234,0.020000000000000004,0.1523076923076923,0.1523076923076923,0.21846153846153848,122000000.0,19998000000.0,1.874526938199997,3.1919668245315553,3.3542837119102478,1.3537256422638893,3.2022560954093935,2.014816107749939,2.2781389963626864,2.0819371616840363
0.15230769230769234,0.15230769230769234,0.15230769230769234,0.020000000000000004,0.1523076923076923,0.1523076923076923,0.21846153846153848,122000000.0,20000000000.0,1.874526938199997,3.1919668245315553,3.3542837119102478,1.3537256422638893,3.2022560954093935,2.014816107749939,2.2781389963626864,2.0819371616840363
0.02,0.08615384615384614,0.08615384615384614,0.3507692307692308,0.15230769230769228,0.2846153846153846,0.02,122000000.0,1998000000.0,2.816116886138916,4.205559763908386,4.409740476608277,1.7414324569702149,4.296689810752869,2.635623426437378,4.2427564096450805,3.2973359203338624
0.02,0.08615384615384614,0.08615384615384614,0.3507692307692308,0.15230769230769228,0.2846153846153846,0.02,122000000.0,3998000000.0,2.3344488024711607,3.684756438732147,3.854707269668579,1.3380841314792633,3.7169684171676636,2.190849041938782,3.56771950006485,2.5844345617294313
0.02,0.08615384615384614,0.08615384615384614,0.3507692307692308,0.15230769230769228,0.2846153846153846,0.02,122000000.0,5998000000.0,2.228500865697861,3.5261197805404665,3.681611788272858,1.2244183614850044,3.537112374305725,2.06500314116478,3.2474272441864014,2.3898813211917878
0.02,0.08615384615384614,0.08615384615384614,0.3507692307692308,0.15230769230769228,0.2846153846153846,0.02,122000000.0,7998000000.0,2.219335914850235,3.4276954317092896,3.5984852743148803,1.1735613361001014,3.4442829966545103,1.998228098154068,3.0626493668556214,2.2805734872817993
0.02,0.08615384615384614,0.08615384615384614,0.3507692307692308,0.15230769230769228,0.2846153846153846,0.02,122000000.0,9998000000.0,2.1100551974773407,3.3844141793251037,3.5271875405311586,1.1386555033922194,3.3700726795196534,1.9516119992733,2.930038528442383,2.202695174217224
0.02,0.08615384615384614,0.08615384615384614,0.3507692307692308,0.15230769230769228,0.2846153846153846,0.02,122000000.0,11998000000.0,2.1153819715976714,3.349745960235596,3.4998816895484923,1.114467532336712,3.336505081653595,1.9224046242237092,2.9776049637794495,2.1703768491744997
0.02,0.08615384615384614,0.08615384615384614,0.3507692307692308,0.15230769230769228,0.2846153846153846,0.02,122000000.0,13998000000.0,2.0757455837726595,3.322114334106445,3.465932321548462,1.0958270791172982,3.3058908653259276,1.9075540208816528,2.9767658591270445,2.1360998916625977
0.02,0.08615384615384614,0.08615384615384614,0.3507692307692308,0.15230769230769228,0.2846153846153846,0.02,122000000.0,15998000000.0,2.066536560058594,3.2951931834220884,3.442949602603912,1.081524743437767,3.283546550273895,1.8915743601322175,2.8751923847198486,2.1103661811351775
0.02,0.08615384615384614,0.08615384615384614,0.3507692307692308,0.15230769230769228,0.2846153846153846,0.02,122000000.0,17998000000.0,2.0598005175590517,3.283823676109314,3.4351358675956725,1.0720234349370004,3.270437204837799,1.87545680642128,2.8573583865165713,2.0888243174552916
0.02,0.08615384615384614,0.08615384615384614,0.3507692307692308,0.15230769230769228,0.2846153846153846,0.02,122000000.0,19998000000.0,2.033238940238953,3.2704181098937988,3.416894872188568,1.0678493538498879,3.254050302505493,1.87097501039505,2.810011100769043,2.088190015554428
0.02,0.08615384615384614,0.08615384615384614,0.3507692307692308,0.15230769230769228,0.2846153846153846,0.02,122000000.0,20000000000.0,2.033238940238953,3.2704181098937988,3.416894872188568,1.0678493538498879,3.254050302505493,1.87097501039505,2.810011100769043,2.088190015554428
0.21846153846153848,0.08615384615384616,0.020000000000000004,0.08615384615384616,0.21846153846153848,0.21846153846153848,0.1523076923076923,122000000.0,1998000000.0,2.483859392404556,4.21197870016098,4.470475263595581,1.9840445309877395,4.286840405464172,2.748277552127838,3.531864192485809,3.311450572013855
0.21846153846153848,0.08615384615384616,0.020000000000000004,0.08615384615384616,0.21846153846153848,0.21846153846153848,0.1523076923076923,122000000.0,3998000000.0,2.129313428401947,3.68131432056427,3.918144130706787,1.5328105941414834,3.6929117822647095,2.2971844804286956,2.894515783786774,2.5916495156288146
0.21846153846153848,0.08615384615384616,0.020000000000000004,0.08615384615384616,0.21846153846153848,0.21846153846153848,0.1523076923076923,122000000.0,7998000000.0,1.9286923491954804,3.4285026931762697,3.6306881284713746,1.3123457437753678,3.397594096660614,2.055388284921646,2.563562754392624,2.252595762014389
0.21846153846153848,0.08615384615384616,0.020000000000000004,0.08615384615384616,0.21846153846153848,0.21846153846153848,0.1523076923076923,122000000.0,9998000000.0,1.9016742289066315,3.37296692609787,3.590386712551117,1.2849166584014893,3.348268530368805,2.0314217245578767,2.502919670343399,2.206507328748703
0.21846153846153848,0.08615384615384616,0.020000000000000004,0.08615384615384616,0.21846153846153848,0.21846153846153848,0.1523076923076923,122000000.0,11998000000.0,1.8708491611480713,3.3372643780708313,3.552543239593506,1.2526181900501252,3.303613567352295,1.9936836767196655,2.465184029340744,2.1598339653015137
0.21846153846153848,0.08615384615384616,0.020000000000000004,0.08615384615384616,0.21846153846153848,0.21846153846153848,0.1523076923076923,122000000.0,13998000000.0,1.8568478631973266,3.3033833599090574,3.525426061153412,1.2372392490506172,3.2845179772377016,1.9701828825473786,2.4263841915130615,2.12835986495018
0.21846153846153848,0.08615384615384616,0.020000000000000004,0.08615384615384616,0.21846153846153848,0.21846153846153848,0.1523076923076923,122000000.0,15998000000.0,1.839871689081192,3.2821208214759827,3.503055272102356,1.2255737644433975,3.262299771308899,1.957994511127472,2.3907338762283326,2.102996336221695
0.21846153846153848,0.08615384615384616,0.020000000000000004,0.08615384615384616,0.21846153846153848,0.21846153846153848,0.1523076923076923,122000000.0,17998000000.0,1.8364843654632568,3.277356512546539,3.500480580329895,1.2194505938887596,3.2485995149612426,1.9460708212852478,2.3701011431217194,2.0908149921894075
0.21846153846153848,0.08615384615384616,0.020000000000000004,0.08615384615384616,0.21846153846153848,0.21846153846153848,0.1523076923076923,122000000.0,19998000000.0,1.8315458619594573,3.254510407447815,3.4827319502830507,1.2099156451225281,3.2334640765190126,1.9441016519069672,2.3663147509098055,2.0797529816627502
0.21846153846153848,0.08615384615384616,0.020000000000000004,0.08615384615384616,0.21846153846153848,0.21846153846153848,0.1523076923076923,122000000.0,20000000000.0,1.8315458619594573,3.254510407447815,3.4827319502830507,1.2099156451225281,3.2334640765190126,1.9441016519069672,2.3663147509098055,2.0797529816627502
0.08615384615384615,0.08615384615384615,0.08615384615384615,0.3507692307692308,0.15230769230769228,0.02,0.21846153846153843,122000000.0,1998000000.0,2.6950875973701476,4.173494889736175,4.4349529790878295,1.8451286274194718,4.286710777282715,2.979893641471863,3.4152381300926207,3.366829957962036
0.08615384615384615,0.08615384615384615,0.08615384615384615,0.3507692307692308,0.15230769230769228,0.02,0.21846153846153843,122000000.0,3998000000.0,2.2600167417526245,3.7062902879714965,3.887196907997131,1.4194639167189598,3.7354646587371825,2.5248573029041292,2.8010633611679077,2.659534695148468
0.08615384615384615,0.08615384615384615,0.08615384615384615,0.3507692307692308,0.15230769230769228,0.02,0.21846153846153843,122000000.0,5998000000.0,2.13084609746933,3.5289770221710204,3.691777620315552,1.2892568629980088,3.527982873916626,2.339886212348938,2.6083769750595094,2.4289837646484376
0.08615384615384615,0.08615384615384615,0.08615384615384615,0.3507692307692308,0.15230769230769228,0.02,0.21846153846153843,122000000.0,7998000000.0,2.067056903839111,3.4439437007904052,3.635843198299408,1.2334989401698113,3.4475971174240114,2.270767955780029,2.487746399641037,2.3447915267944337
0.08615384615384615,0.08615384615384615,0.08615384615384615,0.3507692307692308,0.15230769230769228,0.02,0.21846153846153843,122000000.0,9998000000.0,2.0255470728874205,3.38574898481369,3.5542465806007386,1.2001674744486808,3.3772734951972962,2.233509817123413,2.432750744819641,2.2578052139282225
0.08615384615384615,0.08615384615384615,0.08615384615384615,0.3507692307692308,0.15230769230769228,0.02,0.21846153846153843,122000000.0,11998000000.0,2.0084035491943357,3.352753553390503,3.514034595489502,1.1714839801192283,3.334984083175659,2.202287704944611,2.377922886610031,2.220985301733017
0.08615384615384615,0.08615384615384615,0.08615384615384615,0.3507692307692308,0.15230769230769228,0.02,0.21846153846153843,122000000.0,13998000000.0,1.9840814721584321,3.3240038418769835,3.487795445919037,1.1480881121754647,3.3127180695533753,2.1750912296772005,2.3560992240905763,2.1877116072177887
0.08615384615384615,0.08615384615384615,0.08615384615384615,0.3507692307692308,0.15230769230769228,0.02,0.21846153846153843,122000000.0,17998000000.0,1.9514714062213898,3.282886383533478,3.456348204612732,1.1309912863373757,3.2658450269699095,2.1423619663715363,2.314252998828888,2.14742768406868
0.08615384615384615,0.08615384615384615,0.08615384615384615,0.3507692307692308,0.15230769230769228,0.02,0.21846153846153843,122000000.0,19998000000.0,1.9401723849773407,3.278419041633606,3.4398214530944826,1.1177668026089669,3.2598530220985413,2.14688285946846,2.29788746714592,2.132425467967987
0.08615384615384615,0.08615384615384615,0.08615384615384615,0.3507692307692308,0.15230769230769228,0.02,0.21846153846153843,122000000.0,20000000000.0,1.9401723849773407,3.278419041633606,3.4398214530944826,1.1177668026089669,3.2598530220985413,2.14688285946846,2.29788746714592,2.132425467967987
0.02,0.2846153846153846,0.21846153846153843,0.2846153846153846,0.02,0.15230769230769228,0.02,122000000.0,1998000000.0,2.9071160054206846,4.0803821706771854,4.35141987323761,1.867591376900673,4.354031610488891,2.8283602380752564,4.271819307804107,3.3723836612701414
0.02,0.2846153846153846,0.21846153846153843,0.2846153846153846,0.02,0.15230769230769228,0.02,122000000.0,3998000000.0,2.413272305727005,3.5890293645858766,3.819552240371704,1.437925867140293,3.7755370116233826,2.3405493462085722,3.613204734325409,2.640337398052216
0.02,0.2846153846153846,0.21846153846153843,0.2846153846153846,0.02,0.15230769230769228,0.02,122000000.0,5998000000.0,2.271224855184555,3.392457458972931,3.59527450799942,1.284372707605362,3.5508392882347106,2.1799251663684847,3.222410702705383,2.384871908426285
0.02,0.2846153846153846,0.21846153846153843,0.2846153846153846,0.02,0.15230769230769228,0.02,122000000.0,7998000000.0,2.2634748363494874,3.3222449612617493,3.5409310150146482,1.245875644981861,3.4847100615501403,2.118816977739334,3.0966951942443846,2.3137517774105074
0.02,0.2846153846153846,0.21846153846153843,0.2846153846153846,0.02,0.15230769230769228,0.02,122000000.0,9998000000.0,2.1447821712493895,3.2518479371070863,3.4724118947982787,1.1889052325487137,3.414304800033569,2.050776584148407,2.92115807056427,2.2333299946784972
0.02,0.2846153846153846,0.21846153846153843,0.2846153846153846,0.02,0.15230769230769228,0.02,122000000.0,11998000000.0,2.15541774392128,3.2296429824829103,3.4445781302452088,1.161324281692505,3.3821371507644655,2.022321869134903,2.9562008595466613,2.191303426027298
0.02,0.2846153846153846,0.21846153846153843,0.2846153846153846,0.02,0.15230769230769228,0.02,122000000.0,13998000000.0,2.1143775165081022,3.199993152618408,3.403193254470825,1.142210347056389,3.3393811488151552,1.9986085712909698,2.9503863978385927,2.153294516801834
0.02,0.2846153846153846,0.21846153846153843,0.2846153846153846,0.02,0.15230769230769228,0.02,122000000.0,15998000000.0,2.0979325568675993,3.1706826734542846,3.3768918442726137,1.1321765863895417,3.314394648075104,1.976339362859726,2.8599308633804323,2.124999704360962
0.02,0.2846153846153846,0.21846153846153843,0.2846153846153846,0.02,0.15230769230769228,0.02,122000000.0,19998000000.0,2.076351786851883,3.1521235799789427,3.347901155948639,1.1157129991054535,3.2856032752990725,1.9639857304096222,2.8420216155052187,2.1052459144592284
0.02,0.2846153846153846,0.21846153846153843,0.2846153846153846,0.02,0.15230769230769228,0.02,122000000.0,20000000000.0,2.076351786851883,3.1521235799789427,3.347901155948639,1.1157129991054535,3.2856032752990725,1.9639857304096222,2.8420216155052187,2.1052459144592284
0.1523076923076923,0.020000000000000004,0.020000000000000004,0.35076923076923083,0.1523076923076923,0.08615384615384616,0.21846153846153848,122000000.0,1998000000.0,2.5418844282627107,4.345768535137177,4.559679670333862,1.79861636698246,4.365421612262725,2.797593698501587,3.4176056432724,3.385270791053772
0.1523076923076923,0.020000000000000004,0.020000000000000004,0.35076923076923083,0.1523076923076923,0.08615384615384616,0.21846153846153848,122000000.0,3998000000.0,2.181893538236618,3.8535335564613344,4.016614272594452,1.3960105165839196,3.801518406867981,2.3734687054157257,2.8091939759254454,2.6855916500091555
0.1523076923076923,0.020000000000000004,0.020000000000000004,0.35076923076923083,0.1523076923076923,0.08615384615384616,0.21846153846153848,122000000.0,5998000000.0,2.0641131913661956,3.679154064655304,3.817232320308685,1.2690171006321906,3.611979329586029,2.2220534145832063,2.624338690042496,2.4546586751937864
0.1523076923076923,0.020000000000000004,0.020000000000000004,0.35076923076923083,0.1523076923076923,0.08615384615384616,0.21846153846153848,122000000.0,7998000000.0,1.979317376613617,3.586261010169983,3.7347226119041443,1.2037846925854683,3.49839337348938,2.1362091851234437,2.4857790875434875,2.3317957174777986
0.1523076923076923,0.020000000000000004,0.020000000000000004,0.35076923076923083,0.1523076923076923,0.08615384615384616,0.21846153846153848,122000000.0,9998000000.0,1.949780386686325,3.518765799999237,3.660268545150757,1.1702833119034768,3.4285598587989807,2.0931234776973726,2.4308638203144075,2.2573429560661316
0.1523076923076923,0.020000000000000004,0.020000000000000004,0.35076923076923083,0.1523076923076923,0.08615384615384616,0.21846153846153848,122000000.0,11998000000.0,1.9309351754188537,3.4784630131721497,3.639217240810394,1.1489361599087715,3.391711094379425,2.062549788951874,2.3820339274406432,2.2237913572788237
0.1523076923076923,0.020000000000000004,0.020000000000000004,0.35076923076923083,0.1523076923076923,0.08615384615384616,0.21846153846153848,122000000.0,13998000000.0,1.9094317317008973,3.4551312017440794,3.5964362525939944,1.1291502130031585,3.361781497001648,2.052220866680145,2.356779956817627,2.1915510940551757
0.1523076923076923,0.020000000000000004,0.020000000000000004,0.35076923076923083,0.1523076923076923,0.08615384615384616,0.21846153846153848,122000000.0,15998000000.0,1.8871301007270813,3.4382037353515624,3.587140235900879,1.1140531182289124,3.347141001224518,2.040317610502243,2.33261421084404,2.165392208099365
0.1523076923076923,0.020000000000000004,0.020000000000000004,0.35076923076923083,0.1523076923076923,0.08615384615384616,0.21846153846153848,122000000.0,17998000000.0,1.8791746962070466,3.4139979386329653,3.5712247610092165,1.1039429435133934,3.328352494239807,2.012001814842224,2.3133796083927156,2.144868286848068
0.1523076923076923,0.020000000000000004,0.020000000000000004,0.35076923076923083,0.1523076923076923,0.08615384615384616,0.21846153846153848,122000000.0,19998000000.0,1.868738362789154,3.4062438654899596,3.5595934104919436,1.1015357425808907,3.3136191725730897,1.9996734130382539,2.304134865999222,2.1319042479991914
0.1523076923076923,0.020000000000000004,0.020000000000000004,0.35076923076923083,0.1523076923076923,0.08615384615384616,0.21846153846153848,122000000.0,20000000000.0,1.868738362789154,3.4062438654899596,3.5595934104919436,1.1015357425808907,3.3136191725730897,1.9996734130382539,2.304134865999222,2.1319042479991914
0.020000000000000004,0.1523076923076923,0.41692307692307695,0.21846153846153848,0.020000000000000004,0.1523076923076923,0.020000000000000004,122000000.0,1998000000.0,2.8656218910217284,4.0872476863861085,4.211569948196411,1.855845302939415,4.239554152488709,2.787762448787689,4.1953862762451175,3.2340157437324524
0.020000000000000004,0.1523076923076923,0.41692307692307695,0.21846153846153848,0.020000000000000004,0.1523076923076923,0.020000000000000004,122000000.0,3998000000.0,2.3650064527988435,3.5726435875892637,3.6579874420166014,1.4260484665632247,3.6373634815216063,2.2975768411159514,3.5180513143539427,2.5294988346099854
0.020000000000000004,0.1523076923076923,0.41692307692307695,0.21846153846153848,0.020000000000000004,0.1523076923076923,0.020000000000000004,122000000.0,5998000000.0,2.246104052066803,3.4055465388298036,3.4680842971801757,1.2928351032733918,3.449374177455902,2.159715939760208,3.1964992237091066,2.3098410356044767
0.020000000000000004,0.1523076923076923,0.41692307692307695,0.21846153846153848,0.020000000000000004,0.1523076923076923,0.020000000000000004,122000000.0,7998000000.0,2.225636010169983,3.3186780071258544,3.3998963928222654,1.244278544485569,3.369440321922302,2.08976131439209,3.01424126625061,2.2161754143238066
0.020000000000000004,0.1523076923076923,0.41692307692307695,0.21846153846153848,0.020000000000000004,0.1523076923076923,0.020000000000000004,122000000.0,9998000000.0,2.1234014320373533,3.278965814113617,3.3505940556526186,1.1975008112192154,3.323295238018036,2.033647675514221,2.8982362222671507,2.151143833398819
0.020000000000000004,0.1523076923076923,0.41692307692307695,0.21846153846153848,0.020000000000000004,0.1523076923076923,0.020000000000000004,122000000.0,11998000000.0,2.1354629230499267,3.25298193693161,3.320173327922821,1.1731143015623093,3.2906239938735964,2.009487580060959,2.9193070697784425,2.124782384634018
0.020000000000000004,0.1523076923076923,0.41692307692307695,0.21846153846153848,0.020000000000000004,0.1523076923076923,0.020000000000000004,122000000.0,13998000000.0,2.0981789195537566,3.226162118911743,3.289234342575073,1.1605619063973427,3.2561266875267028,1.9893028247356415,2.922217695713043,2.0924479293823244
0.020000000000000004,0.1523076923076923,0.41692307692307695,0.21846153846153848,0.020000000000000004,0.1523076923076923,0.020000000000000004,122000000.0,15998000000.0,2.090009891986847,3.202754693031311,3.2749563670158386,1.1544092297554016,3.2424045252799987,1.9724416637420654,2.850785024166107,2.0780028700828552
0.020000000000000004,0.1523076923076923,0.41692307692307695,0.21846153846153848,0.020000000000000004,0.1523076923076923,0.020000000000000004,122000000.0,17998000000.0,2.0871283447742464,3.191226453781128,3.26069783449173,1.1363723164796828,3.2308740639686584,1.962159116268158,2.8248432302474975,2.057564388513565
0.020000000000000004,0.1523076923076923,0.41692307692307695,0.21846153846153848,0.020000000000000004,0.1523076923076923,0.020000000000000004,122000000.0,19998000000.0,2.0614694428443907,3.182559549808502,3.255501425266266,1.1378537932038306,3.217334558963776,1.9657823753356933,2.802522897720337,2.052795172929764
0.020000000000000004,0.1523076923076923,0.41692307692307695,0.21846153846153848,0.020000000000000004,0.1523076923076923,0.020000000000000004,122000000.0,20000000000.0,2.0614694428443907,3.182559549808502,3.255501425266266,1.1378537932038306,3.217334558963776,1.9657823753356933,2.802522897720337,2.052795172929764
0.1523076923076923,0.020000000000000004,0.21846153846153848,0.08615384615384615,0.1523076923076923,0.1523076923076923,0.21846153846153848,122000000.0,1998000000.0,2.5396441626548767,4.2532507514953615,4.3306647348403935,2.0221197497844696,4.24301189661026,2.7959884667396544,3.412503218650818,3.2822117805480957
0.1523076923076923,0.020000000000000004,0.21846153846153848,0.08615384615384615,0.1523076923076923,0.1523076923076923,0.21846153846153848,122000000.0,3998000000.0,2.176507912874222,3.750986309051514,3.766972713470459,1.5516884854435922,3.661552357673645,2.360601764917374,2.784746069908142,2.5887292504310606
0.1523076923076923,0.020000000000000004,0.21846153846153848,0.08615384615384615,0.1523076923076923,0.1523076923076923,0.21846153846153848,122000000.0,5998000000.0,2.0509482717514036,3.5600459003448486,3.573533854484558,1.4000951755046844,3.457340760231018,2.1923936307430267,2.5883382880687713,2.3501146912574766
0.1523076923076923,0.020000000000000004,0.21846153846153848,0.08615384615384615,0.1523076923076923,0.1523076923076923,0.21846153846153848,122000000.0,7998000000.0,1.9757743930816651,3.4856077241897583,3.4888087630271913,1.3435286769270898,3.369724326133728,2.1169537699222563,2.462882558107376,2.24667001247406
0.1523076923076923,0.020000000000000004,0.21846153846153848,0.08615384615384615,0.1523076923076923,0.1523076923076923,0.21846153846153848,122000000.0,9998000000.0,1.9455266988277435,3.429230873584747,3.4358032083511354,1.3088645988702774,3.3143919587135313,2.070200825929642,2.4088085782527924,2.19340322971344
0.1523076923076923,0.020000000000000004,0.21846153846153848,0.08615384615384615,0.1523076923076923,0.1523076923076923,0.21846153846153848,122000000.0,11998000000.0,1.9248896503448487,3.386207482814789,3.3986769676208497,1.2909995925426483,3.270441024303436,2.0401615369319916,2.355551792383194,2.142065888643265
0.1523076923076923,0.020000000000000004,0.21846153846153848,0.08615384615384615,0.1523076923076923,0.1523076923076923,0.21846153846153848,122000000.0,13998000000.0,1.9072801661491394,3.3661987018585204,3.367052855491638,1.2667496612668037,3.244645164012909,2.0295344614982604,2.3369654858112336,2.115598341226578
0.1523076923076923,0.020000000000000004,0.21846153846153848,0.08615384615384615,0.1523076923076923,0.1523076923076923,0.21846153846153848,122000000.0,15998000000.0,1.8872762465476989,3.350925130844116,3.3569379544258116,1.2501874300837517,3.231087009906769,2.0171293950080873,2.317972414493561,2.096260392665863
0.1523076923076923,0.020000000000000004,0.21846153846153848,0.08615384615384615,0.1523076923076923,0.1523076923076923,0.21846153846153848,122000000.0,17998000000.0,1.882419376373291,3.3279244780540465,3.344462745189667,1.2454122695326806,3.214814579486847,2.0016133010387422,2.2995670318603514,2.0764005827903746
0.1523076923076923,0.020000000000000004,0.21846153846153848,0.08615384615384615,0.1523076923076923,0.1523076923076923,0.21846153846153848,122000000.0,19998000000.0,1.8693954384326934,3.324316725730896,3.3429669165611267,1.2296991848945618,3.2093723464012145,1.9911678540706634,2.2871924006938933,2.0695202422142027
0.1523076923076923,0.020000000000000004,0.21846153846153848,0.08615384615384615,0.1523076923076923,0.1523076923076923,0.21846153846153848,122000000.0,20000000000.0,1.8693954384326934,3.324316725730896,3.3429669165611267,1.2296991848945618,3.2093723464012145,1.9911678540706634,2.2871924006938933,2.0695202422142027
0.21846153846153848,0.08615384615384614,0.15230769230769234,0.08615384615384614,0.1523076923076923,0.1523076923076923,0.15230769230769228,122000000.0,1998000000.0,2.4749995386600494,4.15858295917511,4.330749225616455,1.9918988239765167,4.227359490394592,2.7982294225692748,3.500411195755005,3.254849019050598
0.21846153846153848,0.08615384615384614,0.15230769230769234,0.08615384615384614,0.1523076923076923,0.1523076923076923,0.15230769230769228,122000000.0,3998000000.0,2.1385843098163604,3.6728487110137937,3.809842710494995,1.572328543663025,3.6886529302597046,2.357406873703003,2.9055642819404603,2.60131737947464
0.21846153846153848,0.08615384615384614,0.15230769230769234,0.08615384615384614,0.1523076923076923,0.1523076923076923,0.15230769230769228,122000000.0,5998000000.0,1.994072197675705,3.4942457103729248,3.6075687527656557,1.4020497435331345,3.477758548259735,2.186223570108414,2.6913292527198793,2.3485285687446593
0.21846153846153848,0.08615384615384614,0.15230769230769234,0.08615384615384614,0.1523076923076923,0.1523076923076923,0.15230769230769228,122000000.0,7998000000.0,1.936671757698059,3.389683141708374,3.5270999312400817,1.3403143268823623,3.3857456636428833,2.103210119009018,2.5636450958251955,2.2422497296333312
0.21846153846153848,0.08615384615384614,0.15230769230769234,0.08615384615384614,0.1523076923076923,0.1523076923076923,0.15230769230769228,122000000.0,9998000000.0,1.8968113613128663,3.3392162537574768,3.475444207191467,1.3054235422611236,3.323813943862915,2.070588401556015,2.4838563990592957,2.183260017633438
0.21846153846153848,0.08615384615384614,0.15230769230769234,0.08615384615384614,0.1523076923076923,0.1523076923076923,0.15230769230769228,122000000.0,11998000000.0,1.880885419845581,3.3209560704231262,3.446567757129669,1.2796225529909133,3.2945482325553894,2.03749890089035,2.4401782751083374,2.141118063926697
0.21846153846153848,0.08615384615384614,0.15230769230769234,0.08615384615384614,0.1523076923076923,0.1523076923076923,0.15230769230769228,122000000.0,15998000000.0,1.845687779188156,3.2771054911613464,3.3872765374183653,1.2430005323886872,3.2392508792877197,2.002931101322174,2.396257517337799,2.0920923054218292
0.21846153846153848,0.08615384615384614,0.15230769230769234,0.08615384615384614,0.1523076923076923,0.1523076923076923,0.15230769230769228,122000000.0,17998000000.0,1.8369599604606628,3.26096209526062,3.371039106845856,1.2385642847418785,3.2274049282073975,1.9962763214111328,2.3752844500541688,2.0824991559982298
0.21846153846153848,0.08615384615384614,0.15230769230769234,0.08615384615384614,0.1523076923076923,0.1523076923076923,0.15230769230769228,122000000.0,19998000000.0,1.824503642320633,3.247227530479431,3.3524595952033995,1.2253712493181228,3.210307283401489,1.9819626414775848,2.3682878124713898,2.0568033552169798
0.21846153846153848,0.08615384615384614,0.15230769230769234,0.08615384615384614,0.1523076923076923,0.1523076923076923,0.15230769230769228,122000000.0,20000000000.0,1.824503642320633,3.247227530479431,3.3524595952033995,1.2253712493181228,3.210307283401489,1.9819626414775848,2.3682878124713898,2.0568033552169798
0.08615384615384616,0.21846153846153848,0.08615384615384616,0.08615384615384615,0.3507692307692308,0.020000000000000004,0.1523076923076923,122000000.0,1998000000.0,2.723927526473999,4.044510488510132,4.315736107826233,2.306097248792648,4.153198499679565,3.281452078819275,3.511118776798248,3.3841635513305666
0.08615384615384616,0.21846153846153848,0.08615384615384616,0.08615384615384615,0.3507692307692308,0.020000000000000004,0.1523076923076923,122000000.0,3998000000.0,2.255264984369278,3.5183340525627136,3.7577065086364745,1.635755602121353,3.562859172821045,2.6125776410102843,2.859711365699768,2.6026067113876343
0.08615384615384616,0.21846153846153848,0.08615384615384616,0.08615384615384615,0.3507692307692308,0.020000000000000004,0.1523076923076923,122000000.0,5998000000.0,2.130699065923691,3.3539257979393007,3.577100701332092,1.4782252651453018,3.3706856560707092,2.4704862952232363,2.6655719125270845,2.374462547302246
0.08615384615384616,0.21846153846153848,0.08615384615384616,0.08615384615384615,0.3507692307692308,0.020000000000000004,0.1523076923076923,122000000.0,7998000000.0,2.07250723361969,3.2919526076316834,3.5048945474624635,1.4359551253914833,3.2950181365013123,2.3778698551654815,2.5638486659526825,2.2933090281486512
0.08615384615384616,0.21846153846153848,0.08615384615384616,0.08615384615384615,0.3507692307692308,0.020000000000000004,0.1523076923076923,122000000.0,9998000000.0,2.029369682073593,3.2313325428962707,3.4500650143623353,1.3932453122735025,3.235173029899597,2.336870858669281,2.472382001876831,2.231869819164276
0.08615384615384616,0.21846153846153848,0.08615384615384616,0.08615384615384615,0.3507692307692308,0.020000000000000004,0.1523076923076923,122000000.0,11998000000.0,2.018507159948349,3.210278582572937,3.4194169855117797,1.3866239088773726,3.200427691936493,2.3377487480640413,2.426479558944702,2.2060018134117128
0.08615384615384616,0.21846153846153848,0.08615384615384616,0.08615384615384615,0.3507692307692308,0.020000000000000004,0.1523076923076923,122000000.0,13998000000.0,1.9936983931064605,3.18044668674469,3.393808581829071,1.344870027899742,3.177897753715515,2.2758241295814514,2.410946455001831,2.15752947807312
0.08615384615384616,0.21846153846153848,0.08615384615384616,0.08615384615384615,0.3507692307692308,0.020000000000000004,0.1523076923076923,122000000.0,15998000000.0,1.967224472761154,3.159507830142975,3.371831896305084,1.3274749791622162,3.159334182739258,2.29312980055809,2.364497952461243,2.1359683573246
0.08615384615384616,0.21846153846153848,0.08615384615384616,0.08615384615384615,0.3507692307692308,0.020000000000000004,0.1523076923076923,122000000.0,17998000000.0,1.9666878628730773,3.144532473087311,3.3545210003852843,1.3156534013152124,3.1400198841094973,2.2525015473365784,2.34874382853508,2.111280189752579
0.08615384615384616,0.21846153846153848,0.08615384615384616,0.08615384615384615,0.3507692307692308,0.020000000000000004,0.1523076923076923,122000000.0,19998000000.0,1.9496466946601867,3.1385640931129455,3.3548525738716126,1.2990702432394028,3.1302914381027223,2.2302887415885926,2.3538761365413667,2.1008488833904266
0.08615384615384616,0.21846153846153848,0.08615384615384616,0.08615384615384615,0.3507692307692308,0.020000000000000004,0.1523076923076923,122000000.0,20000000000.0,1.9496466946601867,3.1385640931129455,3.3548525738716126,1.2990702432394028,3.1302914381027223,2.2302887415885926,2.3538761365413667,2.1008488833904266
0.1523076923076923,0.08615384615384616,0.020000000000000004,0.020000000000000004,0.35076923076923083,0.08615384615384615,0.28461538461538466,122000000.0,1998000000.0,2.566250002384186,4.126896786689758,4.402705550193787,2.3418197667598726,4.180367705821991,2.99619535446167,3.283635885715485,3.3594936871528627
0.1523076923076923,0.08615384615384616,0.020000000000000004,0.020000000000000004,0.35076923076923083,0.08615384615384615,0.28461538461538466,122000000.0,3998000000.0,2.1890311360359194,3.6236432671546934,3.854721472263336,1.7406383258104325,3.6039446568489075,2.504142357110977,2.708493883609772,2.624697229862213
0.1523076923076923,0.08615384615384616,0.020000000000000004,0.020000000000000004,0.35076923076923083,0.08615384615384615,0.28461538461538466,122000000.0,5998000000.0,2.065819058418274,3.4414629793167113,3.6591406941413878,1.627080796957016,3.40359703540802,2.3422229611873626,2.5005339229106904,2.416304950714111
0.1523076923076923,0.08615384615384616,0.020000000000000004,0.020000000000000004,0.35076923076923083,0.08615384615384615,0.28461538461538466,122000000.0,7998000000.0,1.9941857647895813,3.3896688055992126,3.5957777166366576,1.4962588781118393,3.32889972448349,2.257663270235062,2.393798804283142,2.302193117141724
0.1523076923076923,0.08615384615384616,0.020000000000000004,0.020000000000000004,0.35076923076923083,0.08615384615384615,0.28461538461538466,122000000.0,9998000000.0,1.965896294116974,3.3244827079772947,3.5480348682403564,1.4891765707731246,3.27947594165802,2.2081613504886626,2.3409715914726257,2.23800595164299
0.1523076923076923,0.08615384615384616,0.020000000000000004,0.020000000000000004,0.35076923076923083,0.08615384615384615,0.28461538461538466,122000000.0,11998000000.0,1.9508948159217834,3.2972201347351073,3.514473173618317,1.453496501147747,3.247193057537079,2.1852020704746247,2.3007743620872496,2.213456118106842
0.1523076923076923,0.08615384615384616,0.020000000000000004,0.020000000000000004,0.35076923076923083,0.08615384615384615,0.28461538461538466,122000000.0,13998000000.0,1.9270918464660645,3.2683165764808653,3.4812543320655824,1.4303595846891404,3.2134506201744077,2.1653700292110445,2.279551819562912,2.166114488840103
0.1523076923076923,0.08615384615384616,0.020000000000000004,0.020000000000000004,0.35076923076923083,0.08615384615384615,0.28461538461538466,122000000.0,15998000000.0,1.901916606426239,3.2510218906402586,3.4572908663749695,1.419722052514553,3.193842031955719,2.139845082759857,2.258128961324692,2.1476406407356263
0.1523076923076923,0.08615384615384616,0.020000000000000004,0.020000000000000004,0.35076923076923083,0.08615384615384615,0.28461538461538466,122000000.0,17998000000.0,1.9040937006473542,3.248510298728943,3.4543322920799255,1.4355235397815704,3.185919077396393,2.1384657537937164,2.242835124731064,2.136266757249832
0.1523076923076923,0.08615384615384616,0.020000000000000004,0.020000000000000004,0.35076923076923083,0.08615384615384615,0.28461538461538466,122000000.0,19998000000.0,1.8861100828647615,3.2358041191101075,3.4391987657547,1.401946873664856,3.1712301540374757,2.114426999092102,2.2254003155231477,2.1239827048778532
0.1523076923076923,0.08615384615384616,0.020000000000000004,0.020000000000000004,0.35076923076923083,0.08615384615384615,0.28461538461538466,122000000.0,20000000000.0,1.8861100828647615,3.2358041191101075,3.4391987657547,1.401946873664856,3.1712301540374757,2.114426999092102,2.2254003155231477,2.1239827048778532
0.21846153846153843,0.02,0.2846153846153846,0.15230769230769228,0.02,0.02,0.2846153846153846,122000000.0,1998000000.0,2.4772023868560793,4.266800675392151,4.3159884834289555,1.9703783810138702,4.321869683265686,3.029600999355316,3.2775188541412352,3.310558409690857
0.21846153846153843,0.02,0.2846153846153846,0.15230769230769228,0.02,0.02,0.2846153846153846,122000000.0,3998000000.0,2.1547233963012697,3.788663914203644,3.8028684067726135,1.574617257118225,3.7754975819587706,2.567869280576706,2.753338489532471,2.661246984004974
0.21846153846153843,0.02,0.2846153846153846,0.15230769230769228,0.02,0.02,0.2846153846153846,122000000.0,5998000000.0,2.000599639415741,3.594628703594208,3.579691548347473,1.3971133634448052,3.5323553824424745,2.4001984012126925,2.5092290449142456,2.3912254881858828
0.21846153846153843,0.02,0.2846153846153846,0.15230769230769228,0.02,0.02,0.2846153846153846,122000000.0,7998000000.0,1.9488180768489838,3.5243163394927977,3.5081842947006225,1.3352614137530328,3.458530139923096,2.3224769294261933,2.4067746245861055,2.2973323321342467
0.21846153846153843,0.02,0.2846153846153846,0.15230769230769228,0.02,0.02,0.2846153846153846,122000000.0,9998000000.0,1.9082784640789032,3.470535976886749,3.4606757187843322,1.2960707730054855,3.3993407845497132,2.2700290167331696,2.3521917617321013,2.235963966846466
0.21846153846153843,0.02,0.2846153846153846,0.15230769230769228,0.02,0.02,0.2846153846153846,122000000.0,11998000000.0,1.8915515506267548,3.429926009178162,3.429811556339264,1.2662415674328804,3.363887050151825,2.2278934371471406,2.3074488997459413,2.1992622673511506
0.21846153846153843,0.02,0.2846153846153846,0.15230769230769228,0.02,0.02,0.2846153846153846,122000000.0,13998000000.0,1.877625550031662,3.400172154903412,3.397036621570587,1.2511955761909486,3.3367544627189636,2.243325935602188,2.28946261882782,2.173142721652985
0.21846153846153843,0.02,0.2846153846153846,0.15230769230769228,0.02,0.02,0.2846153846153846,122000000.0,15998000000.0,1.8544872677326203,3.3881433844566344,3.3789559745788575,1.2318234238028527,3.3184293794631956,2.204701460599899,2.270289598703384,2.1451760280132293
0.21846153846153843,0.02,0.2846153846153846,0.15230769230769228,0.02,0.02,0.2846153846153846,122000000.0,17998000000.0,1.8492514085769653,3.378126585483551,3.3637483072280885,1.2249149933457375,3.308262150287628,2.1865034282207487,2.248370345830917,2.1326792526245115
0.21846153846153843,0.02,0.2846153846153846,0.15230769230769228,0.02,0.02,0.2846153846153846,122000000.0,19998000000.0,1.8392341816425324,3.362899384498596,3.35962730884552,1.2118075853586197,3.2945815753936767,2.164513832330704,2.236994001865387,2.12053820848465
0.21846153846153843,0.02,0.2846153846153846,0.15230769230769228,0.02,0.02,0.2846153846153846,122000000.0,20000000000.0,1.8392341816425324,3.362899384498596,3.35962730884552,1.2118075853586197,3.2945815753936767,2.164513832330704,2.236994001865387,2.12053820848465
0.2846153846153846,0.08615384615384615,0.15230769230769228,0.08615384615384615,0.15230769230769228,0.02,0.21846153846153843,122000000.0,1998000000.0,2.4852304327487946,4.154123046398163,4.36233304977417,2.1784681874513625,4.242526156902313,3.1435110068321226,3.4059705424308775,3.358583242893219
0.2846153846153846,0.08615384615384615,0.15230769230769228,0.08615384615384615,0.15230769230769228,0.02,0.21846153846153843,122000000.0,3998000000.0,2.1045417737960816,3.6606494617462157,3.7980527901649475,1.6463364553451538,3.6714353513717652,2.63251793384552,2.7779990077018737,2.6385053539276124
0.2846153846153846,0.08615384615384615,0.15230769230769228,0.08615384615384615,0.15230769230769228,0.02,0.21846153846153843,122000000.0,5998000000.0,1.9805086410045625,3.485408353805542,3.609467706680298,1.487949070930481,3.4746151971817016,2.4346235728263856,2.5926807272434234,2.398308458328247
0.2846153846153846,0.08615384615384615,0.15230769230769228,0.08615384615384615,0.15230769230769228,0.02,0.21846153846153843,122000000.0,7998000000.0,1.918793499469757,3.3999245715141297,3.5447982025146483,1.4100695070624352,3.3943891620635984,2.3477690517902374,2.4691106164455414,2.302291626930237
0.2846153846153846,0.08615384615384615,0.15230769230769228,0.08615384615384615,0.15230769230769228,0.02,0.21846153846153843,122000000.0,9998000000.0,1.8810331630706787,3.3483231616020204,3.491129493713379,1.3624304550886155,3.3322318029403686,2.3101125347614286,2.4113657581806183,2.2324107563495637
0.2846153846153846,0.08615384615384615,0.15230769230769228,0.08615384615384615,0.15230769230769228,0.02,0.21846153846153843,122000000.0,11998000000.0,1.8668546056747437,3.3215284729003907,3.4533474016189576,1.3314346671104431,3.2941522884368895,2.2730245077610016,2.3616061556339263,2.1960878229141234
0.2846153846153846,0.08615384615384615,0.15230769230769228,0.08615384615384615,0.15230769230769228,0.02,0.21846153846153843,122000000.0,13998000000.0,1.8439903163909912,3.2888409209251406,3.426859962940216,1.31433992177248,3.2728793358802797,2.2575784301757813,2.3423086845874788,2.173117835521698
0.2846153846153846,0.08615384615384615,0.15230769230769228,0.08615384615384615,0.15230769230769228,0.02,0.21846153846153843,122000000.0,15998000000.0,1.8266243255138397,3.2724818539619447,3.407152671813965,1.3046379432082176,3.2545298528671265,2.2471732330322265,2.318988151550293,2.1446747088432314
0.2846153846153846,0.08615384615384615,0.15230769230769228,0.08615384615384615,0.15230769230769228,0.02,0.21846153846153843,122000000.0,17998000000.0,1.8192535400390626,3.263234028816223,3.380612938404083,1.288580322265625,3.2285959029197695,2.230942815542221,2.2984454298019408,2.114526846408844
0.2846153846153846,0.08615384615384615,0.15230769230769228,0.08615384615384615,0.15230769230769228,0.02,0.21846153846153843,122000000.0,19998000000.0,1.8105331182479858,3.2584864616394045,3.3744515991210937,1.2847406235337258,3.218655834197998,2.20912136554718,2.2855387544631958,2.107449618577957
0.2846153846153846,0.08615384615384615,0.15230769230769228,0.08615384615384615,0.15230769230769228,0.02,0.21846153846153843,122000000.0,20000000000.0,1.8105331182479858,3.2584864616394045,3.3744515991210937,1.2847406235337258,3.218655834197998,2.20912136554718,2.2855387544631958,2.107449618577957
0.21846153846153846,0.08615384615384615,0.08615384615384615,0.08615384615384614,0.08615384615384614,0.15230769230769228,0.2846153846153846,122000000.0,1998000000.0,2.5218507051467896,4.30872704744339,4.558526363372803,2.060191531777382,4.43921772480011,2.8666690230369567,3.3938222551345825,3.431089849472046
0.21846153846153846,0.08615384615384615,0.08615384615384615,0.08615384615384614,0.08615384615384614,0.15230769230769228,0.2846153846153846,122000000.0,3998000000.0,2.1465352070331574,3.710749852657318,3.9153928327560426,1.549016194343567,3.7812165904045103,2.351906991004944,2.728519945144653,2.6456061387062073
0.21846153846153846,0.08615384615384615,0.08615384615384615,0.08615384615384614,0.08615384615384614,0.15230769230769228,0.2846153846153846,122000000.0,5998000000.0,1.9902190089225769,3.5193838763236998,3.697489721775055,1.3887100061774253,3.5460072135925294,2.1851231801509856,2.506829707622528,2.3798890352249145
0.21846153846153846,0.08615384615384615,0.08615384615384615,0.08615384615384614,0.08615384615384614,0.15230769230769228,0.2846153846153846,122000000.0,7998000000.0,1.9426326143741608,3.424446246623993,3.6198188257217407,1.3457615092396735,3.4628277444839477,2.1258227837085726,2.4032620871067047,2.2960242831707003
0.21846153846153846,0.08615384615384615,0.08615384615384615,0.08615384615384614,0.08615384615384614,0.15230769230769228,0.2846153846153846,122000000.0,9998000000.0,1.9022303164005279,3.376494970321655,3.571499171257019,1.3112284392118454,3.4127137327194212,2.0751283419132234,2.351438339948654,2.2320364654064178
0.21846153846153846,0.08615384615384615,0.08615384615384615,0.08615384615384614,0.08615384615384614,0.15230769230769228,0.2846153846153846,122000000.0,13998000000.0,1.8637634825706482,3.3338441586494447,3.501614649295807,1.2716818884015084,3.3408218359947206,2.029498279094696,2.2827900111675263,2.164257789850235
0.21846153846153846,0.08615384615384615,0.08615384615384615,0.08615384615384614,0.08615384615384614,0.15230769230769228,0.2846153846153846,122000000.0,15998000000.0,1.8529723155498505,3.310524642467499,3.4895283484458925,1.244797476530075,3.3298221254348754,2.013105410337448,2.2709354043006895,2.140632816553116
0.21846153846153846,0.08615384615384615,0.08615384615384615,0.08615384615384614,0.08615384615384614,0.15230769230769228,0.2846153846153846,122000000.0,17998000000.0,1.8369963872432709,3.2949600768089295,3.46550048828125,1.2312012431025505,3.303870794773102,1.9984936213493347,2.2475272357463836,2.1190583872795106
0.21846153846153846,0.08615384615384615,0.08615384615384615,0.08615384615384614,0.08615384615384614,0.15230769230769228,0.2846153846153846,122000000.0,19998000000.0,1.8335198640823365,3.273738832473755,3.455178940296173,1.2312396025657655,3.2930348706245423,1.9943986558914184,2.2255065989494325,2.11377635717392
0.21846153846153846,0.08615384615384615,0.08615384615384615,0.08615384615384614,0.08615384615384614,0.15230769230769228,0.2846153846153846,122000000.0,20000000000.0,1.8335198640823365,3.273738832473755,3.455178940296173,1.2312396025657655,3.2930348706245423,1.9943986558914184,2.2255065989494325,2.11377635717392
0.21846153846153848,0.21846153846153848,0.020000000000000004,0.1523076923076923,0.1523076923076923,0.21846153846153848,0.020000000000000004,122000000.0,1998000000.0,2.4708583688735963,4.13930561542511,4.484542417526245,1.8794160521030425,4.307401769161224,2.7407483768463137,4.230681402683258,3.2946211981773375
0.21846153846153848,0.21846153846153848,0.020000000000000004,0.1523076923076923,0.1523076923076923,0.21846153846153848,0.020000000000000004,122000000.0,3998000000.0,2.1096577548980715,3.5966873741149903,3.9198063445091247,1.4484784069657326,3.730982894897461,2.259786332845688,3.630509638786316,2.5848063325881956
0.21846153846153848,0.21846153846153848,0.020000000000000004,0.1523076923076923,0.1523076923076923,0.21846153846153848,0.020000000000000004,122000000.0,5998000000.0,1.9838582277297974,3.418025267124176,3.75624130487442,1.3252734640240669,3.5400521039962767,2.1289166486263276,3.25503785610199,2.365442864894867
0.21846153846153848,0.21846153846153848,0.020000000000000004,0.1523076923076923,0.1523076923076923,0.21846153846153848,0.020000000000000004,122000000.0,7998000000.0,1.922838339805603,3.343160994052887,3.6569621777534485,1.2608183959126473,3.4393523502349854,2.0405138647556305,3.0240164852142333,2.250401531457901
0.21846153846153848,0.21846153846153848,0.020000000000000004,0.1523076923076923,0.1523076923076923,0.21846153846153848,0.020000000000000004,122000000.0,9998000000.0,1.885676085948944,3.2866035652160646,3.6048507952690123,1.2284913730621339,3.3753130769729616,2.0077842235565186,2.9043279671669007,2.1930276799201964
0.21846153846153848,0.21846153846153848,0.020000000000000004,0.1523076923076923,0.1523076923076923,0.21846153846153848,0.020000000000000004,122000000.0,11998000000.0,1.8675731086730958,3.262864646911621,3.575417335033417,1.1974340292811394,3.3407983231544494,1.9741912043094636,2.9437450695037843,2.142091270685196
0.21846153846153848,0.21846153846153848,0.020000000000000004,0.1523076923076923,0.1523076923076923,0.21846153846153848,0.020000000000000004,122000000.0,13998000000.0,1.8530332326889039,3.229839105606079,3.5459912419319153,1.181947281062603,3.3188796710968016,1.9585305833816529,2.953726799488068,2.1273128831386567
0.21846153846153848,0.21846153846153848,0.020000000000000004,0.1523076923076923,0.1523076923076923,0.21846153846153848,0.020000000000000004,122000000.0,15998000000.0,1.8326505649089813,3.207700273990631,3.51918851852417,1.1719026827812196,3.298795521259308,1.9444292783737183,2.8541559743881226,2.098784962892532
0.21846153846153848,0.21846153846153848,0.020000000000000004,0.1523076923076923,0.1523076923076923,0.21846153846153848,0.020000000000000004,122000000.0,17998000000.0,1.8237342464923858,3.1973361802101135,3.508853096961975,1.1586742851138114,3.274442956447601,1.929035587310791,2.8337950229644777,2.0835518622398377
0.21846153846153848,0.21846153846153848,0.020000000000000004,0.1523076923076923,0.1523076923076923,0.21846153846153848,0.020000000000000004,122000000.0,19998000000.0,1.815358419418335,3.1881721687316893,3.4791693711280822,1.153440499305725,3.255658588409424,1.922003219127655,2.795451877117157,2.0583154618740083
0.21846153846153848,0.21846153846153848,0.020000000000000004,0.1523076923076923,0.1523076923076923,0.21846153846153848,0.020000000000000004,122000000.0,20000000000.0,1.815358419418335,3.1881721687316893,3.4791693711280822,1.153440499305725,3.255658588409424,1.922003219127655,2.795451877117157,2.0583154618740083
0.020000000000000004,0.020000000000000004,0.020000000000000004,0.08615384615384615,0.416923076923077,0.28461538461538466,0.1523076923076923,122000000.0,1998000000.0,2.849140603542328,4.233340151309967,4.39269609451294,1.9377125382423401,4.196352272033692,2.7068518447875975,3.5222169184684753,3.279635531902313
0.020000000000000004,0.020000000000000004,0.020000000000000004,0.08615384615384615,0.416923076923077,0.28461538461538466,0.1523076923076923,122000000.0,3998000000.0,2.383400555849075,3.732945988178253,3.848935754299164,1.508099645972252,3.6199739575386047,2.2599670159816743,2.893086655139923,2.582390012741089
0.020000000000000004,0.020000000000000004,0.020000000000000004,0.08615384615384615,0.416923076923077,0.28461538461538466,0.1523076923076923,122000000.0,5998000000.0,2.2276054549217226,3.5301015424728392,3.6295391082763673,1.3656934624910355,3.3787277793884276,2.0897264897823336,2.6602443194389345,2.3144064462184906
0.020000000000000004,0.020000000000000004,0.020000000000000004,0.08615384615384615,0.416923076923077,0.28461538461538466,0.1523076923076923,122000000.0,7998000000.0,2.200785120725632,3.45107421875,3.560361239910126,1.302418360412121,3.312265193462372,2.031435638666153,2.5546376287937163,2.234232065677643
0.020000000000000004,0.020000000000000004,0.020000000000000004,0.08615384615384615,0.416923076923077,0.28461538461538466,0.1523076923076923,122000000.0,9998000000.0,2.1258538603782653,3.403811991214752,3.5312775135040284,1.274313413798809,3.266590917110443,1.9949924874305724,2.4835016858577728,2.193126448392868
0.020000000000000004,0.020000000000000004,0.020000000000000004,0.08615384615384615,0.416923076923077,0.28461538461538466,0.1523076923076923,122000000.0,11998000000.0,2.1243696200847624,3.387454288005829,3.4783831357955934,1.2620795354247094,3.2288731646537783,1.9644536232948304,2.4338164067268373,2.154533396959305
0.020000000000000004,0.020000000000000004,0.020000000000000004,0.08615384615384615,0.416923076923077,0.28461538461538466,0.1523076923076923,122000000.0,13998000000.0,2.090120749473572,3.3520388984680176,3.4518471813201903,1.2344270333647729,3.193490061759949,1.9492170107364655,2.41305358171463,2.099763042926788
0.020000000000000004,0.020000000000000004,0.020000000000000004,0.08615384615384615,0.416923076923077,0.28461538461538466,0.1523076923076923,122000000.0,15998000000.0,2.0916543316841127,3.3189376378059388,3.4307849049568175,1.2218249383568764,3.1771269631385803,1.9490860557556153,2.3747593796253206,2.090651934146881
0.020000000000000004,0.020000000000000004,0.020000000000000004,0.08615384615384615,0.416923076923077,0.28461538461538466,0.1523076923076923,122000000.0,17998000000.0,2.0791070795059206,3.315635185241699,3.4234184050559997,1.2110309559106827,3.1629439640045165,1.9268294644355775,2.3594406402111052,2.071622771024704
0.020000000000000004,0.020000000000000004,0.020000000000000004,0.08615384615384615,0.416923076923077,0.28461538461538466,0.1523076923076923,122000000.0,19998000000.0,2.047147260904312,3.297641031742096,3.4068579292297363,1.1976495376229286,3.1530744671821593,1.9147379565238953,2.364774626493454,2.059164705276489
0.020000000000000004,0.020000000000000004,0.020000000000000004,0.08615384615384615,0.416923076923077,0.28461538461538466,0.1523076923076923,122000000.0,20000000000.0,2.047147260904312,3.297641031742096,3.4068579292297363,1.1976495376229286,3.1530744671821593,1.9147379565238953,2.364774626493454,2.059164705276489
0.08615384615384615,0.08615384615384615,0.28461538461538466,0.020000000000000004,0.08615384615384615,0.28461538461538466,0.1523076923076923,122000000.0,1998000000.0,2.633466284275055,4.106125571727753,4.251407594680786,2.0564113694429396,4.201415553092956,2.691098392009735,3.4862036299705506,3.231526892185211
0.08615384615384615,0.08615384615384615,0.28461538461538466,0.020000000000000004,0.08615384615384615,0.28461538461538466,0.1523076923076923,122000000.0,3998000000.0,2.2222736012935638,3.6479056310653686,3.725137495994568,1.6085193914175033,3.658886897563934,2.2479188871383666,2.869610378742218,2.552270386219025
0.08615384615384615,0.08615384615384615,0.28461538461538466,0.020000000000000004,0.08615384615384615,0.28461538461538466,0.1523076923076923,122000000.0,5998000000.0,2.0865664172172544,3.4590748953819275,3.5193327260017395,1.453347715139389,3.443289601802826,2.095099073648453,2.6687150311470034,2.3124732303619386
0.08615384615384615,0.08615384615384615,0.28461538461538466,0.020000000000000004,0.08615384615384615,0.28461538461538466,0.1523076923076923,122000000.0,7998000000.0,2.035652288198471,3.3808303594589235,3.4583506417274474,1.4025523340702057,3.3764133858680725,2.038606288433075,2.563425384759903,2.232522395849228
0.08615384615384615,0.08615384615384615,0.28461538461538466,0.020000000000000004,0.08615384615384615,0.28461538461538466,0.1523076923076923,122000000.0,9998000000.0,1.9962135350704193,3.3329057908058166,3.4054426956176758,1.3610903719067573,3.3229770827293397,1.9953080010414124,2.486757308244705,2.175307149887085
0.08615384615384615,0.08615384615384615,0.28461538461538466,0.020000000000000004,0.08615384615384615,0.28461538461538466,0.1523076923076923,122000000.0,11998000000.0,1.9751623606681823,3.300556182861328,3.369427435398102,1.3452050116658212,3.2815087056159973,1.9656698954105378,2.4331804871559144,2.137620187997818
0.08615384615384615,0.08615384615384615,0.28461538461538466,0.020000000000000004,0.08615384615384615,0.28461538461538466,0.1523076923076923,122000000.0,13998000000.0,1.9577868461608887,3.2734347581863403,3.3396717500686646,1.3205485779047013,3.253943612575531,1.9497131729125976,2.418107089996338,2.104286698102951
0.08615384615384615,0.08615384615384615,0.28461538461538466,0.020000000000000004,0.08615384615384615,0.28461538461538466,0.1523076923076923,122000000.0,15998000000.0,1.9367601311206817,3.2515061497688293,3.322677230834961,1.3126891341805458,3.231520347595215,1.9497997188568115,2.3792406833171844,2.0841031348705292
0.08615384615384615,0.08615384615384615,0.28461538461538466,0.020000000000000004,0.08615384615384615,0.28461538461538466,0.1523076923076923,122000000.0,17998000000.0,1.9390075373649598,3.239005527496338,3.3095471715927123,1.3095850440859795,3.218048515319824,1.930897616147995,2.36337730050087,2.06570973277092
0.08615384615384615,0.08615384615384615,0.28461538461538466,0.020000000000000004,0.08615384615384615,0.28461538461538466,0.1523076923076923,122000000.0,19998000000.0,1.921815345287323,3.2381428575515745,3.3075617742538452,1.3034994789958,3.219697413444519,1.9196341395378114,2.376953374147415,2.0609381914138796
0.08615384615384615,0.08615384615384615,0.28461538461538466,0.020000000000000004,0.08615384615384615,0.28461538461538466,0.1523076923076923,122000000.0,20000000000.0,1.921815345287323,3.2381428575515745,3.3075617742538452,1.3034994789958,3.219697413444519,1.9196341395378114,2.376953374147415,2.0609381914138796
0.21846153846153843,0.02,0.02,0.2846153846153846,0.15230769230769228,0.02,0.2846153846153846,122000000.0,1998000000.0,2.4987459242343903,4.373380646705628,4.607340149879455,1.8761309105157853,4.391611213684082,3.018489966392517,3.320675506591797,3.4418777418136597
0.21846153846153843,0.02,0.02,0.2846153846153846,0.15230769230769228,0.02,0.2846153846153846,122000000.0,3998000000.0,2.14362478017807,3.8396431612968445,4.036211621761322,1.4558688470721244,3.8042829751968386,2.5173101806640625,2.744373037815094,2.7080492186546326
0.21846153846153843,0.02,0.02,0.2846153846153846,0.15230769230769228,0.02,0.2846153846153846,122000000.0,5998000000.0,2.006066133975983,3.6597378849983215,3.827673602104187,1.3097727373242378,3.5881285738945006,2.3790847182273867,2.5223961436748503,2.455927052497864
0.21846153846153843,0.02,0.02,0.2846153846153846,0.15230769230769228,0.02,0.2846153846153846,122000000.0,7998000000.0,1.9502780294418336,3.5720949602127074,3.7391843509674074,1.2481023520231247,3.4883151698112487,2.291047557592392,2.4112632024288176,2.339949941635132
0.21846153846153843,0.02,0.02,0.2846153846153846,0.15230769230769228,0.02,0.2846153846153846,122000000.0,9998000000.0,1.911512118577957,3.5166102194786073,3.6784090423583984,1.221451818048954,3.424299490451813,2.2451216650009154,2.3579938328266143,2.2789271783828737
0.21846153846153843,0.02,0.02,0.2846153846153846,0.15230769230769228,0.02,0.2846153846153846,122000000.0,11998000000.0,1.8905599927902221,3.472447988986969,3.640740065574646,1.195438333451748,3.385722825527191,2.203094173669815,2.312205376625061,2.241687729358673
0.21846153846153843,0.02,0.02,0.2846153846153846,0.15230769230769228,0.02,0.2846153846153846,122000000.0,13998000000.0,1.877294018268585,3.4437350273132323,3.612743194103241,1.1704781913757325,3.3594324350357057,2.219739097356796,2.2956228351593015,2.2049342799186706
0.21846153846153843,0.02,0.02,0.2846153846153846,0.15230769230769228,0.02,0.2846153846153846,122000000.0,15998000000.0,1.852408139705658,3.4294915103912356,3.5850672817230222,1.1559829849004746,3.3382137537002565,2.178377728462219,2.27245320558548,2.183378173112869
0.21846153846153843,0.02,0.02,0.2846153846153846,0.15230769230769228,0.02,0.2846153846153846,122000000.0,17998000000.0,1.846537675857544,3.4196333265304566,3.57570880651474,1.1472718134522437,3.3244840931892394,2.1581709289550783,2.251533819437027,2.16432643532753
0.21846153846153843,0.02,0.02,0.2846153846153846,0.15230769230769228,0.02,0.2846153846153846,122000000.0,19998000000.0,1.8403910458087922,3.398798158168793,3.562922842502594,1.1456030145287515,3.310782616138458,2.14459210395813,2.241063597202301,2.154620153903961
0.21846153846153843,0.02,0.02,0.2846153846153846,0.15230769230769228,0.02,0.2846153846153846,122000000.0,20000000000.0,1.8403910458087922,3.398798158168793,3.562922842502594,1.1456030145287515,3.310782616138458,2.14459210395813,2.241063597202301,2.154620153903961
0.15230769230769228,0.15230769230769228,0.02,0.21846153846153843,0.15230769230769228,0.02,0.2846153846153846,122000000.0,1998000000.0,2.555328803062439,4.165082478523255,4.502510514259338,1.9314882391691208,4.31501400232315,3.039952211380005,3.3103648114204405,3.4083857583999633
0.15230769230769228,0.15230769230769228,0.02,0.21846153846153843,0.15230769230769228,0.02,0.2846153846153846,122000000.0,3998000000.0,2.196953922510147,3.6475164675712586,3.9767121934890746,1.5069682615995408,3.7508928680419924,2.549128301143646,2.7366566491127013,2.689653630256653
0.15230769230769228,0.15230769230769228,0.02,0.21846153846153843,0.15230769230769228,0.02,0.2846153846153846,122000000.0,5998000000.0,2.076448734998703,3.4683950972557067,3.7895991611480713,1.3577241045236588,3.5528900814056397,2.416671310663223,2.531296254396439,2.459027798175812
0.15230769230769228,0.15230769230769228,0.02,0.21846153846153843,0.15230769230769228,0.02,0.2846153846153846,122000000.0,7998000000.0,1.9931837320327759,3.388096990585327,3.6840033197402953,1.2953049421310425,3.4495906448364257,2.3263207471370695,2.4119560277462004,2.3374837112426756
0.15230769230769228,0.15230769230769228,0.02,0.21846153846153843,0.15230769230769228,0.02,0.2846153846153846,122000000.0,9998000000.0,1.9706839895248414,3.3323355889320374,3.6267743825912477,1.2698319053649902,3.3874170327186586,2.2795001542568207,2.35749388217926,2.2756527519226073
0.15230769230769228,0.15230769230769228,0.02,0.21846153846153843,0.15230769230769228,0.02,0.2846153846153846,122000000.0,11998000000.0,1.9462031710147858,3.3050822472572325,3.6035982871055605,1.2365902909636497,3.3533144068717955,2.2341442704200745,2.3089691376686097,2.244768821001053
0.15230769230769228,0.15230769230769228,0.02,0.21846153846153843,0.15230769230769228,0.02,0.2846153846153846,122000000.0,13998000000.0,1.9273878371715545,3.2765480518341064,3.574191102981567,1.2229423901438714,3.325134823322296,2.2558414268493654,2.2913842785358427,2.2138834965229033
0.15230769230769228,0.15230769230769228,0.02,0.21846153846153843,0.15230769230769228,0.02,0.2846153846153846,122000000.0,15998000000.0,1.9032670772075653,3.2597242975234986,3.5475150394439696,1.201293331682682,3.305441279411316,2.211233220100403,2.2729010045528413,2.180678377151489
0.15230769230769228,0.15230769230769228,0.02,0.21846153846153843,0.15230769230769228,0.02,0.2846153846153846,122000000.0,17998000000.0,1.9008961856365203,3.2471453619003294,3.538678569793701,1.1869727921485902,3.292120249271393,2.192298754453659,2.252256602048874,2.1654540348052977
0.15230769230769228,0.15230769230769228,0.02,0.21846153846153843,0.15230769230769228,0.02,0.2846153846153846,122000000.0,19998000000.0,1.8846873128414154,3.2379807567596437,3.534332137107849,1.1835222470760345,3.2778003191947938,2.1708195114135744,2.2396383941173554,2.160122903585434
0.15230769230769228,0.15230769230769228,0.02,0.21846153846153843,0.15230769230769228,0.02,0.2846153846153846,122000000.0,20000000000.0,1.8846873128414154,3.2379807567596437,3.534332137107849,1.1835222470760345,3.2778003191947938,2.1708195114135744,2.2396383941173554,2.160122903585434
0.02,0.02,0.21846153846153843,0.2846153846153846,0.08615384615384615,0.08615384615384614,0.2846153846153846,122000000.0,1998000000.0,2.9053221130371094,4.273517928123474,4.357837562561035,1.855240587592125,4.301044883728028,2.8422497630119326,3.3015183925628664,3.356504418849945
0.02,0.02,0.21846153846153843,0.2846153846153846,0.08615384615384615,0.08615384615384614,0.2846153846153846,122000000.0,3998000000.0,2.4126006960868835,3.7605125069618226,3.787204928398132,1.4293944761157036,3.705180389881134,2.3887059128284456,2.7234633493423464,2.61734135389328
0.02,0.02,0.21846153846153843,0.2846153846153846,0.08615384615384615,0.08615384615384614,0.2846153846153846,122000000.0,5998000000.0,2.2880486130714415,3.5920652508735658,3.6064824151992796,1.2873953613638878,3.510839605331421,2.2334419178962706,2.5111050927639007,2.404524476528168
0.02,0.02,0.21846153846153843,0.2846153846153846,0.08615384615384615,0.08615384615384614,0.2846153846153846,122000000.0,7998000000.0,2.2616337943077087,3.5141299295425417,3.529676904678345,1.2403947353363036,3.4302622413635255,2.1700102710723876,2.409712538719177,2.3048290634155273
0.02,0.02,0.21846153846153843,0.2846153846153846,0.08615384615384615,0.08615384615384614,0.2846153846153846,122000000.0,9998000000.0,2.1656411135196687,3.4557234835624695,3.4764737987518313,1.2084721773862839,3.368676471710205,2.1189289152622224,2.3536873602867128,2.2492758870124816
0.02,0.02,0.21846153846153843,0.2846153846153846,0.08615384615384615,0.08615384615384614,0.2846153846153846,122000000.0,11998000000.0,2.1802657520771027,3.4243071150779723,3.436743366718292,1.1847170725464822,3.3295020723342894,2.091675543785095,2.307689628601074,2.210359661579132
0.02,0.02,0.21846153846153843,0.2846153846153846,0.08615384615384615,0.08615384615384614,0.2846153846153846,122000000.0,13998000000.0,2.1441975831985474,3.410114121437073,3.4092136430740356,1.162185915708542,3.3053739976882937,2.0808752608299255,2.290428103208542,2.1721803951263428
0.02,0.02,0.21846153846153843,0.2846153846153846,0.08615384615384615,0.08615384615384614,0.2846153846153846,122000000.0,15998000000.0,2.128884664773941,3.3735561895370485,3.3848224663734436,1.147463196516037,3.283435387611389,2.053655917644501,2.267982831001282,2.15017995595932
0.02,0.02,0.21846153846153843,0.2846153846153846,0.08615384615384615,0.08615384615384614,0.2846153846153846,122000000.0,17998000000.0,2.125262097120285,3.3689577889442446,3.3765180683135987,1.141695870757103,3.2726448369026184,2.0436385798454286,2.247939671278,2.142531228065491
0.02,0.02,0.21846153846153843,0.2846153846153846,0.08615384615384615,0.08615384615384614,0.2846153846153846,122000000.0,19998000000.0,2.0896993279457092,3.354025137424469,3.362800934314728,1.1332851734757423,3.257771198749542,2.031776874065399,2.238259867429733,2.1265083169937133
0.02,0.02,0.21846153846153843,0.2846153846153846,0.08615384615384615,0.08615384615384614,0.2846153846153846,122000000.0,20000000000.0,2.0896993279457092,3.354025137424469,3.362800934314728,1.1332851734757423,3.257771198749542,2.031776874065399,2.238259867429733,2.1265083169937133
0.02,0.08615384615384615,0.4169230769230769,0.08615384615384615,0.08615384615384614,0.02,0.2846153846153846,122000000.0,1998000000.0,2.999067943096161,4.097371051311493,4.216361503601075,2.236121962070465,4.190304176807404,3.213124074935913,3.299537646770477,3.375103032588959
0.02,0.08615384615384615,0.4169230769230769,0.08615384615384615,0.08615384615384614,0.02,0.2846153846153846,122000000.0,3998000000.0,2.429775371551514,3.6210513639450075,3.692001440525055,1.6185253143310547,3.6325512886047364,2.5852541506290434,2.7060517358779905,2.602877089977264
0.02,0.08615384615384615,0.4169230769230769,0.08615384615384615,0.08615384615384614,0.02,0.2846153846153846,122000000.0,5998000000.0,2.3088126027584077,3.424796078205109,3.472835674285889,1.4845794346928596,3.4052066254615783,2.4601564943790435,2.4860752272605895,2.38626247882843
0.02,0.08615384615384615,0.4169230769230769,0.08615384615384615,0.08615384615384614,0.02,0.2846153846153846,122000000.0,7998000000.0,2.2892030262947083,3.341760711669922,3.401034963130951,1.4094706249237061,3.328394503593445,2.366601092815399,2.3783795499801634,2.2873310828208924
0.02,0.08615384615384615,0.4169230769230769,0.08615384615384615,0.08615384615384614,0.02,0.2846153846153846,122000000.0,9998000000.0,2.184886096715927,3.3065102386474607,3.3571373987197877,1.3729230296611785,3.278082273006439,2.3200114333629607,2.3313676524162292,2.23569069981575
0.02,0.08615384615384615,0.4169230769230769,0.08615384615384615,0.08615384615384614,0.02,0.2846153846153846,122000000.0,11998000000.0,2.208570022583008,3.2750169467926025,3.3271860337257384,1.3395511123538018,3.248942770957947,2.2753940427303316,2.287590618133545,2.200418334007263
0.02,0.08615384615384615,0.4169230769230769,0.08615384615384615,0.08615384615384614,0.02,0.2846153846153846,122000000.0,13998000000.0,2.15746737241745,3.253122432231903,3.2980858087539673,1.3221776813268662,3.2226925182342527,2.291709587574005,2.2704359924793245,2.1710931885242464
0.02,0.08615384615384615,0.4169230769230769,0.08615384615384615,0.08615384615384614,0.02,0.2846153846153846,122000000.0,15998000000.0,2.168681832551956,3.23299565076828,3.280459313392639,1.3119119262695313,3.201489994525909,2.2623469185829164,2.2538245379924775,2.1467510068416598
0.02,0.08615384615384615,0.4169230769230769,0.08615384615384615,0.08615384615384614,0.02,0.2846153846153846,122000000.0,17998000000.0,2.1514705276489257,3.2233293533325194,3.2688043761253356,1.3003062835335732,3.1921443438529966,2.2384133458137514,2.2315432488918305,2.132411959171295
0.02,0.08615384615384615,0.4169230769230769,0.08615384615384615,0.08615384615384614,0.02,0.2846153846153846,122000000.0,19998000000.0,2.1134478032588957,3.208181791305542,3.2590361881256102,1.2951225697994233,3.176942837238312,2.2159541738033295,2.2188719177246092,2.115218254327774
0.02,0.08615384615384615,0.4169230769230769,0.08615384615384615,0.08615384615384614,0.02,0.2846153846153846,122000000.0,20000000000.0,2.1134478032588957,3.208181791305542,3.2590361881256102,1.2951225697994233,3.176942837238312,2.2159541738033295,2.2188719177246092,2.115218254327774
0.02,0.15230769230769228,0.08615384615384615,0.02,0.3507692307692308,0.08615384615384614,0.2846153846153846,122000000.0,1998000000.0,2.9548285269737242,4.046686036586761,4.312203822135925,2.3686783897876738,4.145987722873688,3.019295880794525,3.2794578003883363,3.349459569454193
0.02,0.15230769230769228,0.08615384615384615,0.02,0.3507692307692308,0.08615384615384614,0.2846153846153846,122000000.0,3998000000.0,2.417671213150024,3.547665746212006,3.756331148147583,1.7303614729642869,3.5598203921318055,2.498396245241165,2.6833986949920656,2.616678071022034
0.02,0.15230769230769228,0.08615384615384615,0.02,0.3507692307692308,0.08615384615384614,0.2846153846153846,122000000.0,5998000000.0,2.2939107847213744,3.3907526922225952,3.5706054282188417,1.63285457611084,3.367294330596924,2.3431262397766113,2.4876235234737396,2.4047220945358276
0.02,0.15230769230769228,0.08615384615384615,0.02,0.3507692307692308,0.08615384615384614,0.2846153846153846,122000000.0,7998000000.0,2.2829056441783906,3.3099137139320374,3.5150962567329405,1.5045609039068222,3.295511631965637,2.267952253818512,2.382371680736542,2.2978929591178896
0.02,0.15230769230769228,0.08615384615384615,0.02,0.3507692307692308,0.08615384615384614,0.2846153846153846,122000000.0,9998000000.0,2.1767690432071687,3.270898063182831,3.455427825450897,1.4926469510793685,3.245533294677734,2.21332417011261,2.331006962060928,2.2356497716903685
0.02,0.15230769230769228,0.08615384615384615,0.02,0.3507692307692308,0.08615384615384614,0.2846153846153846,122000000.0,11998000000.0,2.205432779788971,3.240524499416351,3.4232466435432434,1.4610666501522065,3.2145680713653566,2.191452147960663,2.2886820232868192,2.2051359736919403
0.02,0.15230769230769228,0.08615384615384615,0.02,0.3507692307692308,0.08615384615384614,0.2846153846153846,122000000.0,13998000000.0,2.15002334356308,3.2125073409080507,3.393330054283142,1.4365133672952652,3.183323173522949,2.1717710518836975,2.2696239161491394,2.1650841963291168
0.02,0.15230769230769228,0.08615384615384615,0.02,0.3507692307692308,0.08615384615384614,0.2846153846153846,122000000.0,15998000000.0,2.1399232113361357,3.1864835953712465,3.3743126916885378,1.4235894557833673,3.1615062022209166,2.1448435831069945,2.2481920516490934,2.148851169347763
0.02,0.15230769230769228,0.08615384615384615,0.02,0.3507692307692308,0.08615384615384614,0.2846153846153846,122000000.0,17998000000.0,2.1421417605876925,3.179282922744751,3.3632877898216247,1.4311381056904793,3.149082159996033,2.136830747127533,2.2285669255256653,2.139615010023117
0.02,0.15230769230769228,0.08615384615384615,0.02,0.3507692307692308,0.08615384615384614,0.2846153846153846,122000000.0,19998000000.0,2.103827179670334,3.1670082664489745,3.355113880634308,1.408619701564312,3.1393287682533266,2.121577881574631,2.216692953109741,2.1219450604915617
0.02,0.15230769230769228,0.08615384615384615,0.02,0.3507692307692308,0.08615384615384614,0.2846153846153846,122000000.0,20000000000.0,2.103827179670334,3.1670082664489745,3.355113880634308,1.408619701564312,3.1393287682533266,2.121577881574631,2.216692953109741,2.1219450604915617
0.08615384615384614,0.02,0.2184615384615384,0.3507692307692308,0.2846153846153846,0.02,0.02,122000000.0,1998000000.0,2.6902402091026305,4.250513939857483,4.3071621227264405,1.85870061814785,4.205891396999359,3.0402984404563904,4.327222301959991,3.304669678211212
0.08615384615384614,0.02,0.2184615384615384,0.3507692307692308,0.2846153846153846,0.02,0.02,122000000.0,3998000000.0,2.236389434337616,3.7357262563705445,3.728018705844879,1.41202678501606,3.60163626909256,2.4918082535266874,3.652402377128601,2.563808088302612
0.08615384615384614,0.02,0.2184615384615384,0.3507692307692308,0.2846153846153846,0.02,0.02,122000000.0,5998000000.0,2.1090600740909577,3.5669248867034913,3.543052294254303,1.271376732289791,3.405123038291931,2.333356045484543,3.289766938686371,2.337030771970749
0.08615384615384614,0.02,0.2184615384615384,0.3507692307692308,0.2846153846153846,0.02,0.02,122000000.0,7998000000.0,2.042850594520569,3.4637048077583312,3.4560280585289003,1.2193004339933395,3.3118085932731627,2.26276797413826,3.0456459307670594,2.2403353416919707
0.08615384615384614,0.02,0.2184615384615384,0.3507692307692308,0.2846153846153846,0.02,0.02,122000000.0,9998000000.0,2.002749388217926,3.412547776699066,3.3950368642807005,1.1830742052197456,3.250554165840149,2.207931832075119,2.9389248180389402,2.1652766358852387
0.08615384615384614,0.02,0.2184615384615384,0.3507692307692308,0.2846153846153846,0.02,0.02,122000000.0,11998000000.0,1.9883798801898955,3.3822996401786805,3.3640359091758727,1.1605244907736778,3.215095500946045,2.169882618188858,2.983584282398224,2.132472752332687
0.08615384615384614,0.02,0.2184615384615384,0.3507692307692308,0.2846153846153846,0.02,0.02,122000000.0,13998000000.0,1.966573656797409,3.3629203414916993,3.336038954257965,1.1399965435266495,3.193231964111328,2.1530771803855897,2.969168412685394,2.1019021952152253
0.08615384615384614,0.02,0.2184615384615384,0.3507692307692308,0.2846153846153846,0.02,0.02,122000000.0,15998000000.0,1.9416521978378296,3.3408732295036314,3.3206445956230164,1.1249655857682228,3.1776101899147036,2.1252080380916594,2.883146698474884,2.084258869886398
0.08615384615384614,0.02,0.2184615384615384,0.3507692307692308,0.2846153846153846,0.02,0.02,122000000.0,17998000000.0,1.942985589504242,3.304952938556671,3.3048148274421694,1.1100190657377242,3.155474355220795,2.1325217497348787,2.846002132892609,2.0591977286338805
0.08615384615384614,0.02,0.2184615384615384,0.3507692307692308,0.2846153846153846,0.02,0.02,122000000.0,19998000000.0,1.9279405331611634,3.307490665912628,3.2976491117477416,1.1095125681161881,3.1481409525871276,2.1147528564929963,2.8158851790428163,2.0605374825000764
0.08615384615384614,0.02,0.2184615384615384,0.3507692307692308,0.2846153846153846,0.02,0.02,122000000.0,20000000000.0,1.9279405331611634,3.307490665912628,3.2976491117477416,1.1095125681161881,3.1481409525871276,2.1147528564929963,2.8158851790428163,2.0605374825000764
0.020000000000000004,0.08615384615384615,0.35076923076923083,0.1523076923076923,0.21846153846153848,0.020000000000000004,0.1523076923076923,122000000.0,1998000000.0,2.989321973323822,4.100997617244721,4.21799079656601,2.0523657351732254,4.144849879741669,3.1567396998405455,3.538858642578125,3.328077480792999
0.020000000000000004,0.08615384615384615,0.35076923076923083,0.1523076923076923,0.21846153846153848,0.020000000000000004,0.1523076923076923,122000000.0,3998000000.0,2.4357490015029906,3.60984304189682,3.680780007839203,1.5660020768642426,3.5789089250564574,2.577265671491623,2.886874897480011,2.596991195678711
0.020000000000000004,0.08615384615384615,0.35076923076923083,0.1523076923076923,0.21846153846153848,0.020000000000000004,0.1523076923076923,122000000.0,5998000000.0,2.302324410676956,3.413940978050232,3.4674395942687988,1.4009121036529542,3.360397763252258,2.4168581569194796,2.6548456621170042,2.3582275438308717
0.020000000000000004,0.08615384615384615,0.35076923076923083,0.1523076923076923,0.21846153846153848,0.020000000000000004,0.1523076923076923,122000000.0,7998000000.0,2.2653673458099366,3.3249485301971435,3.390269320011139,1.331312719285488,3.2763620257377624,2.309647088050842,2.535644772052765,2.252276177406311
0.020000000000000004,0.08615384615384615,0.35076923076923083,0.1523076923076923,0.21846153846153848,0.020000000000000004,0.1523076923076923,122000000.0,9998000000.0,2.1691385924816133,3.2914252948760985,3.341217761039734,1.2969332671165466,3.225817062854767,2.273972536325455,2.460737315416336,2.1943734204769134
0.020000000000000004,0.08615384615384615,0.35076923076923083,0.1523076923076923,0.21846153846153848,0.020000000000000004,0.1523076923076923,122000000.0,11998000000.0,2.1990981781482697,3.2581971406936647,3.3137118148803713,1.2695569306612016,3.1931250166893004,2.2660513949394225,2.41573140501976,2.1615523040294646
0.020000000000000004,0.08615384615384615,0.35076923076923083,0.1523076923076923,0.21846153846153848,0.020000000000000004,0.1523076923076923,122000000.0,13998000000.0,2.1435149657726287,3.2355024313926695,3.286905355453491,1.2512497651576995,3.17353542804718,2.2188322830200193,2.4018552470207215,2.1273260152339937
0.020000000000000004,0.08615384615384615,0.35076923076923083,0.1523076923076923,0.21846153846153848,0.020000000000000004,0.1523076923076923,122000000.0,15998000000.0,2.150716782808304,3.2198133277893066,3.2726131510734557,1.2434247282147408,3.157502980232239,2.2395538365840912,2.3654181587696077,2.1267745268344878
0.020000000000000004,0.08615384615384615,0.35076923076923083,0.1523076923076923,0.21846153846153848,0.020000000000000004,0.1523076923076923,122000000.0,17998000000.0,2.14094633936882,3.2070013070106507,3.261053957939148,1.2265258595347404,3.142679286003113,2.200061584711075,2.3492525947093963,2.09470409989357
0.020000000000000004,0.08615384615384615,0.35076923076923083,0.1523076923076923,0.21846153846153848,0.020000000000000004,0.1523076923076923,122000000.0,19998000000.0,2.0979589831829073,3.193858768939972,3.2469442772865293,1.2225930333137511,3.1283433270454406,2.1808093786239624,2.3502412486076354,2.0866595947742463
0.020000000000000004,0.08615384615384615,0.35076923076923083,0.1523076923076923,0.21846153846153848,0.020000000000000004,0.1523076923076923,122000000.0,20000000000.0,2.0979589831829073,3.193858768939972,3.2469442772865293,1.2225930333137511,3.1283433270454406,2.1808093786239624,2.3502412486076354,2.0866595947742463
0.21846153846153846,0.08615384615384615,0.08615384615384615,0.15230769230769228,0.08615384615384615,0.2846153846153846,0.08615384615384615,122000000.0,1998000000.0,2.460708701610565,4.261376187801361,4.469737224578857,1.8422165668010713,4.376037204265595,2.6494871592521667,3.9234357929229735,3.3001264834403994
0.21846153846153846,0.08615384615384615,0.08615384615384615,0.15230769230769228,0.08615384615384615,0.2846153846153846,0.08615384615384615,122000000.0,3998000000.0,2.1128402519226075,3.7261474919319153,3.910159103870392,1.4370144644379617,3.7827612471580507,2.222385689020157,3.06639799118042,2.5870771551132203
0.21846153846153846,0.08615384615384615,0.08615384615384615,0.15230769230769228,0.08615384615384615,0.2846153846153846,0.08615384615384615,122000000.0,5998000000.0,1.970336068868637,3.5406236052513123,3.7083910632133485,1.2916219449043274,3.574115560054779,2.0685977947711947,2.8514580631256106,2.364084442853928
0.21846153846153846,0.08615384615384615,0.08615384615384615,0.15230769230769228,0.08615384615384615,0.2846153846153846,0.08615384615384615,122000000.0,7998000000.0,1.9245440196990966,3.440295181274414,3.6224620938301086,1.252328419983387,3.4848000502586363,2.005877069234848,2.729930591583252,2.2681409800052643
0.21846153846153846,0.08615384615384615,0.08615384615384615,0.15230769230769228,0.08615384615384615,0.2846153846153846,0.08615384615384615,122000000.0,9998000000.0,1.879730806350708,3.3819187235832215,3.5602302145957947,1.2177176237106324,3.4130555605888366,1.9644976127147675,2.621150975227356,2.1952292919158936
0.21846153846153846,0.08615384615384615,0.08615384615384615,0.15230769230769228,0.08615384615384615,0.2846153846153846,0.08615384615384615,122000000.0,11998000000.0,1.8606508147716523,3.3602486634254456,3.52933785200119,1.1895258188247682,3.3760276341438296,1.934454607963562,2.571571879386902,2.148988436460495
0.21846153846153846,0.08615384615384615,0.08615384615384615,0.15230769230769228,0.08615384615384615,0.2846153846153846,0.08615384615384615,122000000.0,13998000000.0,1.851658705472946,3.3219568085670472,3.4950400686264036,1.1769590029120445,3.3467691707611085,1.9220651519298553,2.580520361661911,2.1161921215057373
0.21846153846153846,0.08615384615384615,0.08615384615384615,0.15230769230769228,0.08615384615384615,0.2846153846153846,0.08615384615384615,122000000.0,15998000000.0,1.826724623441696,3.3099570798873903,3.476134507656097,1.1607335564494132,3.3294199299812317,1.909417153596878,2.5251440250873567,2.0990250968933104
0.21846153846153846,0.08615384615384615,0.08615384615384615,0.15230769230769228,0.08615384615384615,0.2846153846153846,0.08615384615384615,122000000.0,17998000000.0,1.8195795500278473,3.3005806756019593,3.4600639033317564,1.144562970995903,3.3129925608634947,1.8917827475070954,2.5148752307891846,2.075217796564102
0.21846153846153846,0.08615384615384615,0.08615384615384615,0.15230769230769228,0.08615384615384615,0.2846153846153846,0.08615384615384615,122000000.0,19998000000.0,1.8130895864963532,3.305862033367157,3.4646809697151184,1.147843211889267,3.3045441722869873,1.88621502161026,2.505892723798752,2.074277764558792
0.21846153846153846,0.08615384615384615,0.08615384615384615,0.15230769230769228,0.08615384615384615,0.2846153846153846,0.08615384615384615,122000000.0,20000000000.0,1.8130895864963532,3.305862033367157,3.4646809697151184,1.147843211889267,3.3045441722869873,1.88621502161026,2.505892723798752,2.074277764558792
0.08615384615384616,0.08615384615384616,0.08615384615384616,0.1523076923076923,0.21846153846153848,0.1523076923076923,0.21846153846153848,122000000.0,1998000000.0,2.6335813188552857,4.133242464065551,4.374677195549011,1.9228069460391999,4.2219078993797305,2.7728668808937074,3.390448009967804,3.2903936243057252
0.08615384615384616,0.08615384615384616,0.08615384615384616,0.1523076923076923,0.21846153846153848,0.1523076923076923,0.21846153846153848,122000000.0,3998000000.0,2.24325083732605,3.6577883744239807,3.8219648742675782,1.5005339711904526,3.6541622471809387,2.3522758257389067,2.7745749616622923,2.5869578909873963
0.08615384615384616,0.08615384615384616,0.08615384615384616,0.1523076923076923,0.21846153846153848,0.1523076923076923,0.21846153846153848,122000000.0,5998000000.0,2.1088089621067048,3.481345903873444,3.6271771574020386,1.3461219850182533,3.446208097934723,2.1804068529605867,2.5757270967960357,2.352487542629242
0.08615384615384616,0.08615384615384616,0.08615384615384616,0.1523076923076923,0.21846153846153848,0.1523076923076923,0.21846153846153848,122000000.0,7998000000.0,2.0413775062561035,3.393990776538849,3.571369454860687,1.2850495770573616,3.372606644630432,2.1090958189964293,2.4563986372947695,2.26479217171669
0.08615384615384616,0.08615384615384616,0.08615384615384616,0.1523076923076923,0.21846153846153848,0.1523076923076923,0.21846153846153848,122000000.0,9998000000.0,2.007745634317398,3.345233452320099,3.500643594264984,1.2536360064148904,3.316467218399048,2.063853613138199,2.4060960924625396,2.2026223587989806
0.08615384615384616,0.08615384615384616,0.08615384615384616,0.1523076923076923,0.21846153846153848,0.1523076923076923,0.21846153846153848,122000000.0,11998000000.0,1.9892300367355347,3.313614568710327,3.4647115540504454,1.2292261055111886,3.2759451198577882,2.036479502916336,2.355109957456589,2.166141977310181
0.08615384615384616,0.08615384615384616,0.08615384615384616,0.1523076923076923,0.21846153846153848,0.1523076923076923,0.21846153846153848,122000000.0,13998000000.0,1.9698855781555176,3.286646819114685,3.4369728422164916,1.2074417826533317,3.249909372329712,2.0249690115451813,2.335351209640503,2.135759252309799
0.08615384615384616,0.08615384615384616,0.08615384615384616,0.1523076923076923,0.21846153846153848,0.1523076923076923,0.21846153846153848,122000000.0,15998000000.0,1.9481232631206513,3.2671764636039735,3.419955129623413,1.1973886892199517,3.2285393857955933,2.0091462147235872,2.313551788330078,2.1074614000320433
0.08615384615384616,0.08615384615384616,0.08615384615384616,0.1523076923076923,0.21846153846153848,0.1523076923076923,0.21846153846153848,122000000.0,17998000000.0,1.9477309906482696,3.2536142587661745,3.4096450757980348,1.188329817354679,3.215743246078491,1.9946987962722778,2.2981642055511475,2.093150749206543
0.08615384615384616,0.08615384615384616,0.08615384615384616,0.1523076923076923,0.21846153846153848,0.1523076923076923,0.21846153846153848,122000000.0,19998000000.0,1.9329298889636994,3.247415316104889,3.4028708934783936,1.1858701708912849,3.2094772171974184,1.9840352416038514,2.2836271321773527,2.0837924599647524
0.08615384615384616,0.08615384615384616,0.08615384615384616,0.1523076923076923,0.21846153846153848,0.1523076923076923,0.21846153846153848,122000000.0,20000000000.0,1.9329298889636994,3.247415316104889,3.4028708934783936,1.1858701708912849,3.2094772171974184,1.9840352416038514,2.2836271321773527,2.0837924599647524
0.21846153846153848,0.21846153846153848,0.08615384615384616,0.1523076923076923,0.08615384615384616,0.21846153846153848,0.020000000000000004,122000000.0,1998000000.0,2.4844420754909518,4.14781913280487,4.43470157623291,1.894629001021385,4.347002427577973,2.7538943481445313,4.238768079280853,3.315267012119293
0.21846153846153848,0.21846153846153848,0.08615384615384616,0.1523076923076923,0.08615384615384616,0.21846153846153848,0.020000000000000004,122000000.0,3998000000.0,2.121818348169327,3.6076070499420165,3.8830441856384277,1.4583003109693526,3.763582582473755,2.2662572717666625,3.601393983364105,2.5859936237335206
0.21846153846153848,0.21846153846153848,0.08615384615384616,0.1523076923076923,0.08615384615384616,0.21846153846153848,0.020000000000000004,122000000.0,5998000000.0,1.978007848262787,3.4135606145858763,3.6801228022575376,1.320738325715065,3.5473145914077757,2.1206364178657533,3.2367472290992736,2.3458040285110475
0.21846153846153848,0.21846153846153848,0.08615384615384616,0.1523076923076923,0.08615384615384616,0.21846153846153848,0.020000000000000004,122000000.0,7998000000.0,1.929248915910721,3.3486437082290648,3.6051811265945433,1.2634824773669242,3.464623806476593,2.0442455124855043,3.0346225714683532,2.257330176830292
0.21846153846153848,0.21846153846153848,0.08615384615384616,0.1523076923076923,0.08615384615384616,0.21846153846153848,0.020000000000000004,122000000.0,9998000000.0,1.8866516864299774,3.29047376871109,3.5439399170875547,1.2284709033370018,3.39653915643692,2.006360551118851,2.912694890499115,2.1871353018283846
0.21846153846153848,0.21846153846153848,0.08615384615384616,0.1523076923076923,0.08615384615384616,0.21846153846153848,0.020000000000000004,122000000.0,11998000000.0,1.8711002004146575,3.2619433784484864,3.509873387813568,1.2026879292726518,3.3562259101867675,1.9762724947929382,2.947985987663269,2.140249580144882
0.21846153846153848,0.21846153846153848,0.08615384615384616,0.1523076923076923,0.08615384615384616,0.21846153846153848,0.020000000000000004,122000000.0,13998000000.0,1.8509667122364044,3.226575288772583,3.4794904494285586,1.1817098474502563,3.331147029399872,1.9538715672492981,2.9477633094787596,2.1137923181056975
0.21846153846153848,0.21846153846153848,0.08615384615384616,0.1523076923076923,0.08615384615384616,0.21846153846153848,0.020000000000000004,122000000.0,15998000000.0,1.8284870743751527,3.206744658946991,3.4620644521713255,1.166059904396534,3.317375135421753,1.9372593355178833,2.8527329778671264,2.092833598852158
0.21846153846153848,0.21846153846153848,0.08615384615384616,0.1523076923076923,0.08615384615384616,0.21846153846153848,0.020000000000000004,122000000.0,17998000000.0,1.8233180856704712,3.1967000484466555,3.4405220699310304,1.1577721750736236,3.290475687980652,1.9251664328575133,2.834129512310028,2.0794503247737883
0.21846153846153848,0.21846153846153848,0.08615384615384616,0.1523076923076923,0.08615384615384616,0.21846153846153848,0.020000000000000004,122000000.0,19998000000.0,1.8141980564594269,3.1899105310440063,3.430700602531433,1.1482923299074173,3.2779455828666686,1.9178086113929749,2.7970292520523072,2.0594527244567873
0.21846153846153848,0.21846153846153848,0.08615384615384616,0.1523076923076923,0.08615384615384616,0.21846153846153848,0.020000000000000004,122000000.0,20000000000.0,1.8141980564594269,3.1899105310440063,3.430700602531433,1.1482923299074173,3.2779455828666686,1.9178086113929749,2.7970292520523072,2.0594527244567873
0.08615384615384616,0.1523076923076923,0.1523076923076923,0.21846153846153848,0.21846153846153848,0.08615384615384616,0.08615384615384615,122000000.0,1998000000.0,2.6853129625320435,4.113222014904022,4.327295460700989,1.923326839208603,4.209212181568145,2.88800044298172,3.8784171104431153,3.290014946460724
0.08615384615384616,0.1523076923076923,0.1523076923076923,0.21846153846153848,0.21846153846153848,0.08615384615384616,0.08615384615384615,122000000.0,3998000000.0,2.236620125770569,3.583556542396545,3.7657759189605713,1.4543705102801323,3.624566240310669,2.38562224149704,3.0338052558898925,2.561409955024719
0.08615384615384616,0.1523076923076923,0.1523076923076923,0.21846153846153848,0.21846153846153848,0.08615384615384616,0.08615384615384615,122000000.0,5998000000.0,2.1163039529323577,3.4162389397621156,3.5803223490715026,1.3252703529596328,3.431190447807312,2.2448625493049623,2.8321602535247803,2.34531702876091
0.08615384615384616,0.1523076923076923,0.1523076923076923,0.21846153846153848,0.21846153846153848,0.08615384615384616,0.08615384615384615,122000000.0,7998000000.0,2.03940447807312,3.32989807844162,3.4789439034461975,1.2551272410154342,3.324379789829254,2.1555274605751036,2.6799357867240907,2.2240189802646637
0.08615384615384616,0.1523076923076923,0.1523076923076923,0.21846153846153848,0.21846153846153848,0.08615384615384616,0.08615384615384615,122000000.0,9998000000.0,2.004233841896057,3.275083427429199,3.433708860874176,1.2291961497068404,3.2743317317962646,2.117569752931595,2.589175510406494,2.1766593682765962
0.08615384615384616,0.1523076923076923,0.1523076923076923,0.21846153846153848,0.21846153846153848,0.08615384615384616,0.08615384615384615,122000000.0,11998000000.0,1.9873884809017182,3.2480616044998167,3.403176281452179,1.2017338934540749,3.2377025580406187,2.0902448999881744,2.5382447981834413,2.1447318351268767
0.08615384615384616,0.1523076923076923,0.1523076923076923,0.21846153846153848,0.21846153846153848,0.08615384615384616,0.08615384615384615,122000000.0,13998000000.0,1.9664782631397246,3.221965107917786,3.3739987659454345,1.1816813963651658,3.218524484634399,2.0560733807086944,2.546532858610153,2.1133564841747283
0.08615384615384616,0.1523076923076923,0.1523076923076923,0.21846153846153848,0.21846153846153848,0.08615384615384616,0.08615384615384615,122000000.0,15998000000.0,1.9431847274303435,3.2058770775794985,3.361893916130066,1.1703622862696648,3.203062472343445,2.0443354022502898,2.497028225660324,2.0886522006988524
0.08615384615384616,0.1523076923076923,0.1523076923076923,0.21846153846153848,0.21846153846153848,0.08615384615384616,0.08615384615384615,122000000.0,17998000000.0,1.9463116562366485,3.191942799091339,3.347539291381836,1.1566382810473441,3.1865680170059205,2.0348627161979675,2.4915897238254545,2.0758872663974763
0.08615384615384616,0.1523076923076923,0.1523076923076923,0.21846153846153848,0.21846153846153848,0.08615384615384616,0.08615384615384615,122000000.0,19998000000.0,1.928866515159607,3.1816434812545777,3.3404358959198,1.1589760980010033,3.1721821999549866,2.0320896792411802,2.4721308195590974,2.07837296128273
0.08615384615384616,0.1523076923076923,0.1523076923076923,0.21846153846153848,0.21846153846153848,0.08615384615384616,0.08615384615384615,122000000.0,20000000000.0,1.928866515159607,3.1816434812545777,3.3404358959198,1.1589760980010033,3.1721821999549866,2.0320896792411802,2.4721308195590974,2.07837296128273
0.1523076923076923,0.08615384615384615,0.3507692307692308,0.08615384615384614,0.02,0.1523076923076923,0.15230769230769228,122000000.0,1998000000.0,2.533520337343216,4.146291103363037,4.254897699356079,1.9851139795780182,4.271033802032471,2.7952668404579164,3.515815727710724,3.2385380411148073
0.1523076923076923,0.08615384615384615,0.3507692307692308,0.08615384615384614,0.02,0.1523076923076923,0.15230769230769228,122000000.0,3998000000.0,2.1658108580112456,3.6394012856483458,3.7111042189598082,1.5431630066037179,3.688529133796692,2.3265845704078676,2.882032537460327,2.5421327352523804
0.1523076923076923,0.08615384615384615,0.3507692307692308,0.08615384615384614,0.02,0.1523076923076923,0.15230769230769228,122000000.0,5998000000.0,2.034222584962845,3.438247425556183,3.5042398810386657,1.394004614651203,3.468019721508026,2.1656794130802153,2.6596147847175597,2.318579738140106
0.1523076923076923,0.08615384615384615,0.3507692307692308,0.08615384615384614,0.02,0.1523076923076923,0.15230769230769228,122000000.0,7998000000.0,1.9619463622570037,3.39107901096344,3.4299815320968627,1.3307105773687362,3.393710606098175,2.087427588701248,2.5469250929355622,2.218002800941467
0.1523076923076923,0.08615384615384615,0.3507692307692308,0.08615384615384614,0.02,0.1523076923076923,0.15230769230769228,122000000.0,9998000000.0,1.937126578092575,3.32154274225235,3.388555660247803,1.293526753783226,3.341117489337921,2.0577199268341064,2.4760411441326142,2.1627887988090517
0.1523076923076923,0.08615384615384615,0.3507692307692308,0.08615384615384614,0.02,0.1523076923076923,0.15230769230769228,122000000.0,11998000000.0,1.9174014389514924,3.2938347959518435,3.356815655231476,1.2668282678723335,3.306601448059082,2.0224863481521607,2.426915364265442,2.1220208978652955
0.1523076923076923,0.08615384615384615,0.3507692307692308,0.08615384615384614,0.02,0.1523076923076923,0.15230769230769228,122000000.0,13998000000.0,1.9009608101844788,3.2724371457099917,3.3304487538337706,1.2547407352924347,3.2838767552375794,2.015739665031433,2.415818053483963,2.0968523025512695
0.1523076923076923,0.08615384615384615,0.3507692307692308,0.08615384615384614,0.02,0.1523076923076923,0.15230769230769228,122000000.0,15998000000.0,1.8822168409824371,3.2544837546348573,3.3137703585624694,1.2483192759752273,3.2683456134796143,2.0212726950645448,2.3792504596710207,2.0864448070526125
0.1523076923076923,0.08615384615384615,0.3507692307692308,0.08615384615384614,0.02,0.1523076923076923,0.15230769230769228,122000000.0,17998000000.0,1.8749001920223236,3.2441387152671814,3.2987377738952635,1.2363001582026483,3.2553699231147766,1.9904172575473786,2.363003319501877,2.0583149182796476
0.1523076923076923,0.08615384615384615,0.3507692307692308,0.08615384615384614,0.02,0.1523076923076923,0.15230769230769228,122000000.0,19998000000.0,1.864660781621933,3.2473089790344236,3.2990698194503785,1.2221997952461243,3.2500537133216856,1.9801633155345917,2.3714507699012755,2.057025513648987
0.1523076923076923,0.08615384615384615,0.3507692307692308,0.08615384615384614,0.02,0.1523076923076923,0.15230769230769228,122000000.0,20000000000.0,1.864660781621933,3.2473089790344236,3.2990698194503785,1.2221997952461243,3.2500537133216856,1.9801633155345917,2.3714507699012755,2.057025513648987
0.02,0.08615384615384614,0.21846153846153843,0.08615384615384614,0.2846153846153846,0.1523076923076923,0.15230769230769228,122000000.0,1998000000.0,2.9097856950759886,4.098856930732727,4.256150529384613,2.0745257848501204,4.14677009344101,2.858129744529724,3.5074833822250366,3.292281982898712
0.02,0.08615384615384614,0.21846153846153843,0.08615384615384614,0.2846153846153846,0.1523076923076923,0.15230769230769228,122000000.0,3998000000.0,2.398193029165268,3.596008496284485,3.6993850302696227,1.5679351317882537,3.569862790107727,2.3555352115631103,2.8764461398124697,2.5595922112464904
0.02,0.08615384615384614,0.21846153846153843,0.08615384615384614,0.2846153846153846,0.1523076923076923,0.15230769230769228,122000000.0,5998000000.0,2.252991547584534,3.418545560836792,3.5107104206085205,1.3951303905248642,3.362758595943451,2.185733653306961,2.654566764831543,2.317136890888214
0.02,0.08615384615384614,0.21846153846153843,0.08615384615384614,0.2846153846153846,0.1523076923076923,0.15230769230769228,122000000.0,7998000000.0,2.2290052914619447,3.335876834392548,3.434474000930786,1.3443347027897834,3.2889048051834107,2.112643920183182,2.541855219602585,2.2281132066249847
0.02,0.08615384615384614,0.21846153846153843,0.08615384615384614,0.2846153846153846,0.1523076923076923,0.15230769230769228,122000000.0,9998000000.0,2.140799535512924,3.297943449020386,3.3807836103439333,1.308161342740059,3.233490753173828,2.076077675819397,2.465851298570633,2.1724176156520842
0.02,0.08615384615384614,0.21846153846153843,0.08615384615384614,0.2846153846153846,0.1523076923076923,0.15230769230769228,122000000.0,11998000000.0,2.1573843586444856,3.2697333765029906,3.354320764541626,1.2886388316750526,3.2063849496841432,2.051137000322342,2.4240714859962464,2.140390908718109
0.02,0.08615384615384614,0.21846153846153843,0.08615384615384614,0.2846153846153846,0.1523076923076923,0.15230769230769228,122000000.0,13998000000.0,2.115791027545929,3.2483006286621094,3.32537250995636,1.266383869946003,3.179192020893097,2.0381187808513643,2.4101791417598726,2.099915190935135
0.02,0.08615384615384614,0.21846153846153843,0.08615384615384614,0.2846153846153846,0.1523076923076923,0.15230769230769228,122000000.0,15998000000.0,2.114942885637283,3.2223780727386475,3.3087644219398498,1.261833747923374,3.1594473624229433,2.0431216776371004,2.369603464603424,2.0928428673744204
0.02,0.08615384615384614,0.21846153846153843,0.08615384615384614,0.2846153846153846,0.1523076923076923,0.15230769230769228,122000000.0,17998000000.0,2.1014606201648713,3.212769808769226,3.298940410614014,1.2348904511332512,3.1464252185821535,2.0079580008983613,2.353205921649933,2.071388702392578
0.02,0.08615384615384614,0.21846153846153843,0.08615384615384614,0.2846153846153846,0.1523076923076923,0.15230769230769228,122000000.0,19998000000.0,2.069577203989029,3.2010716795921326,3.289055795669556,1.2334437656402588,3.13479971408844,1.995046991109848,2.353422474861145,2.058954550027847
0.02,0.08615384615384614,0.21846153846153843,0.08615384615384614,0.2846153846153846,0.1523076923076923,0.15230769230769228,122000000.0,20000000000.0,2.069577203989029,3.2010716795921326,3.289055795669556,1.2334437656402588,3.13479971408844,1.995046991109848,2.353422474861145,2.058954550027847
0.21846153846153848,0.21846153846153848,0.1523076923076923,0.1523076923076923,0.020000000000000004,0.020000000000000004,0.21846153846153848,122000000.0,1998000000.0,2.5031798815727235,4.132177894115448,4.424861216545105,1.9925485318899154,4.3791539764404295,3.057452383041382,3.4342276740074156,3.40867963552475
0.21846153846153848,0.21846153846153848,0.1523076923076923,0.1523076923076923,0.020000000000000004,0.020000000000000004,0.21846153846153848,122000000.0,3998000000.0,2.1576749694347384,3.6099831223487855,3.86972496509552,1.5641130244731902,3.803972306251526,2.6104941296577455,2.795912311077118,2.6757474899291993
0.21846153846153848,0.21846153846153848,0.1523076923076923,0.1523076923076923,0.020000000000000004,0.020000000000000004,0.21846153846153848,122000000.0,5998000000.0,2.007767862081528,3.412157907485962,3.660678195953369,1.399451888501644,3.581650822162628,2.3947635185718537,2.596423543691635,2.417286636829376
0.21846153846153848,0.21846153846153848,0.1523076923076923,0.1523076923076923,0.020000000000000004,0.020000000000000004,0.21846153846153848,122000000.0,7998000000.0,1.9579868447780608,3.342141146659851,3.577948830127716,1.3520569902658464,3.482690770626068,2.325902532339096,2.4749702608585356,2.3237298059463503
0.21846153846153848,0.21846153846153848,0.1523076923076923,0.1523076923076923,0.020000000000000004,0.020000000000000004,0.21846153846153848,122000000.0,9998000000.0,1.9122299146652222,3.29181006193161,3.5284333777427674,1.2975740894675254,3.4312176752090453,2.2795866656303407,2.418255420923233,2.259408030509949
0.21846153846153848,0.21846153846153848,0.1523076923076923,0.1523076923076923,0.020000000000000004,0.020000000000000004,0.21846153846153848,122000000.0,11998000000.0,1.8946573054790496,3.2635065007209776,3.4901131939888,1.2690272098779678,3.3898381900787355,2.2466760313510896,2.370506533384323,2.2140302789211272
0.21846153846153848,0.21846153846153848,0.1523076923076923,0.1523076923076923,0.020000000000000004,0.020000000000000004,0.21846153846153848,122000000.0,13998000000.0,1.880457272529602,3.230248475074768,3.4636471486091613,1.2525172743201256,3.3722226095199583,2.2279238724708557,2.3479989230632783,2.1890488600730897
0.21846153846153848,0.21846153846153848,0.1523076923076923,0.1523076923076923,0.020000000000000004,0.020000000000000004,0.21846153846153848,122000000.0,15998000000.0,1.8562780284881593,3.2101735615730287,3.4338801741600036,1.245540334880352,3.33773334980011,2.216235888004303,2.3210463654994964,2.1601291728019714
0.21846153846153848,0.21846153846153848,0.1523076923076923,0.1523076923076923,0.020000000000000004,0.020000000000000004,0.21846153846153848,122000000.0,17998000000.0,1.8497067844867707,3.198695340156555,3.4225225138664244,1.2307007384300233,3.324823980331421,2.2047169530391693,2.3048585152626035,2.148425189256668
0.21846153846153848,0.21846153846153848,0.1523076923076923,0.1523076923076923,0.020000000000000004,0.020000000000000004,0.21846153846153848,122000000.0,19998000000.0,1.8395122647285462,3.196271901130676,3.4133988904953,1.218952338695526,3.3115062880516053,2.1801483285427095,2.291197245121002,2.1311417984962464
0.21846153846153848,0.21846153846153848,0.1523076923076923,0.1523076923076923,0.020000000000000004,0.020000000000000004,0.21846153846153848,122000000.0,20000000000.0,1.8395122647285462,3.196271901130676,3.4133988904953,1.218952338695526,3.3115062880516053,2.1801483285427095,2.291197245121002,2.1311417984962464
0.020000000000000004,0.020000000000000004,0.28461538461538466,0.08615384615384615,0.1523076923076923,0.1523076923076923,0.28461538461538466,122000000.0,1998000000.0,2.8591197776794433,4.172276179790497,4.23478994846344,2.000530265569687,4.164313473701477,2.806130154132843,3.2534336757659914,3.246901264190674
0.020000000000000004,0.020000000000000004,0.28461538461538466,0.08615384615384615,0.1523076923076923,0.1523076923076923,0.28461538461538466,122000000.0,3998000000.0,2.390817368030548,3.6955276250839235,3.6972209548950197,1.5544405990839005,3.611411175727844,2.3459555780887604,2.697901451587677,2.5670985651016234
0.020000000000000004,0.020000000000000004,0.28461538461538466,0.08615384615384615,0.1523076923076923,0.1523076923076923,0.28461538461538466,122000000.0,5998000000.0,2.271539988517761,3.534097535610199,3.535372784137726,1.4091866618394853,3.428261158466339,2.2001058781147003,2.5042856788635253,2.352308909893036
0.020000000000000004,0.020000000000000004,0.28461538461538466,0.08615384615384615,0.1523076923076923,0.1523076923076923,0.28461538461538466,122000000.0,7998000000.0,2.2601327192783356,3.4608256816864014,3.4485047340393065,1.361594770848751,3.3448453664779665,2.1444686686992647,2.396936365365982,2.271173646450043
0.020000000000000004,0.020000000000000004,0.28461538461538466,0.08615384615384615,0.1523076923076923,0.1523076923076923,0.28461538461538466,122000000.0,9998000000.0,2.1532970476150513,3.406479320526123,3.4032755136489867,1.313833235502243,3.298770110607147,2.082506057024002,2.342396204471588,2.2073779833316802
0.020000000000000004,0.020000000000000004,0.28461538461538466,0.08615384615384615,0.1523076923076923,0.1523076923076923,0.28461538461538466,122000000.0,11998000000.0,2.1636836206912995,3.3822540402412415,3.373858733177185,1.2920199391245841,3.266207854747772,2.0536001861095428,2.3000662672519683,2.1673301386833193
0.020000000000000004,0.020000000000000004,0.28461538461538466,0.08615384615384615,0.1523076923076923,0.1523076923076923,0.28461538461538466,122000000.0,13998000000.0,2.125472149848938,3.3644510316848755,3.346520686149597,1.2747256419062614,3.2400922203063964,2.0436932158470156,2.2802829122543335,2.1395705485343934
0.020000000000000004,0.020000000000000004,0.28461538461538466,0.08615384615384615,0.1523076923076923,0.1523076923076923,0.28461538461538466,122000000.0,15998000000.0,2.116291358470917,3.3278408551216128,3.323156764507294,1.2562316212058067,3.213372528553009,2.026865563392639,2.261414511203766,2.113518476486206
0.020000000000000004,0.020000000000000004,0.28461538461538466,0.08615384615384615,0.1523076923076923,0.1523076923076923,0.28461538461538466,122000000.0,17998000000.0,2.111197335720062,3.3220459532737734,3.3118189764022827,1.2383931279182434,3.2015036153793335,2.0138397216796875,2.239625416994095,2.096682611703873
0.020000000000000004,0.020000000000000004,0.28461538461538466,0.08615384615384615,0.1523076923076923,0.1523076923076923,0.28461538461538466,122000000.0,19998000000.0,2.0807946121692655,3.309459888935089,3.3024355602264404,1.237055343091488,3.192801682949066,1.9981838166713715,2.228730162382126,2.0875445985794068
0.020000000000000004,0.020000000000000004,0.28461538461538466,0.08615384615384615,0.1523076923076923,0.1523076923076923,0.28461538461538466,122000000.0,20000000000.0,2.0807946121692655,3.309459888935089,3.3024355602264404,1.237055343091488,3.192801682949066,1.9981838166713715,2.228730162382126,2.0875445985794068
0.02,0.2846153846153846,0.08615384615384614,0.2846153846153846,0.02,0.2846153846153846,0.02,122000000.0,1998000000.0,2.8386205792427064,4.109472780227661,4.490965538024902,1.7746002089977264,4.466558041572571,2.667229290008545,4.232169103622437,3.401518325805664
0.02,0.2846153846153846,0.08615384615384614,0.2846153846153846,0.02,0.2846153846153846,0.02,122000000.0,3998000000.0,2.3887807476520537,3.6331532192230225,3.9726557517051697,1.3921093702316285,3.9051144909858704,2.2352206993103025,3.621216881275177,2.691477370262146
0.02,0.2846153846153846,0.08615384615384614,0.2846153846153846,0.02,0.2846153846153846,0.02,122000000.0,5998000000.0,2.242989902496338,3.4259825420379637,3.728985376358032,1.2502633929252625,3.649026460647583,2.079959955215454,3.230445930957794,2.4172816324234008
0.02,0.2846153846153846,0.08615384615384614,0.2846153846153846,0.02,0.2846153846153846,0.02,122000000.0,7998000000.0,2.230628035068512,3.34639541387558,3.6612303042411805,1.2172410163283347,3.5779005217552187,2.0213149762153626,3.096773154735565,2.3552548468112944
0.02,0.2846153846153846,0.08615384615384614,0.2846153846153846,0.02,0.2846153846153846,0.02,122000000.0,9998000000.0,2.126920830011368,3.2780033826828,3.5873939108848574,1.1687954875826836,3.48782026052475,1.9686760985851288,2.9358073401451112,2.2643839704990385
0.02,0.2846153846153846,0.08615384615384614,0.2846153846153846,0.02,0.2846153846153846,0.02,122000000.0,11998000000.0,2.130114047527313,3.251800079345703,3.5540855360031127,1.1404846087098122,3.4515965032577514,1.9329033195972443,2.969039216041565,2.212046114206314
0.02,0.2846153846153846,0.08615384615384614,0.2846153846153846,0.02,0.2846153846153846,0.02,122000000.0,13998000000.0,2.09033278465271,3.2235105633735657,3.521344382762909,1.121589632332325,3.4225027108192445,1.9209806215763092,2.9614647912979124,2.1868572998046876
0.02,0.2846153846153846,0.08615384615384614,0.2846153846153846,0.02,0.2846153846153846,0.02,122000000.0,15998000000.0,2.088348641395569,3.196499352455139,3.4980136370658874,1.1148753675818444,3.402215268611908,1.9145505464076995,2.8806910133361816,2.1607453024387357
0.02,0.2846153846153846,0.08615384615384614,0.2846153846153846,0.02,0.2846153846153846,0.02,122000000.0,17998000000.0,2.0793872582912445,3.190654549598694,3.4843575716018678,1.1032726475596428,3.3909444332122805,1.8919577765464783,2.887979691028595,2.142483459711075
0.02,0.2846153846153846,0.08615384615384614,0.2846153846153846,0.02,0.2846153846153846,0.02,122000000.0,19998000000.0,2.0455703461170196,3.170630705356598,3.485128757953644,1.0932703879475594,3.373963265419006,1.8830723655223847,2.831602997779846,2.1299409604072572
0.02,0.2846153846153846,0.08615384615384614,0.2846153846153846,0.02,0.2846153846153846,0.02,122000000.0,20000000000.0,2.0455703461170196,3.170630705356598,3.485128757953644,1.0932703879475594,3.373963265419006,1.8830723655223847,2.831602997779846,2.1299409604072572
0.020000000000000004,0.21846153846153848,0.020000000000000004,0.08615384615384615,0.28461538461538466,0.1523076923076923,0.21846153846153848,122000000.0,1998000000.0,2.9056955075263975,4.04529911518097,4.402354216575622,2.0741559720039366,4.205923724174499,2.8515077352523805,3.402858076095581,3.3510286092758177
0.020000000000000004,0.21846153846153848,0.020000000000000004,0.08615384615384615,0.28461538461538466,0.1523076923076923,0.21846153846153848,122000000.0,3998000000.0,2.4227233695983887,3.5627373361587527,3.87884920835495,1.5772336447238922,3.6390677762031554,2.3977602088451384,2.784654612541199,2.646424696445465
0.020000000000000004,0.21846153846153848,0.020000000000000004,0.08615384615384615,0.28461538461538466,0.1523076923076923,0.21846153846153848,122000000.0,5998000000.0,2.2788119423389435,3.37657744884491,3.6640726637840273,1.4286245489120484,3.424556610584259,2.219294698238373,2.5804207599163056,2.3827276992797852
0.020000000000000004,0.21846153846153848,0.020000000000000004,0.08615384615384615,0.28461538461538466,0.1523076923076923,0.21846153846153848,122000000.0,7998000000.0,2.2496766090393066,3.3102317452430725,3.5991966319084168,1.3497894629836082,3.3530699491500853,2.1467107486724855,2.4587015771865843,2.2952945899963377
0.020000000000000004,0.21846153846153848,0.020000000000000004,0.08615384615384615,0.28461538461538466,0.1523076923076923,0.21846153846153848,122000000.0,9998000000.0,2.1531903195381163,3.2522920179367065,3.5449980974197386,1.3085745021700859,3.293571536540985,2.0910477674007417,2.3996234011650084,2.2302717566490173
0.020000000000000004,0.21846153846153848,0.020000000000000004,0.08615384615384615,0.28461538461538466,0.1523076923076923,0.21846153846153848,122000000.0,11998000000.0,2.1652440464496614,3.2267051339149475,3.5113287448883055,1.3001198956370354,3.259514865875244,2.0730353784561157,2.3559608376026153,2.1905812883377074
0.020000000000000004,0.21846153846153848,0.020000000000000004,0.08615384615384615,0.28461538461538466,0.1523076923076923,0.21846153846153848,122000000.0,13998000000.0,2.1338558185100553,3.206453547477722,3.4887004685401917,1.2781129837036134,3.2358926939964294,2.0617258191108703,2.342964403629303,2.1633536875247956
0.020000000000000004,0.21846153846153848,0.020000000000000004,0.08615384615384615,0.28461538461538466,0.1523076923076923,0.21846153846153848,122000000.0,15998000000.0,2.121189875602722,3.176527490615845,3.456321322917938,1.2621290403604508,3.206896162033081,2.039568717479706,2.307137174606323,2.138818757534027
0.020000000000000004,0.21846153846153848,0.020000000000000004,0.08615384615384615,0.28461538461538466,0.1523076923076923,0.21846153846153848,122000000.0,17998000000.0,2.113869210481644,3.164717788696289,3.4461886215209963,1.2469672128558158,3.1940837836265565,2.021152766942978,2.290657113790512,2.1063513004779817
0.020000000000000004,0.21846153846153848,0.020000000000000004,0.08615384615384615,0.28461538461538466,0.1523076923076923,0.21846153846153848,122000000.0,19998000000.0,2.0826001262664793,3.153506739139557,3.4355801701545716,1.2486997628211975,3.1830410671234133,2.011211551427841,2.277912491559982,2.1063166880607604
0.020000000000000004,0.21846153846153848,0.020000000000000004,0.08615384615384615,0.28461538461538466,0.1523076923076923,0.21846153846153848,122000000.0,20000000000.0,2.0826001262664793,3.153506739139557,3.4355801701545716,1.2486997628211975,3.1830410671234133,2.011211551427841,2.277912491559982,2.1063166880607604
0.08615384615384614,0.020000000000000004,0.020000000000000004,0.28461538461538466,0.1523076923076923,0.28461538461538466,0.1523076923076923,122000000.0,1998000000.0,2.624945441484451,4.329892494678497,4.5485395288467405,1.7666840559244157,4.368736929893494,2.6383413338661192,3.5295109343528748,3.3571741437911986
0.08615384615384614,0.020000000000000004,0.020000000000000004,0.28461538461538466,0.1523076923076923,0.28461538461538466,0.1523076923076923,122000000.0,3998000000.0,2.2149161887168884,3.841917808055878,4.000610935688019,1.370528555214405,3.793625133037567,2.208197695016861,2.9134995794296263,2.639670670032501
0.08615384615384614,0.020000000000000004,0.020000000000000004,0.28461538461538466,0.1523076923076923,0.28461538461538466,0.1523076923076923,122000000.0,5998000000.0,2.0880542969703675,3.658123095035553,3.821126437187195,1.2354299968481064,3.5832586765289305,2.061879961490631,2.710329382419586,2.4089491522312163
0.08615384615384614,0.020000000000000004,0.020000000000000004,0.28461538461538466,0.1523076923076923,0.28461538461538466,0.1523076923076923,122000000.0,7998000000.0,2.0254068636894225,3.561735622882843,3.7145259094238283,1.1911404401063919,3.4919101095199583,1.9978650796413422,2.5890549325942995,2.3024509131908415
0.08615384615384614,0.020000000000000004,0.020000000000000004,0.28461538461538466,0.1523076923076923,0.28461538461538466,0.1523076923076923,122000000.0,9998000000.0,1.9896105659008025,3.5247852063179015,3.671837582588196,1.1572814345359803,3.445309615135193,1.9595155251026153,2.514493298530579,2.2426834642887115
0.08615384615384614,0.020000000000000004,0.020000000000000004,0.28461538461538466,0.1523076923076923,0.28461538461538466,0.1523076923076923,122000000.0,11998000000.0,1.9707929587364197,3.4945772385597227,3.6410131573677065,1.1364780798554421,3.4063222575187684,1.9306865382194518,2.463461711406708,2.207955092191696
0.08615384615384614,0.020000000000000004,0.020000000000000004,0.28461538461538466,0.1523076923076923,0.28461538461538466,0.1523076923076923,122000000.0,13998000000.0,1.9512206900119782,3.467006731033325,3.5958040165901184,1.1111861819028854,3.3719718742370604,1.9141983103752136,2.4441911923885344,2.158136959075928
0.08615384615384614,0.020000000000000004,0.020000000000000004,0.28461538461538466,0.1523076923076923,0.28461538461538466,0.1523076923076923,122000000.0,15998000000.0,1.9296501648426057,3.437669198513031,3.5786851596832276,1.105133575797081,3.343256175518036,1.910398027896881,2.4012385284900666,2.145071268081665
0.08615384615384614,0.020000000000000004,0.020000000000000004,0.28461538461538466,0.1523076923076923,0.28461538461538466,0.1523076923076923,122000000.0,17998000000.0,1.9283458876609803,3.402318305969238,3.5653656005859373,1.0985370895266533,3.3247784996032714,1.8919503009319305,2.385217504501343,2.127768536806107
0.08615384615384614,0.020000000000000004,0.020000000000000004,0.28461538461538466,0.1523076923076923,0.28461538461538466,0.1523076923076923,122000000.0,19998000000.0,1.9125321173667909,3.4084473967552187,3.560058963298798,1.0934225776791573,3.3235535287857054,1.8810232388973236,2.3970757234096527,2.118940088748932
0.08615384615384614,0.020000000000000004,0.020000000000000004,0.28461538461538466,0.1523076923076923,0.28461538461538466,0.1523076923076923,122000000.0,20000000000.0,1.9125321173667909,3.4084473967552187,3.560058963298798,1.0934225776791573,3.3235535287857054,1.8810232388973236,2.3970757234096527,2.118940088748932
0.28461538461538466,0.21846153846153848,0.08615384615384618,0.08615384615384616,0.08615384615384616,0.21846153846153848,0.020000000000000004,122000000.0,1998000000.0,2.459746173620224,4.136952397823333,4.45118706703186,1.972203431725502,4.35777813911438,2.776082592010498,4.247385802268982,3.32118665933609
0.28461538461538466,0.21846153846153848,0.08615384615384618,0.08615384615384616,0.08615384615384616,0.21846153846153848,0.020000000000000004,122000000.0,3998000000.0,2.085429983139038,3.590678460597992,3.87004891872406,1.510075342953205,3.7424932312965393,2.2667701935768125,3.554111430644989,2.568282973766327
0.28461538461538466,0.21846153846153848,0.08615384615384618,0.08615384615384616,0.08615384615384616,0.21846153846153848,0.020000000000000004,122000000.0,5998000000.0,1.9515668416023255,3.412535810470581,3.674458384513855,1.3817306920886039,3.5456159210205076,2.1358670163154603,3.230528864860535,2.3479681420326233
0.28461538461538466,0.21846153846153848,0.08615384615384618,0.08615384615384616,0.08615384615384616,0.21846153846153848,0.020000000000000004,122000000.0,7998000000.0,1.895935333967209,3.3475432896614077,3.592941405773163,1.3229276520013808,3.457032244205475,2.053616553544998,3.0296697497367857,2.250471988916397
0.28461538461538466,0.21846153846153848,0.08615384615384618,0.08615384615384616,0.08615384615384616,0.21846153846153848,0.020000000000000004,122000000.0,9998000000.0,1.8613777136802674,3.2979575538635255,3.5380510592460634,1.2789374279975891,3.396876790523529,2.0175563299655916,2.923125777244568,2.1856856775283813
0.28461538461538466,0.21846153846153848,0.08615384615384618,0.08615384615384616,0.08615384615384616,0.21846153846153848,0.020000000000000004,122000000.0,11998000000.0,1.840451648235321,3.2606403756141664,3.4892191743850707,1.2511987638473512,3.3449095773696897,1.9820307731628417,2.9488686299324036,2.140949958562851
0.28461538461538466,0.21846153846153848,0.08615384615384618,0.08615384615384616,0.08615384615384616,0.21846153846153848,0.020000000000000004,122000000.0,13998000000.0,1.8198606395721435,3.2279458713531493,3.4700340938568117,1.234271261692047,3.326644661426544,1.9662283670902252,2.960504653453827,2.124232733249664
0.28461538461538466,0.21846153846153848,0.08615384615384618,0.08615384615384616,0.08615384615384616,0.21846153846153848,0.020000000000000004,122000000.0,15998000000.0,1.8069455218315125,3.2093964219093323,3.4485685348510744,1.2208048737049102,3.3108604311943055,1.9518854188919068,2.8629565763473512,2.08662219285965
0.28461538461538466,0.21846153846153848,0.08615384615384618,0.08615384615384616,0.08615384615384616,0.21846153846153848,0.020000000000000004,122000000.0,17998000000.0,1.799627925157547,3.1929840278625488,3.43730740070343,1.2126252833008766,3.2897252893447875,1.9373362362384796,2.8415785145759584,2.0719961202144623
0.28461538461538466,0.21846153846153848,0.08615384615384618,0.08615384615384616,0.08615384615384616,0.21846153846153848,0.020000000000000004,122000000.0,19998000000.0,1.7869548285007477,3.1835122966766356,3.426090281009674,1.1962878012657165,3.2737150311470034,1.927460081577301,2.797962181568146,2.0518367958068846
0.28461538461538466,0.21846153846153848,0.08615384615384618,0.08615384615384616,0.08615384615384616,0.21846153846153848,0.020000000000000004,122000000.0,20000000000.0,1.7869548285007477,3.1835122966766356,3.426090281009674,1.1962878012657165,3.2737150311470034,1.927460081577301,2.797962181568146,2.0518367958068846
0.020000000000000004,0.08615384615384615,0.35076923076923083,0.1523076923076923,0.3507692307692308,0.020000000000000004,0.020000000000000004,122000000.0,1998000000.0,3.0397389101982117,4.134384131431579,4.227089610099792,2.1290119951963424,4.139954190254212,3.238324899673462,4.453485705852509,3.3589426922798156
0.020000000000000004,0.08615384615384615,0.35076923076923083,0.1523076923076923,0.3507692307692308,0.020000000000000004,0.020000000000000004,122000000.0,3998000000.0,2.419419769048691,3.5859211230278016,3.6326080083847048,1.5478446543216706,3.514646980762482,2.5673513448238374,3.5684494400024414,2.5397585892677306
0.020000000000000004,0.08615384615384615,0.35076923076923083,0.1523076923076923,0.3507692307692308,0.020000000000000004,0.020000000000000004,122000000.0,5998000000.0,2.297089220285416,3.403335566520691,3.4371996903419495,1.4017507225275039,3.315149621963501,2.412607004642487,3.2014031648635863,2.335400321483612
0.020000000000000004,0.08615384615384615,0.35076923076923083,0.1523076923076923,0.3507692307692308,0.020000000000000004,0.020000000000000004,122000000.0,7998000000.0,2.295047595500946,3.30968558549881,3.3599005150794983,1.333502211868763,3.227646152973175,2.327585912942886,2.9980479073524475,2.217001963853836
0.020000000000000004,0.08615384615384615,0.35076923076923083,0.1523076923076923,0.3507692307692308,0.020000000000000004,0.020000000000000004,122000000.0,9998000000.0,2.162922903299332,3.2782721185684203,3.314331612586975,1.2969953817129136,3.1814510560035707,2.2780898439884187,2.892680990695953,2.175444948673248
0.020000000000000004,0.08615384615384615,0.35076923076923083,0.1523076923076923,0.3507692307692308,0.020000000000000004,0.020000000000000004,122000000.0,11998000000.0,2.200222235918045,3.2505615973472595,3.286970999240875,1.2690151226520539,3.1515589118003846,2.2369417893886565,2.933831262588501,2.135134941339493
0.020000000000000004,0.08615384615384615,0.35076923076923083,0.1523076923076923,0.3507692307692308,0.020000000000000004,0.020000000000000004,122000000.0,13998000000.0,2.137734043598175,3.2269039130210877,3.2585232067108154,1.2514119356870652,3.127536187171936,2.2236686551570894,2.9397381472587587,2.0981000626087187
0.020000000000000004,0.08615384615384615,0.35076923076923083,0.1523076923076923,0.3507692307692308,0.020000000000000004,0.020000000000000004,122000000.0,15998000000.0,2.1311490535736084,3.2019086384773257,3.239917402267456,1.2364937996864318,3.110024154186249,2.1900928342342376,2.8426217293739318,2.0856529438495635
0.020000000000000004,0.08615384615384615,0.35076923076923083,0.1523076923076923,0.3507692307692308,0.020000000000000004,0.020000000000000004,122000000.0,17998000000.0,2.128702493906021,3.192389140129089,3.2268318200111388,1.2260671898722648,3.092137324810028,2.2060964739322664,2.820669696331024,2.0668858349323274
0.020000000000000004,0.08615384615384615,0.35076923076923083,0.1523076923076923,0.3507692307692308,0.020000000000000004,0.020000000000000004,122000000.0,19998000000.0,2.0876022362709046,3.175029368400574,3.213261270523071,1.2165366590023041,3.0770152831077575,2.17943314909935,2.772700264453888,2.0491849076747894
0.020000000000000004,0.08615384615384615,0.35076923076923083,0.1523076923076923,0.3507692307692308,0.020000000000000004,0.020000000000000004,122000000.0,20000000000.0,2.0876022362709046,3.175029368400574,3.213261270523071,1.2165366590023041,3.0770152831077575,2.17943314909935,2.772700264453888,2.0491849076747894
0.1523076923076923,0.1523076923076923,0.21846153846153848,0.08615384615384616,0.1523076923076923,0.21846153846153848,0.020000000000000004,122000000.0,1998000000.0,2.5308227729797363,4.116029508113861,4.258003420829773,1.9920960283279419,4.18042179107666,2.757196886539459,4.222107014656067,3.2189824390411377
0.1523076923076923,0.1523076923076923,0.21846153846153848,0.08615384615384616,0.1523076923076923,0.21846153846153848,0.020000000000000004,122000000.0,3998000000.0,2.15459867477417,3.592979385852814,3.739725561141968,1.505901239514351,3.641386799812317,2.2720239615440367,3.553683383464813,2.532235095500946
0.1523076923076923,0.1523076923076923,0.21846153846153848,0.08615384615384616,0.1523076923076923,0.21846153846153848,0.020000000000000004,122000000.0,5998000000.0,2.038078500032425,3.4030204486846922,3.538273260593414,1.3899219840765,3.4312305641174317,2.1408786273002622,3.2209963464736937,2.3085043692588805
0.1523076923076923,0.1523076923076923,0.21846153846153848,0.08615384615384616,0.1523076923076923,0.21846153846153848,0.020000000000000004,122000000.0,7998000000.0,1.9606321477890014,3.3346717810630797,3.465577962398529,1.3096319472789764,3.3498885250091552,2.0482444989681245,3.014660108089447,2.2011717689037322
0.1523076923076923,0.1523076923076923,0.21846153846153848,0.08615384615384616,0.1523076923076923,0.21846153846153848,0.020000000000000004,122000000.0,9998000000.0,1.933124223947525,3.2789437413215636,3.4149612402915954,1.2761322325468063,3.2928373861312865,2.0160983419418335,2.9049526190757753,2.1389616787433625
0.1523076923076923,0.1523076923076923,0.21846153846153848,0.08615384615384616,0.1523076923076923,0.21846153846153848,0.020000000000000004,122000000.0,11998000000.0,1.9115520060062408,3.256210005283356,3.38199547290802,1.2439967232942581,3.2580767703056335,1.9808849585056305,2.928113465309143,2.108766151666641
0.1523076923076923,0.1523076923076923,0.21846153846153848,0.08615384615384616,0.1523076923076923,0.21846153846153848,0.020000000000000004,122000000.0,13998000000.0,1.893816682100296,3.2241993713378907,3.3527161264419556,1.228103161752224,3.234922389984131,1.9650866651535035,2.9417429041862486,2.088055466413498
0.1523076923076923,0.1523076923076923,0.21846153846153848,0.08615384615384616,0.1523076923076923,0.21846153846153848,0.020000000000000004,122000000.0,15998000000.0,1.8687237215042114,3.207365219593048,3.3292154693603515,1.2143433162569999,3.212049584388733,1.949481304883957,2.845557835102081,2.0537856924533844
0.1523076923076923,0.1523076923076923,0.21846153846153848,0.08615384615384616,0.1523076923076923,0.21846153846153848,0.020000000000000004,122000000.0,17998000000.0,1.864493840932846,3.1925723719596864,3.3115731263160706,1.2029373776912688,3.1914021587371826,1.9380270147323608,2.825172533988953,2.03733584523201
0.1523076923076923,0.1523076923076923,0.21846153846153848,0.08615384615384616,0.1523076923076923,0.21846153846153848,0.020000000000000004,122000000.0,19998000000.0,1.8539955508708954,3.186675992012024,3.3068934869766236,1.2033348420262338,3.1820772290229797,1.9332146799564363,2.8037000370025633,2.0259455239772794
0.1523076923076923,0.1523076923076923,0.21846153846153848,0.08615384615384616,0.1523076923076923,0.21846153846153848,0.020000000000000004,122000000.0,20000000000.0,1.8539955508708954,3.186675992012024,3.3068934869766236,1.2033348420262338,3.1820772290229797,1.9332146799564363,2.8037000370025633,2.0259455239772794
0.2184615384615385,0.020000000000000004,0.08615384615384615,0.15230769230769234,0.08615384615384615,0.28461538461538466,0.1523076923076923,122000000.0,1998000000.0,2.4543112969398497,4.364265108108521,4.501159067153931,1.8412275099754334,4.390165944099426,2.6484562945365906,3.534321267604828,3.325006148815155
0.2184615384615385,0.020000000000000004,0.08615384615384615,0.15230769230769234,0.08615384615384615,0.28461538461538466,0.1523076923076923,122000000.0,3998000000.0,2.2442663431167604,3.8253222346305846,3.92625075340271,1.456806788444519,3.804478449821472,2.2372377049922942,2.909776060581207,2.606163754463196
0.2184615384615385,0.020000000000000004,0.08615384615384615,0.15230769230769234,0.08615384615384615,0.28461538461538466,0.1523076923076923,122000000.0,5998000000.0,1.9717719089984893,3.657249562740326,3.7421392965316773,1.2860382652282716,3.5934835362434385,2.0616588139534,2.6985450768470765,2.368502688407898
0.2184615384615385,0.020000000000000004,0.08615384615384615,0.15230769230769234,0.08615384615384615,0.28461538461538466,0.1523076923076923,122000000.0,7998000000.0,1.924273875951767,3.5772126865386964,3.6392802166938782,1.2481709000468255,3.5053819465637206,2.002768383026123,2.5891392385959624,2.261064420938492
0.2184615384615385,0.020000000000000004,0.08615384615384615,0.15230769230769234,0.08615384615384615,0.28461538461538466,0.1523076923076923,122000000.0,9998000000.0,1.8833796858787537,3.5170309162139892,3.584189085960388,1.2167959049344064,3.446017425060272,1.963165783882141,2.5086520779132844,2.1993063473701477
0.2184615384615385,0.020000000000000004,0.08615384615384615,0.15230769230769234,0.08615384615384615,0.28461538461538466,0.1523076923076923,122000000.0,11998000000.0,1.8667346680164336,3.4764824390411375,3.5581201934814453,1.195512439906597,3.4080851244926453,1.937335170507431,2.4598470723628996,2.173512489795685
0.2184615384615385,0.020000000000000004,0.08615384615384615,0.15230769230769234,0.08615384615384615,0.28461538461538466,0.1523076923076923,122000000.0,13998000000.0,1.8527309453487397,3.4459496974945067,3.5190332531929016,1.1733459883928299,3.375640869140625,1.9230158126354218,2.4427165377140043,2.1351680088043214
0.2184615384615385,0.020000000000000004,0.08615384615384615,0.15230769230769234,0.08615384615384615,0.28461538461538466,0.1523076923076923,122000000.0,15998000000.0,1.831069941520691,3.428818919658661,3.5010493707656862,1.1663494196534157,3.3491686367988587,1.9182798945903778,2.4005071043968202,2.110658394098282
0.2184615384615385,0.020000000000000004,0.08615384615384615,0.15230769230769234,0.08615384615384615,0.28461538461538466,0.1523076923076923,122000000.0,17998000000.0,1.8241250431537628,3.419641809463501,3.488794023990631,1.149015994668007,3.335125229358673,1.8972893261909485,2.384102964401245,2.0977692806720736
0.2184615384615385,0.020000000000000004,0.08615384615384615,0.15230769230769234,0.08615384615384615,0.28461538461538466,0.1523076923076923,122000000.0,19998000000.0,1.815372610092163,3.4136148715019226,3.495568342208862,1.1426039320230483,3.339547324180603,1.8850849175453186,2.393438985347748,2.094213185310364
0.2184615384615385,0.020000000000000004,0.08615384615384615,0.15230769230769234,0.08615384615384615,0.28461538461538466,0.1523076923076923,122000000.0,20000000000.0,1.815372610092163,3.4136148715019226,3.495568342208862,1.1426039320230483,3.339547324180603,1.8850849175453186,2.393438985347748,2.094213185310364
0.02,0.2846153846153846,0.02,0.21846153846153843,0.2846153846153846,0.15230769230769228,0.02,122000000.0,1998000000.0,2.8839884901046755,4.043912875652313,4.389413485527038,1.898745766878128,4.213085405826568,2.8306427121162416,4.224126574993133,3.331676778793335
0.02,0.2846153846153846,0.02,0.21846153846153843,0.2846153846153846,0.15230769230769228,0.02,122000000.0,3998000000.0,2.390276782512665,3.5404979944229127,3.862133314609528,1.4534545609354972,3.637887363433838,2.3381132245063783,3.5561915493011473,2.5891497325897217
0.02,0.2846153846153846,0.02,0.21846153846153843,0.2846153846153846,0.15230769230769228,0.02,122000000.0,5998000000.0,2.2601311302185056,3.3695180940628053,3.6680828404426573,1.3007524394989014,3.434523546695709,2.1869527900218966,3.182066819667816,2.3645873785018923
0.02,0.2846153846153846,0.02,0.21846153846153843,0.2846153846153846,0.15230769230769228,0.02,122000000.0,7998000000.0,2.2462921071052553,3.289409246444702,3.580735845565796,1.2709218189120293,3.3479033589363096,2.1229510164260863,3.015544476509094,2.271816363334656
0.02,0.2846153846153846,0.02,0.21846153846153843,0.2846153846153846,0.15230769230769228,0.02,122000000.0,9998000000.0,2.141549277305603,3.227519929409027,3.5205376529693604,1.2271048882603646,3.283787293434143,2.0660072016716002,2.8957777214050293,2.2035588705539704
0.02,0.2846153846153846,0.02,0.21846153846153843,0.2846153846153846,0.15230769230769228,0.02,122000000.0,11998000000.0,2.148591899871826,3.1972513890266416,3.489474103450775,1.195543939769268,3.242201006412506,2.033115658760071,2.9231529068946838,2.1547607243061067
0.02,0.2846153846153846,0.02,0.21846153846153843,0.2846153846153846,0.15230769230769228,0.02,122000000.0,13998000000.0,2.1157933032512664,3.1803953790664674,3.4754403138160708,1.1829902055859565,3.22968327999115,2.0169558048248293,2.92194167137146,2.142228844165802
0.02,0.2846153846153846,0.02,0.21846153846153843,0.2846153846153846,0.15230769230769228,0.02,122000000.0,15998000000.0,2.098560012578964,3.155084125995636,3.448371810913086,1.163546569943428,3.210068354606628,1.9937738347053529,2.8423992586135864,2.110674946308136
0.02,0.2846153846153846,0.02,0.21846153846153843,0.2846153846153846,0.15230769230769228,0.02,122000000.0,17998000000.0,2.093278954029083,3.145051748752594,3.4328342461586,1.1463352686166763,3.1904799151420593,1.9806581819057465,2.83683979511261,2.0970554900169374
0.02,0.2846153846153846,0.02,0.21846153846153843,0.2846153846153846,0.15230769230769228,0.02,122000000.0,19998000000.0,2.060202170610428,3.126034986972809,3.4239073514938356,1.1440746384859084,3.1711685991287233,1.9795413148403167,2.7987415742874147,2.0682189977169037
0.02,0.2846153846153846,0.02,0.21846153846153843,0.2846153846153846,0.15230769230769228,0.02,122000000.0,20000000000.0,2.060202170610428,3.126034986972809,3.4239073514938356,1.1440746384859084,3.1711685991287233,1.9795413148403167,2.7987415742874147,2.0682189977169037
0.21846153846153846,0.08615384615384615,0.08615384615384615,0.3507692307692308,0.08615384615384615,0.02,0.15230769230769228,122000000.0,1998000000.0,2.501918965578079,4.305978894233704,4.538472247123718,1.8438609367609025,4.436311919689178,3.012320549488068,3.5867727303504946,3.40573593378067
0.21846153846153846,0.08615384615384615,0.08615384615384615,0.3507692307692308,0.08615384615384615,0.02,0.15230769230769228,122000000.0,3998000000.0,2.1484886384010315,3.744064145088196,3.947626256942749,1.4342604669928551,3.8185196590423582,2.5081428015232086,2.9278481578826905,2.675357222557068
0.21846153846153846,0.08615384615384615,0.08615384615384615,0.3507692307692308,0.08615384615384615,0.02,0.15230769230769228,122000000.0,5998000000.0,1.9987162518501282,3.5634935188293455,3.731138672828674,1.277234525680542,3.5877680921554567,2.3498773372173307,2.712526204586029,2.4278028178215028
0.21846153846153846,0.08615384615384615,0.08615384615384615,0.3507692307692308,0.08615384615384615,0.02,0.15230769230769228,122000000.0,7998000000.0,1.9422437560558319,3.449005603790283,3.639719159603119,1.2188382741808892,3.4799968504905703,2.250309553146362,2.588531687259674,2.312514340877533
0.21846153846153846,0.08615384615384615,0.08615384615384615,0.3507692307692308,0.08615384615384615,0.02,0.15230769230769228,122000000.0,9998000000.0,1.90429660320282,3.4044332766532897,3.594969050884247,1.1866890659928322,3.4392204093933105,2.217803579568863,2.516594034433365,2.2520207726955412
0.21846153846153846,0.08615384615384615,0.08615384615384615,0.3507692307692308,0.08615384615384615,0.02,0.15230769230769228,122000000.0,11998000000.0,1.8897686088085175,3.3781911182403563,3.5586011528968813,1.1621183940768243,3.3957736349105834,2.2034474813938143,2.4632043087482454,2.2219804692268372
0.21846153846153846,0.08615384615384615,0.08615384615384615,0.3507692307692308,0.08615384615384615,0.02,0.15230769230769228,122000000.0,13998000000.0,1.870590844154358,3.34040442943573,3.526440417766571,1.1427135908603667,3.3716230058670043,2.1607917726039885,2.446380487680435,2.1796805918216706
0.21846153846153846,0.08615384615384615,0.08615384615384615,0.3507692307692308,0.08615384615384615,0.02,0.15230769230769228,122000000.0,15998000000.0,1.8459532010555266,3.325708329677582,3.5022486448287964,1.1288988271355629,3.3481312084197996,2.1671304500102995,2.4007703471183777,2.1542096626758576
0.21846153846153846,0.08615384615384615,0.08615384615384615,0.3507692307692308,0.08615384615384615,0.02,0.15230769230769228,122000000.0,17998000000.0,1.838810464143753,3.314772825241089,3.4859798550605774,1.1154513093829155,3.33035852432251,2.1318999683856963,2.385169906616211,2.1358647787570955
0.21846153846153846,0.08615384615384615,0.08615384615384615,0.3507692307692308,0.08615384615384615,0.02,0.15230769230769228,122000000.0,19998000000.0,1.8320937550067902,3.32031457901001,3.4906445741653442,1.110825910270214,3.3189504837989805,2.1197373044490813,2.3935341942310333,2.1279416286945345
0.21846153846153846,0.08615384615384615,0.08615384615384615,0.3507692307692308,0.08615384615384615,0.02,0.15230769230769228,122000000.0,20000000000.0,1.8320937550067902,3.32031457901001,3.4906445741653442,1.110825910270214,3.3189504837989805,2.1197373044490813,2.3935341942310333,2.1279416286945345
0.02,0.2846153846153846,0.02,0.02,0.2846153846153846,0.21846153846153843,0.15230769230769228,122000000.0,1998000000.0,2.876196708679199,4.000209281444549,4.360342926979065,2.1809193229675294,4.182082240581512,2.807607533931732,3.4992117214202882,3.335936100482941
0.02,0.2846153846153846,0.02,0.02,0.2846153846153846,0.21846153846153843,0.15230769230769228,122000000.0,3998000000.0,2.4022991263866427,3.524273107051849,3.8488056659698486,1.6873952484130859,3.6211101722717287,2.338162639141083,2.8714115762710573,2.6125222396850587
0.02,0.2846153846153846,0.02,0.02,0.2846153846153846,0.21846153846153843,0.15230769230769228,122000000.0,5998000000.0,2.2590589714050293,3.3477055406570435,3.64740891456604,1.502305379509926,3.4070285248756407,2.17161749958992,2.6633956933021548,2.3679200839996337
0.02,0.2846153846153846,0.02,0.02,0.2846153846153846,0.21846153846153843,0.15230769230769228,122000000.0,7998000000.0,2.254716900587082,3.2825944018363953,3.5901361513137817,1.4584933131933213,3.3563880205154417,2.12019891500473,2.5786709105968475,2.2987871491909027
0.02,0.2846153846153846,0.02,0.02,0.2846153846153846,0.21846153846153843,0.15230769230769228,122000000.0,9998000000.0,2.1451921379566192,3.219508798122406,3.523920969963074,1.3980757084488868,3.284331600666046,2.05930717587471,2.472977297306061,2.216627118587494
0.02,0.2846153846153846,0.02,0.02,0.2846153846153846,0.21846153846153843,0.15230769230769228,122000000.0,11998000000.0,2.1654427814483643,3.1971872329711912,3.501733720302582,1.3875862675905228,3.25447242975235,2.036735236644745,2.4352473211288452,2.187413877248764
0.02,0.2846153846153846,0.02,0.02,0.2846153846153846,0.21846153846153843,0.15230769230769228,122000000.0,13998000000.0,2.1187074148654936,3.1728245663642882,3.475401339530945,1.3530562952160836,3.2256829285621644,2.021954562664032,2.416461125612259,2.1554979419708253
0.02,0.2846153846153846,0.02,0.02,0.2846153846153846,0.21846153846153843,0.15230769230769228,122000000.0,15998000000.0,2.1133979892730714,3.146983561515808,3.4451665258407593,1.3613991153240204,3.198436460494995,2.014074147939682,2.3705121517181396,2.125359970331192
0.02,0.2846153846153846,0.02,0.02,0.2846153846153846,0.21846153846153843,0.15230769230769228,122000000.0,17998000000.0,2.103707642555237,3.137905077934265,3.431319077014923,1.3290333598852158,3.183699355125427,1.9904125952720642,2.355952514410019,2.112200254201889
0.02,0.2846153846153846,0.02,0.02,0.2846153846153846,0.21846153846153843,0.15230769230769228,122000000.0,19998000000.0,2.074289447069168,3.1258352327346803,3.4342384505271912,1.3290569418668747,3.1785509467124937,1.979842643737793,2.3660576808452607,2.0941434359550475
0.02,0.2846153846153846,0.02,0.02,0.2846153846153846,0.21846153846153843,0.15230769230769228,122000000.0,20000000000.0,2.074289447069168,3.1258352327346803,3.4342384505271912,1.3290569418668747,3.1785509467124937,1.979842643737793,2.3660576808452607,2.0941434359550475
0.21846153846153846,0.1523076923076923,0.02,0.15230769230769228,0.08615384615384615,0.21846153846153843,0.15230769230769228,122000000.0,1998000000.0,2.4647284245491026,4.183908922672272,4.5571755599975585,1.876462800502777,4.398635580539703,2.70695428609848,3.5308853077888487,3.3503452253341677
0.21846153846153846,0.1523076923076923,0.02,0.15230769230769228,0.08615384615384615,0.21846153846153843,0.15230769230769228,122000000.0,3998000000.0,2.1208926963806154,3.6611770677566526,3.9858598256111146,1.4540846395492553,3.7944843673706057,2.263805605173111,2.893689651489258,2.6243727517127993
0.21846153846153846,0.1523076923076923,0.02,0.15230769230769228,0.08615384615384615,0.21846153846153843,0.15230769230769228,122000000.0,5998000000.0,1.9809153246879578,3.4812634873390196,3.787779653072357,1.3076626080274583,3.596056637763977,2.1115576338768007,2.693127679824829,2.3913623571395872
0.21846153846153846,0.1523076923076923,0.02,0.15230769230769228,0.08615384615384615,0.21846153846153843,0.15230769230769228,122000000.0,7998000000.0,1.9310619354248046,3.398377683162689,3.7189472126960754,1.2664665481448174,3.514616672992706,2.04494531750679,2.5828454077243803,2.2894220197200776
0.21846153846153846,0.1523076923076923,0.02,0.15230769230769228,0.08615384615384615,0.21846153846153843,0.15230769230769228,122000000.0,9998000000.0,1.8892274868488312,3.3406095790863035,3.66965411901474,1.232910911142826,3.444741199016571,2.005923924446106,2.4985172843933103,2.2274423146247866
0.21846153846153846,0.1523076923076923,0.02,0.15230769230769228,0.08615384615384615,0.21846153846153843,0.15230769230769228,122000000.0,11998000000.0,1.8782647681236266,3.3222433876991273,3.6241916751861574,1.2141751658916473,3.408061857223511,1.9828146815299987,2.4553661489486696,2.1945977663993834
0.21846153846153846,0.1523076923076923,0.02,0.15230769230769228,0.08615384615384615,0.21846153846153843,0.15230769230769228,122000000.0,13998000000.0,1.8642351496219636,3.28144846200943,3.601217260360718,1.1962880703806877,3.3787785840034483,1.9720096695423126,2.4357674908638,2.1653111636638642
0.21846153846153846,0.1523076923076923,0.02,0.15230769230769228,0.08615384615384615,0.21846153846153843,0.15230769230769228,122000000.0,15998000000.0,1.8361419892311097,3.2662904930114744,3.586507747173309,1.1787060776352882,3.359997432231903,1.9578673827648163,2.3931859624385834,2.144288339614868
0.21846153846153846,0.1523076923076923,0.02,0.15230769230769228,0.08615384615384615,0.21846153846153843,0.15230769230769228,122000000.0,17998000000.0,1.8296974873542786,3.2532945919036864,3.5625449299812315,1.1619475415349008,3.3419641184806825,1.937534840106964,2.3771802985668185,2.123778371810913
0.21846153846153846,0.1523076923076923,0.02,0.15230769230769228,0.08615384615384615,0.21846153846153843,0.15230769230769228,122000000.0,19998000000.0,1.8245290422439575,3.2576034092903137,3.5545137333869934,1.1648969933390618,3.33284823179245,1.9293718707561494,2.3925387907028197,2.1129966485500336
0.21846153846153846,0.1523076923076923,0.02,0.15230769230769228,0.08615384615384615,0.21846153846153843,0.15230769230769228,122000000.0,20000000000.0,1.8245290422439575,3.2576034092903137,3.5545137333869934,1.1648969933390618,3.33284823179245,1.9293718707561494,2.3925387907028197,2.1129966485500336
0.02,0.08615384615384614,0.21846153846153843,0.02,0.3507692307692308,0.1523076923076923,0.15230769230769228,122000000.0,1998000000.0,2.9019876646995546,4.065285885334015,4.216161510944366,2.24898423910141,4.096436469554901,2.8868380784988403,3.4959901213645934,3.2678936529159546
0.02,0.08615384615384614,0.21846153846153843,0.02,0.3507692307692308,0.1523076923076923,0.15230769230769228,122000000.0,3998000000.0,2.404284542798996,3.5843559074401856,3.68646110534668,1.7246339529752732,3.545536067485809,2.3925059270858764,2.8651957297325135,2.5687490701675415
0.02,0.08615384615384614,0.21846153846153843,0.02,0.3507692307692308,0.1523076923076923,0.15230769230769228,122000000.0,5998000000.0,2.269910420179367,3.409009277820587,3.500618941783905,1.5411900407075882,3.344127368927002,2.22689942240715,2.659066734313965,2.3333080863952635
0.02,0.08615384615384614,0.21846153846153843,0.02,0.3507692307692308,0.1523076923076923,0.15230769230769228,122000000.0,7998000000.0,2.2418693017959597,3.3251585292816164,3.421656641960144,1.455499488711357,3.2665540981292724,2.141039578914642,2.540142298936844,2.2350701916217806
0.02,0.08615384615384614,0.21846153846153843,0.02,0.3507692307692308,0.1523076923076923,0.15230769230769228,122000000.0,9998000000.0,2.1482131350040437,3.2879283475875853,3.3686378359794618,1.4173136895895004,3.2125687313079836,2.100593103170395,2.4633927178382873,2.183150898218155
0.02,0.08615384615384614,0.21846153846153843,0.02,0.3507692307692308,0.1523076923076923,0.15230769230769228,122000000.0,11998000000.0,2.1769697391986846,3.2815740966796874,3.348917841911316,1.42616824477911,3.1936921525001525,2.0918892991542815,2.4326403748989107,2.1543001282215117
0.02,0.08615384615384614,0.21846153846153843,0.02,0.3507692307692308,0.1523076923076923,0.15230769230769228,122000000.0,13998000000.0,2.121749517917633,3.231225001811981,3.3111893224716185,1.3701618891954421,3.154665036201477,2.0615776455402375,2.403424941301346,2.1077773451805113
0.02,0.08615384615384614,0.21846153846153843,0.02,0.3507692307692308,0.1523076923076923,0.15230769230769228,122000000.0,15998000000.0,2.128854739665985,3.2086531376838683,3.2943903183937073,1.4095405367016793,3.1366576671600344,2.0795585310459135,2.3651695799827577,2.1110115945339203
0.02,0.08615384615384614,0.21846153846153843,0.02,0.3507692307692308,0.1523076923076923,0.15230769230769228,122000000.0,17998000000.0,2.1076699888706205,3.1991016149520872,3.2831532740592957,1.347657523751259,3.120647299289703,2.0291260981559756,2.3468178737163545,2.0718826305866243
0.02,0.08615384615384614,0.21846153846153843,0.02,0.3507692307692308,0.1523076923076923,0.15230769230769228,122000000.0,19998000000.0,2.076269116401672,3.1881651377677915,3.2743110823631287,1.345780031979084,3.1108939909934996,2.0174716567993163,2.356645618677139,2.0642304742336273
0.02,0.08615384615384614,0.21846153846153843,0.02,0.3507692307692308,0.1523076923076923,0.15230769230769228,122000000.0,20000000000.0,2.076269116401672,3.1881651377677915,3.2743110823631287,1.345780031979084,3.1108939909934996,2.0174716567993163,2.356645618677139,2.0642304742336273
0.1523076923076923,0.08615384615384616,0.08615384615384615,0.21846153846153848,0.020000000000000004,0.28461538461538466,0.1523076923076923,122000000.0,1998000000.0,2.506593881845474,4.25538740158081,4.523873414993286,1.7828613758087157,4.44885044336319,2.6296170854568484,3.531216654777527,3.345349142551422
0.1523076923076923,0.08615384615384616,0.08615384615384615,0.21846153846153848,0.020000000000000004,0.28461538461538466,0.1523076923076923,122000000.0,3998000000.0,2.151965709924698,3.74285108089447,3.9623942375183105,1.3959021726250649,3.87899564743042,2.2083886325359345,2.913517174720764,2.6217045760154725
0.1523076923076923,0.08615384615384616,0.08615384615384615,0.21846153846153848,0.020000000000000004,0.28461538461538466,0.1523076923076923,122000000.0,5998000000.0,2.024738041162491,3.5494918823242188,3.784466412067413,1.2566688245534896,3.681895201206207,2.0617500722408293,2.7068499398231505,2.4115838980674744
0.1523076923076923,0.08615384615384616,0.08615384615384615,0.21846153846153848,0.020000000000000004,0.28461538461538466,0.1523076923076923,122000000.0,7998000000.0,1.957406244277954,3.4971989440917968,3.6635465741157534,1.212395251095295,3.566303131580353,1.9965931475162506,2.5893450379371643,2.2850738072395327
0.1523076923076923,0.08615384615384616,0.08615384615384615,0.21846153846153848,0.020000000000000004,0.28461538461538466,0.1523076923076923,122000000.0,9998000000.0,1.9279100847244264,3.407914731502533,3.609177060127258,1.1821610990166664,3.508700518608093,1.9578419208526612,2.508661847114563,2.220855141878128
0.1523076923076923,0.08615384615384616,0.08615384615384615,0.21846153846153848,0.020000000000000004,0.28461538461538466,0.1523076923076923,122000000.0,11998000000.0,1.9090947699546814,3.3834327912330626,3.587474625110626,1.1567166861891747,3.483271963596344,1.9293347883224488,2.4609628987312315,2.1965457928180694
0.1523076923076923,0.08615384615384616,0.08615384615384615,0.21846153846153848,0.020000000000000004,0.28461538461538466,0.1523076923076923,122000000.0,13998000000.0,1.8906031620502473,3.357720422744751,3.5462335252761843,1.1416211178898812,3.443097720146179,1.916273137331009,2.4441379630565643,2.1691193234920503
0.1523076923076923,0.08615384615384616,0.08615384615384615,0.21846153846153848,0.020000000000000004,0.28461538461538466,0.1523076923076923,122000000.0,15998000000.0,1.872957260608673,3.3366494083404543,3.5349605011940004,1.1333208990097046,3.4250902724266052,1.9150158751010895,2.4060534489154817,2.148702212572098
0.1523076923076923,0.08615384615384616,0.08615384615384615,0.21846153846153848,0.020000000000000004,0.28461538461538466,0.1523076923076923,122000000.0,17998000000.0,1.8652527618408203,3.328202269077301,3.523366072177887,1.1146741795539856,3.414944257736206,1.8940809237957001,2.3906289553642273,2.123188849687576
0.1523076923076923,0.08615384615384616,0.08615384615384615,0.21846153846153848,0.020000000000000004,0.28461538461538466,0.1523076923076923,122000000.0,19998000000.0,1.8550175154209136,3.332152473926544,3.533991284370422,1.1157972583174705,3.4198121523857115,1.8855867302417755,2.402066878080368,2.12062673330307
0.1523076923076923,0.08615384615384616,0.08615384615384615,0.21846153846153848,0.020000000000000004,0.28461538461538466,0.1523076923076923,122000000.0,20000000000.0,1.8550175154209136,3.332152473926544,3.533991284370422,1.1157972583174705,3.4198121523857115,1.8855867302417755,2.402066878080368,2.12062673330307
0.08615384615384616,0.21846153846153848,0.08615384615384616,0.35076923076923083,0.020000000000000004,0.08615384615384616,0.1523076923076923,122000000.0,1998000000.0,2.645952912569046,4.13208699464798,4.489903893470764,1.784510708451271,4.421570920944214,2.82722971200943,3.521590929031372,3.405841102600098
0.08615384615384616,0.21846153846153848,0.08615384615384616,0.35076923076923083,0.020000000000000004,0.08615384615384616,0.1523076923076923,122000000.0,3998000000.0,2.267383425235748,3.6553299403190613,3.9775290846824647,1.4045463851094246,3.894902164936066,2.3809104740619658,2.9318958163261413,2.710576066970825
0.08615384615384616,0.21846153846153848,0.08615384615384616,0.35076923076923083,0.020000000000000004,0.08615384615384616,0.1523076923076923,122000000.0,5998000000.0,2.129681500196457,3.463298571109772,3.762216410636902,1.2779217168688775,3.669750363826752,2.22917419552803,2.7281399059295652,2.4483012413978575
0.08615384615384616,0.21846153846153848,0.08615384615384616,0.35076923076923083,0.020000000000000004,0.08615384615384616,0.1523076923076923,122000000.0,7998000000.0,2.055838313102722,3.3837813353538513,3.6693353819847108,1.2102406731247901,3.5572887444496155,2.1323244893550872,2.5975180292129516,2.3444165074825287
0.08615384615384616,0.21846153846153848,0.08615384615384616,0.35076923076923083,0.020000000000000004,0.08615384615384616,0.1523076923076923,122000000.0,9998000000.0,2.0186741983890535,3.3165707087516783,3.6114750623703005,1.179394705593586,3.498338694572449,2.105971566438675,2.514580305814743,2.279688867330551
0.08615384615384616,0.21846153846153848,0.08615384615384616,0.35076923076923083,0.020000000000000004,0.08615384615384616,0.1523076923076923,122000000.0,11998000000.0,1.9982855570316316,3.2925292325019835,3.5741485714912415,1.1473020333051682,3.454626426696777,2.0716567921638487,2.4624233400821685,2.23645165681839
0.08615384615384616,0.21846153846153848,0.08615384615384616,0.35076923076923083,0.020000000000000004,0.08615384615384616,0.1523076923076923,122000000.0,13998000000.0,1.9813676357269288,3.2582374262809752,3.5423465251922606,1.133025533258915,3.4348791217803956,2.0506053805351256,2.4479162657260893,2.207506289482117
0.08615384615384616,0.21846153846153848,0.08615384615384616,0.35076923076923083,0.020000000000000004,0.08615384615384616,0.1523076923076923,122000000.0,15998000000.0,1.9519465792179107,3.2303503441810606,3.5122527956962584,1.1227570471167565,3.396701149940491,2.0518991219997407,2.3979585456848143,2.172348849773407
0.08615384615384616,0.21846153846153848,0.08615384615384616,0.35076923076923083,0.020000000000000004,0.08615384615384616,0.1523076923076923,122000000.0,17998000000.0,1.9532428073883057,3.2180459880828858,3.4989744639396667,1.1096806079149246,3.381804435253143,2.027743470668793,2.384282644987106,2.1535655570030214
0.08615384615384616,0.21846153846153848,0.08615384615384616,0.35076923076923083,0.020000000000000004,0.08615384615384616,0.1523076923076923,122000000.0,19998000000.0,1.9381836915016175,3.2167404007911684,3.5050069165229796,1.107546913921833,3.376595904827118,2.01684287071228,2.396564440727234,2.1449617493152617
0.08615384615384616,0.21846153846153848,0.08615384615384616,0.35076923076923083,0.020000000000000004,0.08615384615384616,0.1523076923076923,122000000.0,20000000000.0,1.9381836915016175,3.2167404007911684,3.5050069165229796,1.107546913921833,3.376595904827118,2.01684287071228,2.396564440727234,2.1449617493152617
0.020000000000000004,0.08615384615384618,0.416923076923077,0.08615384615384618,0.08615384615384616,0.08615384615384616,0.21846153846153848,122000000.0,1998000000.0,2.933922894001007,4.080031774044037,4.188300280570984,2.1091721898317335,4.16320125579834,2.9367020654678346,3.3757992649078368,3.2750533270835875
0.020000000000000004,0.08615384615384618,0.416923076923077,0.08615384615384618,0.08615384615384616,0.08615384615384616,0.21846153846153848,122000000.0,3998000000.0,2.4046923327445984,3.6070989036560057,3.669926838874817,1.5701083439588546,3.615020709037781,2.4283557081222535,2.7560255837440493,2.5576010870933534
0.020000000000000004,0.08615384615384618,0.416923076923077,0.08615384615384618,0.08615384615384616,0.08615384615384616,0.21846153846153848,122000000.0,5998000000.0,2.271248850822449,3.4216201806068423,3.4656599140167237,1.4313866347074509,3.4025543785095214,2.2637692379951475,2.5542806220054626,2.335423994064331
0.020000000000000004,0.08615384615384618,0.416923076923077,0.08615384615384618,0.08615384615384616,0.08615384615384616,0.21846153846153848,122000000.0,7998000000.0,2.2533785772323607,3.3396209335327147,3.397313704490662,1.3640895929932595,3.327569305896759,2.188736979961395,2.442206795215607,2.2474474501609802
0.020000000000000004,0.08615384615384618,0.416923076923077,0.08615384615384618,0.08615384615384616,0.08615384615384616,0.21846153846153848,122000000.0,9998000000.0,2.1600706803798677,3.3053905463218687,3.3520759105682374,1.327399307489395,3.275589346885681,2.1490471172332763,2.394570926427841,2.1935808408260344
0.020000000000000004,0.08615384615384618,0.416923076923077,0.08615384615384618,0.08615384615384616,0.08615384615384616,0.21846153846153848,122000000.0,11998000000.0,2.1677209901809693,3.274148166179657,3.3199137473106384,1.2974435728788376,3.245695378780365,2.11036927819252,2.3441075587272646,2.157153730392456
0.020000000000000004,0.08615384615384618,0.416923076923077,0.08615384615384618,0.08615384615384616,0.08615384615384616,0.21846153846153848,122000000.0,13998000000.0,2.1313666450977324,3.251083979606628,3.2917946672439573,1.2800344553589822,3.219289824962616,2.104433718919754,2.3259264743328094,2.1290805912017823
0.020000000000000004,0.08615384615384618,0.416923076923077,0.08615384615384618,0.08615384615384616,0.08615384615384616,0.21846153846153848,122000000.0,15998000000.0,2.149508774280548,3.234698781967163,3.277584919929504,1.2847120177745819,3.2039631509780886,2.144488513469696,2.3104185783863067,2.1128760838508605
0.020000000000000004,0.08615384615384618,0.416923076923077,0.08615384615384618,0.08615384615384616,0.08615384615384616,0.21846153846153848,122000000.0,17998000000.0,2.1231123661994933,3.2218656969070434,3.2621362709999087,1.257551795244217,3.188037648200989,2.0707927632331846,2.2872457790374754,2.0904363489151
0.020000000000000004,0.08615384615384618,0.416923076923077,0.08615384615384618,0.08615384615384616,0.08615384615384616,0.21846153846153848,122000000.0,19998000000.0,2.08704114317894,3.204043159484863,3.2513022518157957,1.2537018176913262,3.1724063181877136,2.0614757430553436,2.2731691014766695,2.0788390374183656
0.020000000000000004,0.08615384615384618,0.416923076923077,0.08615384615384618,0.08615384615384616,0.08615384615384616,0.21846153846153848,122000000.0,20000000000.0,2.08704114317894,3.204043159484863,3.2513022518157957,1.2537018176913262,3.1724063181877136,2.0614757430553436,2.2731691014766695,2.0788390374183656
0.02,0.21846153846153846,0.1523076923076923,0.15230769230769228,0.02,0.2846153846153846,0.15230769230769228,122000000.0,1998000000.0,2.8052353930473326,4.067690365314483,4.3791620683670045,1.8323104006052018,4.328078117370605,2.6525626754760743,3.4932237339019774,3.309398684501648
0.02,0.21846153846153846,0.1523076923076923,0.15230769230769228,0.02,0.2846153846153846,0.15230769230769228,122000000.0,3998000000.0,2.3662903654575347,3.588043234348297,3.844586751461029,1.4451835653185845,3.783390040397644,2.233537211418152,2.8930191230773925,2.6153866314888
0.02,0.21846153846153846,0.1523076923076923,0.15230769230769228,0.02,0.2846153846153846,0.15230769230769228,122000000.0,5998000000.0,2.241894977092743,3.4191909551620485,3.6571524119377137,1.3091175308823586,3.5884898948669433,2.0880391991138456,2.6997497606277467,2.386489876508713
0.02,0.21846153846153846,0.1523076923076923,0.15230769230769228,0.02,0.2846153846153846,0.15230769230769228,122000000.0,7998000000.0,2.2115174102783204,3.3429279589653014,3.5599661612510682,1.2640843835473061,3.481285183429718,2.020577381849289,2.5745534253120423,2.283843470811844
0.02,0.21846153846153846,0.1523076923076923,0.15230769230769228,0.02,0.2846153846153846,0.15230769230769228,122000000.0,9998000000.0,2.127136083841324,3.281298680305481,3.5072261452674867,1.2302544397115707,3.425395624637604,1.9814847898483277,2.491115508079529,2.226017963886261
0.02,0.21846153846153846,0.1523076923076923,0.15230769230769228,0.02,0.2846153846153846,0.15230769230769228,122000000.0,11998000000.0,2.1409757232666013,3.263768811225891,3.491540515422821,1.2169311049580573,3.4072805500030516,1.9627772736549378,2.4589499175548553,2.199615023136139
0.02,0.21846153846153846,0.1523076923076923,0.15230769230769228,0.02,0.2846153846153846,0.15230769230769228,122000000.0,13998000000.0,2.1040232157707215,3.2289307427406313,3.445127236843109,1.189457429945469,3.3642209219932555,1.9413027572631836,2.431725206375122,2.1551011669635773
0.02,0.21846153846153846,0.1523076923076923,0.15230769230769228,0.02,0.2846153846153846,0.15230769230769228,122000000.0,15998000000.0,2.095540603399277,3.202957351207733,3.4303489828109743,1.1787698942422866,3.340911855697632,1.9374306797981262,2.3884456872940065,2.1367023837566377
0.02,0.21846153846153846,0.1523076923076923,0.15230769230769228,0.02,0.2846153846153846,0.15230769230769228,122000000.0,17998000000.0,2.087035415172577,3.192906765937805,3.415619685649872,1.1607997080683707,3.3302219033241274,1.914756759405136,2.3733517611026764,2.1212430095672605
0.02,0.21846153846153846,0.1523076923076923,0.15230769230769228,0.02,0.2846153846153846,0.15230769230769228,122000000.0,19998000000.0,2.056808441877365,3.185806031227112,3.419486310482025,1.163434162735939,3.3268661451339723,1.9047456979751587,2.381565251350403,2.10277636051178
0.02,0.21846153846153846,0.1523076923076923,0.15230769230769228,0.02,0.2846153846153846,0.15230769230769228,122000000.0,20000000000.0,2.056808441877365,3.185806031227112,3.419486310482025,1.163434162735939,3.3268661451339723,1.9047456979751587,2.381565251350403,2.10277636051178
0.2846153846153846,0.08615384615384615,0.02,0.02,0.21846153846153843,0.08615384615384614,0.2846153846153846,122000000.0,1998000000.0,2.468670890331268,4.179808342456818,4.479623627662659,2.3034753942489625,4.2768579912185665,2.9787870121002196,3.303490047454834,3.381152534484863
0.2846153846153846,0.08615384615384615,0.02,0.02,0.21846153846153843,0.08615384615384614,0.2846153846153846,122000000.0,3998000000.0,2.1149956929683684,3.6777812886238097,3.917980535030365,1.746893474459648,3.6897761487960814,2.500425109863281,2.7254478764533996,2.657548522949219
0.2846153846153846,0.08615384615384615,0.02,0.02,0.21846153846153843,0.08615384615384614,0.2846153846153846,122000000.0,5998000000.0,1.9739419102668763,3.487337386608124,3.7085621881484987,1.5765585696697235,3.473548665046692,2.327021919488907,2.507466861009598,2.410411009788513
0.2846153846153846,0.08615384615384615,0.02,0.02,0.21846153846153843,0.08615384615384614,0.2846153846153846,122000000.0,7998000000.0,1.9141972219944001,3.403669135570526,3.6459741950035096,1.5088479399681092,3.3963297700881956,2.2460335540771483,2.3965572023391726,2.313624715805054
0.2846153846153846,0.08615384615384615,0.02,0.02,0.21846153846153843,0.08615384615384614,0.2846153846153846,122000000.0,9998000000.0,1.8833273983001708,3.35999449968338,3.6101505613327025,1.468474068045616,3.350481781959534,2.194473890066147,2.34651496887207,2.258605906963348
0.2846153846153846,0.08615384615384615,0.02,0.02,0.21846153846153843,0.08615384615384614,0.2846153846153846,122000000.0,11998000000.0,1.8640145993232726,3.32930965423584,3.5607661032676696,1.4549067065119743,3.30516973733902,2.165435674190521,2.299261783361435,2.219681406021118
0.2846153846153846,0.08615384615384615,0.02,0.02,0.21846153846153843,0.08615384615384614,0.2846153846153846,122000000.0,13998000000.0,1.846230115890503,3.2980810689926146,3.5398053693771363,1.4299361324310302,3.280413415431976,2.16104452252388,2.281601277589798,2.1909432184696196
0.2846153846153846,0.08615384615384615,0.02,0.02,0.21846153846153843,0.08615384615384614,0.2846153846153846,122000000.0,15998000000.0,1.8306219291687011,3.2832277727127077,3.5261552143096924,1.4051776537299157,3.2598963522911073,2.129524453878403,2.2628711032867432,2.1545026314258577
0.2846153846153846,0.08615384615384615,0.02,0.02,0.21846153846153843,0.08615384615384614,0.2846153846153846,122000000.0,17998000000.0,1.8238350439071656,3.274126584529877,3.5040700697898863,1.386072102189064,3.245542402267456,2.1150545716285705,2.245818371772766,2.138836450576782
0.2846153846153846,0.08615384615384615,0.02,0.02,0.21846153846153843,0.08615384615384614,0.2846153846153846,122000000.0,19998000000.0,1.8123662626743318,3.27147337436676,3.4948274874687195,1.386578387916088,3.2354826021194456,2.102706832885742,2.230496929883957,2.133280907869339
0.2846153846153846,0.08615384615384615,0.02,0.02,0.21846153846153843,0.08615384615384614,0.2846153846153846,122000000.0,20000000000.0,1.8123662626743318,3.27147337436676,3.4948274874687195,1.386578387916088,3.2354826021194456,2.102706832885742,2.230496929883957,2.133280907869339
0.21846153846153848,0.08615384615384615,0.020000000000000004,0.28461538461538466,0.08615384615384615,0.020000000000000004,0.28461538461538466,122000000.0,1998000000.0,2.4977715754508973,4.2922376704216,4.614155879020691,1.868601359128952,4.4371827125549315,3.0048297023773194,3.3287320804595946,3.4584459972381594
0.21846153846153848,0.08615384615384615,0.020000000000000004,0.28461538461538466,0.08615384615384615,0.020000000000000004,0.28461538461538466,122000000.0,3998000000.0,2.1513469851017,3.754542365074158,4.063172883987427,1.4584694603085517,3.8558974862098694,2.517433499097824,2.7501842331886293,2.7170447397232054
0.21846153846153848,0.08615384615384615,0.020000000000000004,0.28461538461538466,0.08615384615384615,0.020000000000000004,0.28461538461538466,122000000.0,5998000000.0,2.010540795326233,3.5840307307243346,3.869636459350586,1.3080010429024695,3.6462166690826416,2.382499066591263,2.5387173533439635,2.492379195690155
0.21846153846153848,0.08615384615384615,0.020000000000000004,0.28461538461538466,0.08615384615384615,0.020000000000000004,0.28461538461538466,122000000.0,7998000000.0,1.9526135110855103,3.479047532081604,3.7678600358963013,1.2536994263529777,3.548028769493103,2.294584527015686,2.426362158060074,2.371759216785431
0.21846153846153848,0.08615384615384615,0.020000000000000004,0.28461538461538466,0.08615384615384615,0.020000000000000004,0.28461538461538466,122000000.0,9998000000.0,1.9138494539260864,3.4218290138244627,3.7027021741867063,1.2196528854966164,3.479079747200012,2.2486812329292296,2.3690702521800997,2.302692679166794
0.21846153846153848,0.08615384615384615,0.020000000000000004,0.28461538461538466,0.08615384615384615,0.020000000000000004,0.28461538461538466,122000000.0,11998000000.0,1.896538634300232,3.408419380187988,3.693689675331116,1.193222589492798,3.457323989868164,2.207414153814316,2.3260530853271484,2.2693033409118653
0.21846153846153848,0.08615384615384615,0.020000000000000004,0.28461538461538466,0.08615384615384615,0.020000000000000004,0.28461538461538466,122000000.0,13998000000.0,1.8804822885990142,3.3660198211669923,3.6525107550621034,1.1750291737914085,3.421673583984375,2.2222654390335084,2.305479916334152,2.228167545795441
0.21846153846153848,0.08615384615384615,0.020000000000000004,0.28461538461538466,0.08615384615384615,0.020000000000000004,0.28461538461538466,122000000.0,15998000000.0,1.8583481299877167,3.350092670917511,3.61798357963562,1.162575507760048,3.3916056180000305,2.1854465544223785,2.284062912464142,2.1985619962215424
0.21846153846153848,0.08615384615384615,0.020000000000000004,0.28461538461538466,0.08615384615384615,0.020000000000000004,0.28461538461538466,122000000.0,17998000000.0,1.8512612688541412,3.3406543922424317,3.613750703334808,1.1498862248659134,3.382438824176788,2.1671395933628084,2.262721779346466,2.1805331194400788
0.21846153846153848,0.08615384615384615,0.020000000000000004,0.28461538461538466,0.08615384615384615,0.020000000000000004,0.28461538461538466,122000000.0,19998000000.0,1.8406671810150146,3.3418639492988587,3.611700713634491,1.1410837432742118,3.365992081165314,2.1414473950862885,2.248835496902466,2.1722255980968477
0.21846153846153848,0.08615384615384615,0.020000000000000004,0.28461538461538466,0.08615384615384615,0.020000000000000004,0.28461538461538466,122000000.0,20000000000.0,1.8406671810150146,3.3418639492988587,3.611700713634491,1.1410837432742118,3.365992081165314,2.1414473950862885,2.248835496902466,2.1722255980968477
0.21846153846153846,0.1523076923076923,0.15230769230769228,0.08615384615384616,0.08615384615384615,0.21846153846153843,0.08615384615384615,122000000.0,1998000000.0,2.4825549149513244,4.142534666061401,4.372102384567261,2.004705238342285,4.2923230051994326,2.757849006652832,3.8794300103187562,3.2887647557258606
0.21846153846153846,0.1523076923076923,0.15230769230769228,0.08615384615384616,0.08615384615384615,0.21846153846153843,0.08615384615384615,122000000.0,3998000000.0,2.1250302362442017,3.6263518810272215,3.8174821639060976,1.5250526076555253,3.7243371987342835,2.2885739994049072,3.066479754447937,2.5834340715408324
0.21846153846153846,0.1523076923076923,0.15230769230769228,0.08615384615384616,0.08615384615384615,0.21846153846153843,0.08615384615384615,122000000.0,5998000000.0,1.9755727601051332,3.435809488296509,3.60323921918869,1.3682506400346757,3.499189238548279,2.1170977258682253,2.829238705635071,2.3246949219703676
0.21846153846153846,0.1523076923076923,0.15230769230769228,0.08615384615384616,0.08615384615384615,0.21846153846153843,0.08615384615384615,122000000.0,7998000000.0,1.9294647836685181,3.3598656272888183,3.547969870567322,1.3110348865389825,3.430912833213806,2.0510409593582155,2.708817276954651,2.2378110063076018
0.21846153846153846,0.1523076923076923,0.15230769230769228,0.08615384615384616,0.08615384615384615,0.21846153846153843,0.08615384615384615,122000000.0,9998000000.0,1.895883822441101,3.3130272698402403,3.501539866924286,1.2790644535422324,3.3766982984542846,2.021725108623505,2.619585288763046,2.183766949176788
0.21846153846153846,0.1523076923076923,0.15230769230769228,0.08615384615384616,0.08615384615384615,0.21846153846153843,0.08615384615384615,122000000.0,11998000000.0,1.881545490026474,3.296885886192322,3.4728239154815674,1.258726650774479,3.3513354587554933,1.9941325652599335,2.5779968762397765,2.1569269633293153
0.21846153846153846,0.1523076923076923,0.15230769230769228,0.08615384615384616,0.08615384615384615,0.21846153846153843,0.08615384615384615,122000000.0,13998000000.0,1.8599716556072234,3.2530736899375916,3.4358912253379823,1.23184057533741,3.313973252773285,1.969795755147934,2.575570673942566,2.1179356718063356
0.21846153846153846,0.1523076923076923,0.15230769230769228,0.08615384615384616,0.08615384615384615,0.21846153846153843,0.08615384615384615,122000000.0,15998000000.0,1.8388961219787598,3.2364357566833495,3.411870675086975,1.2205590823292731,3.287469446659088,1.9596944510936738,2.5208414459228514,2.0964492070674896
0.21846153846153846,0.1523076923076923,0.15230769230769228,0.08615384615384616,0.08615384615384615,0.21846153846153843,0.08615384615384615,122000000.0,17998000000.0,1.8326912474632264,3.225324418544769,3.389367628097534,1.2063422071933747,3.271799485683441,1.941825258731842,2.5089036881923676,2.070451720952988
0.21846153846153846,0.1523076923076923,0.15230769230769228,0.08615384615384616,0.08615384615384615,0.21846153846153843,0.08615384615384615,122000000.0,19998000000.0,1.8235721695423126,3.222828414440155,3.3801626777648925,1.203251497745514,3.2555313110351562,1.9346126902103424,2.4998109662532806,2.061218076944351
0.21846153846153846,0.1523076923076923,0.15230769230769228,0.08615384615384616,0.08615384615384615,0.21846153846153843,0.08615384615384615,122000000.0,20000000000.0,1.8235721695423126,3.222828414440155,3.3801626777648925,1.203251497745514,3.2555313110351562,1.9346126902103424,2.4998109662532806,2.061218076944351
0.21846153846153843,0.02,0.3507692307692308,0.15230769230769228,0.21846153846153843,0.02,0.02,122000000.0,1998000000.0,2.5155148911476135,4.258989443778992,4.2367831897735595,2.035229660868645,4.182665677070617,3.1293411231040955,4.399057927131653,3.2679780173301696
0.21846153846153843,0.02,0.3507692307692308,0.15230769230769228,0.21846153846153843,0.02,0.02,122000000.0,3998000000.0,2.1411710369586943,3.714929533004761,3.6763028836250307,1.550998729467392,3.5890994453430176,2.561383522748947,3.641935575008392,2.549992518424988
0.21846153846153843,0.02,0.3507692307692308,0.15230769230769228,0.21846153846153843,0.02,0.02,122000000.0,5998000000.0,1.995376981496811,3.534138603210449,3.4788553357124328,1.3942082715034485,3.3863860726356507,2.3924885046482087,3.2787633061409,2.3274452185630796
0.21846153846153843,0.02,0.3507692307692308,0.15230769230769228,0.21846153846153843,0.02,0.02,122000000.0,7998000000.0,1.9368732237815858,3.454394657611847,3.3970942950248717,1.3340968468785286,3.2930251145362854,2.310181850194931,3.0425012946128844,2.2148563480377197
0.21846153846153843,0.02,0.3507692307692308,0.15230769230769228,0.21846153846153843,0.02,0.02,122000000.0,9998000000.0,1.8952239787578582,3.4019426846504213,3.3495301151275636,1.2836277982592583,3.243224654197693,2.254316279888153,2.9417417550086977,2.1594560492038726
0.21846153846153843,0.02,0.3507692307692308,0.15230769230769228,0.21846153846153843,0.02,0.02,122000000.0,11998000000.0,1.8811664140224458,3.3682338857650755,3.3233578777313233,1.2621751061081887,3.2140809869766236,2.2187491774559023,3.000460081100464,2.1259599816799164
0.21846153846153843,0.02,0.3507692307692308,0.15230769230769228,0.21846153846153843,0.02,0.02,122000000.0,13998000000.0,1.865152095556259,3.3407593250274656,3.294093165397644,1.2428632339835166,3.184584777355194,2.2044334554672242,2.984614794254303,2.0882064855098723
0.21846153846153843,0.02,0.3507692307692308,0.15230769230769228,0.21846153846153843,0.02,0.02,122000000.0,15998000000.0,1.842469950914383,3.3266204357147218,3.2750274920463562,1.2340164524316788,3.1654550552368166,2.171304281949997,2.8898896527290345,2.0718714094161985
0.21846153846153843,0.02,0.3507692307692308,0.15230769230769228,0.21846153846153843,0.02,0.02,122000000.0,17998000000.0,1.8358989000320434,3.312586908340454,3.257709140777588,1.2200774112343789,3.1480413818359376,2.1844543194770814,2.8598956799507143,2.0520913445949556
0.21846153846153843,0.02,0.3507692307692308,0.15230769230769228,0.21846153846153843,0.02,0.02,122000000.0,19998000000.0,1.8286675858497619,3.300396511554718,3.2554998350143434,1.21187213242054,3.1436756110191344,2.1664898478984833,2.8301646637916567,2.047426714897156
0.21846153846153843,0.02,0.3507692307692308,0.15230769230769228,0.21846153846153843,0.02,0.02,122000000.0,20000000000.0,1.8286675858497619,3.300396511554718,3.2554998350143434,1.21187213242054,3.1436756110191344,2.1664898478984833,2.8301646637916567,2.047426714897156
0.2846153846153846,0.2846153846153846,0.02,0.08615384615384614,0.02,0.02,0.2846153846153846,122000000.0,1998000000.0,2.486286380290985,4.106130559444427,4.672227210998535,2.126321728229523,4.530086104869842,3.172315468788147,3.3240939021110534,3.532918384075165
0.2846153846153846,0.2846153846153846,0.02,0.08615384615384614,0.02,0.02,0.2846153846153846,122000000.0,3998000000.0,2.170050746202469,3.665022382736206,4.1166636180877685,1.7240962833166122,3.9603267979621886,2.6873529314994813,2.805255253314972,2.833819258213043
0.2846153846153846,0.2846153846153846,0.02,0.08615384615384614,0.02,0.02,0.2846153846153846,122000000.0,5998000000.0,1.9984164369106292,3.433490970134735,3.873419420719147,1.521848366856575,3.698219184875488,2.5077127504348753,2.550240569114685,2.523791983127594
0.2846153846153846,0.2846153846153846,0.02,0.08615384615384614,0.02,0.02,0.2846153846153846,122000000.0,7998000000.0,1.9378238093852997,3.354626715183258,3.79125314950943,1.4532303875684738,3.6054476070404053,2.4151285588741302,2.437579936981201,2.4288903045654298
0.2846153846153846,0.2846153846153846,0.02,0.08615384615384614,0.02,0.02,0.2846153846153846,122000000.0,9998000000.0,1.90084308385849,3.3079941415786744,3.7242302441596986,1.3969979149103164,3.531907842159271,2.351900144815445,2.3746289730072023,2.351809546947479
0.2846153846153846,0.2846153846153846,0.02,0.08615384615384614,0.02,0.02,0.2846153846153846,122000000.0,11998000000.0,1.8789524304866791,3.267146956920624,3.670954351425171,1.3625097680091858,3.482867727279663,2.3022445249557495,2.3254014575481414,2.288899607658386
0.2846153846153846,0.2846153846153846,0.02,0.08615384615384614,0.02,0.02,0.2846153846153846,122000000.0,13998000000.0,1.8562460672855376,3.233742139339447,3.647317132949829,1.345268154144287,3.4562621760368346,2.3187720823287963,2.301103618144989,2.262097922563553
0.2846153846153846,0.2846153846153846,0.02,0.08615384615384614,0.02,0.02,0.2846153846153846,122000000.0,15998000000.0,1.8422975206375123,3.2132440495491026,3.6438386988639833,1.330681587457657,3.443213393688202,2.2875713884830473,2.282782096862793,2.2312600123882294
0.2846153846153846,0.2846153846153846,0.02,0.08615384615384614,0.02,0.02,0.2846153846153846,122000000.0,17998000000.0,1.8319628405570985,3.1996729469299314,3.6170332050323486,1.3152735048532487,3.428694384098053,2.255192966461182,2.260048906803131,2.2129507553577423
0.2846153846153846,0.2846153846153846,0.02,0.08615384615384614,0.02,0.02,0.2846153846153846,122000000.0,19998000000.0,1.8199681735038757,3.1935498547554015,3.616829681396484,1.2938915073871613,3.412816984653473,2.2267380368709566,2.2474737310409547,2.1924932157993315
0.2846153846153846,0.2846153846153846,0.02,0.08615384615384614,0.02,0.02,0.2846153846153846,122000000.0,20000000000.0,1.8199681735038757,3.1935498547554015,3.616829681396484,1.2938915073871613,3.412816984653473,2.2267380368709566,2.2474737310409547,2.1924932157993315
0.020000000000000004,0.020000000000000004,0.28461538461538466,0.21846153846153848,0.28461538461538466,0.020000000000000004,0.1523076923076923,122000000.0,1998000000.0,2.9264977860450743,4.160385572910309,4.21150851726532,1.941992111802101,4.115537836551666,3.069519693851471,3.4966201162338257,3.2747076416015624
0.020000000000000004,0.020000000000000004,0.28461538461538466,0.21846153846153848,0.28461538461538466,0.020000000000000004,0.1523076923076923,122000000.0,3998000000.0,2.417083498239517,3.6670722365379333,3.670496201515198,1.4924594274163245,3.553759925365448,2.530879113674164,2.86087158203125,2.5633929562568665
0.020000000000000004,0.020000000000000004,0.28461538461538466,0.21846153846153848,0.28461538461538466,0.020000000000000004,0.1523076923076923,122000000.0,5998000000.0,2.3122265005111693,3.5148867535591126,3.504835011959076,1.358986025750637,3.3747581362724306,2.4120478200912476,2.6721011805534363,2.362087631225586
0.020000000000000004,0.020000000000000004,0.28461538461538466,0.21846153846153848,0.28461538461538466,0.020000000000000004,0.1523076923076923,122000000.0,7998000000.0,2.277033979892731,3.419417872428894,3.4108319997787477,1.2923499837517738,3.2780538272857664,2.29546883225441,2.542352347373962,2.2550051581859587
0.020000000000000004,0.020000000000000004,0.28461538461538466,0.21846153846153848,0.28461538461538466,0.020000000000000004,0.1523076923076923,122000000.0,9998000000.0,2.1786624908447267,3.375386242866516,3.3668675303459166,1.2653203642368316,3.2309234833717344,2.2683429074287416,2.4744861376285554,2.2035295021533967
0.020000000000000004,0.020000000000000004,0.28461538461538466,0.21846153846153848,0.28461538461538466,0.020000000000000004,0.1523076923076923,122000000.0,11998000000.0,2.1970394790172576,3.34446706533432,3.332773187160492,1.2355720961093903,3.1919420337677002,2.2455792057514192,2.4220736801624296,2.1692760968208313
0.020000000000000004,0.020000000000000004,0.28461538461538466,0.21846153846153848,0.28461538461538466,0.020000000000000004,0.1523076923076923,122000000.0,13998000000.0,2.1479087233543397,3.332586386203766,3.3107881927490235,1.2200967341661453,3.175309646129608,2.211734666824341,2.4108179116249087,2.1433595430850985
0.020000000000000004,0.020000000000000004,0.28461538461538466,0.21846153846153848,0.28461538461538466,0.020000000000000004,0.1523076923076923,122000000.0,15998000000.0,2.1482645964622495,3.3014217233657837,3.2923554301261904,1.2003604328632356,3.159805474281311,2.215510323047638,2.3695655143260956,2.1181285858154295
0.020000000000000004,0.020000000000000004,0.28461538461538466,0.21846153846153848,0.28461538461538466,0.020000000000000004,0.1523076923076923,122000000.0,17998000000.0,2.1366264045238497,3.293743407726288,3.2780290818214417,1.1830322423577309,3.1445455622673033,2.182987380027771,2.353617742061615,2.1058734536170958
0.020000000000000004,0.020000000000000004,0.28461538461538466,0.21846153846153848,0.28461538461538466,0.020000000000000004,0.1523076923076923,122000000.0,19998000000.0,2.098259129524231,3.2794844055175782,3.265317256450653,1.1786391738057136,3.127927360534668,2.16179540514946,2.3565290820598603,2.0754026198387145
0.020000000000000004,0.020000000000000004,0.28461538461538466,0.21846153846153848,0.28461538461538466,0.020000000000000004,0.1523076923076923,122000000.0,20000000000.0,2.098259129524231,3.2794844055175782,3.265317256450653,1.1786391738057136,3.127927360534668,2.16179540514946,2.3565290820598603,2.0754026198387145
0.08615384615384615,0.28461538461538466,0.1523076923076923,0.1523076923076923,0.08615384615384616,0.21846153846153848,0.020000000000000004,122000000.0,1998000000.0,2.6396595191955567,4.039975497722626,4.334469785690308,1.888890181183815,4.267436766624451,2.7472077345848085,4.210997660160064,3.279073872566223
0.08615384615384615,0.28461538461538466,0.1523076923076923,0.1523076923076923,0.08615384615384616,0.21846153846153848,0.020000000000000004,122000000.0,3998000000.0,2.2520468628406523,3.5883906960487364,3.8337624311447143,1.4836948305368423,3.7405275917053222,2.2924860513210294,3.6014965867996214,2.600609107017517
0.08615384615384615,0.28461538461538466,0.1523076923076923,0.1523076923076923,0.08615384615384616,0.21846153846153848,0.020000000000000004,122000000.0,5998000000.0,2.101573308706284,3.383097665309906,3.597561218738556,1.337994290292263,3.4950253987312316,2.1358121728897093,3.1981450748443603,2.3416517639160155
0.08615384615384615,0.28461538461538466,0.1523076923076923,0.1523076923076923,0.08615384615384616,0.21846153846153848,0.020000000000000004,122000000.0,7998000000.0,2.035405088663101,3.3008385705947876,3.5370710468292237,1.2725990146398545,3.4220174837112425,2.0508566093444824,3.039048521518707,2.254086449146271
0.08615384615384615,0.28461538461538466,0.1523076923076923,0.1523076923076923,0.08615384615384616,0.21846153846153848,0.020000000000000004,122000000.0,9998000000.0,2.0015300035476686,3.2398113107681272,3.482268669605255,1.2376433178782462,3.356716957092285,2.017684851884842,2.906605370044708,2.1883305859565736
0.08615384615384615,0.28461538461538466,0.1523076923076923,0.1523076923076923,0.08615384615384616,0.21846153846153848,0.020000000000000004,122000000.0,11998000000.0,1.977406542301178,3.2101701307296753,3.4421420288085938,1.205355625450611,3.312886452674866,1.9798970603942871,2.9328578019142153,2.1446591699123383
0.08615384615384615,0.28461538461538466,0.1523076923076923,0.1523076923076923,0.08615384615384616,0.21846153846153848,0.020000000000000004,122000000.0,13998000000.0,1.9552697372436523,3.1798856139183043,3.415112326145172,1.1856578412652015,3.290607476234436,1.9601963317394258,2.9213893246650695,2.1133421277999878
0.08615384615384615,0.28461538461538466,0.1523076923076923,0.1523076923076923,0.08615384615384616,0.21846153846153848,0.020000000000000004,122000000.0,15998000000.0,1.9327585351467134,3.160092227458954,3.3945498037338258,1.1728107559680938,3.2745882797241213,1.9457790184020995,2.8395778799057005,2.088157480955124
0.08615384615384615,0.28461538461538466,0.1523076923076923,0.1523076923076923,0.08615384615384616,0.21846153846153848,0.020000000000000004,122000000.0,17998000000.0,1.9317484843730925,3.143890244960785,3.3632806873321535,1.1626259323954582,3.244233236312866,1.9330898106098175,2.820519890785217,2.0625381016731263
0.08615384615384615,0.28461538461538466,0.1523076923076923,0.1523076923076923,0.08615384615384616,0.21846153846153848,0.020000000000000004,122000000.0,19998000000.0,1.911664491891861,3.1344259905815126,3.356283514499664,1.1516731774806976,3.2326911950111388,1.9235652089118958,2.777565314769745,2.0638826262950896
0.08615384615384615,0.28461538461538466,0.1523076923076923,0.1523076923076923,0.08615384615384616,0.21846153846153848,0.020000000000000004,122000000.0,20000000000.0,1.911664491891861,3.1344259905815126,3.356283514499664,1.1516731774806976,3.2326911950111388,1.9235652089118958,2.777565314769745,2.0638826262950896
0.020000000000000004,0.08615384615384615,0.020000000000000004,0.35076923076923083,0.1523076923076923,0.1523076923076923,0.21846153846153848,122000000.0,1998000000.0,2.8665417408943177,4.214583015441894,4.534619917869568,1.777664070725441,4.345312650203705,2.732074782848358,3.4066622638702393,3.4024445319175722
0.020000000000000004,0.08615384615384615,0.020000000000000004,0.35076923076923083,0.1523076923076923,0.1523076923076923,0.21846153846153848,122000000.0,3998000000.0,2.3831957423686982,3.694780650138855,3.966384942531586,1.3723504692316055,3.75324942111969,2.309910774230957,2.787108654975891,2.665371530056
0.020000000000000004,0.08615384615384615,0.020000000000000004,0.35076923076923083,0.1523076923076923,0.1523076923076923,0.21846153846153848,122000000.0,5998000000.0,2.268939938545227,3.5397115635871885,3.809831383228302,1.2514232543110848,3.5722484016418456,2.159622929096222,2.604651392698288,2.4630716490745543
0.020000000000000004,0.08615384615384615,0.020000000000000004,0.35076923076923083,0.1523076923076923,0.1523076923076923,0.21846153846153848,122000000.0,7998000000.0,2.2331959199905396,3.4361851620674133,3.694469485282898,1.1992383813858032,3.469629681110382,2.0904152011871338,2.4762785613536833,2.3327044248580933
0.020000000000000004,0.08615384615384615,0.020000000000000004,0.35076923076923083,0.1523076923076923,0.1523076923076923,0.21846153846153848,122000000.0,9998000000.0,2.1430329990386965,3.3981926035881043,3.641913065910339,1.162768716812134,3.410690176486969,2.0410685884952544,2.4226591038703917,2.2688536500930785
0.020000000000000004,0.08615384615384615,0.020000000000000004,0.35076923076923083,0.1523076923076923,0.1523076923076923,0.21846153846153848,122000000.0,11998000000.0,2.1537542545795443,3.362660708427429,3.6085958337783812,1.1431923934817314,3.3662939429283143,2.0164049792289735,2.3715985691547394,2.2251794707775114
0.020000000000000004,0.08615384615384615,0.020000000000000004,0.35076923076923083,0.1523076923076923,0.1523076923076923,0.21846153846153848,122000000.0,13998000000.0,2.113432821035385,3.3344578313827515,3.5713496923446657,1.1216990318894386,3.338621289730072,2.001708871126175,2.348714120388031,2.1861367201805115
0.020000000000000004,0.08615384615384615,0.020000000000000004,0.35076923076923083,0.1523076923076923,0.1523076923076923,0.21846153846153848,122000000.0,15998000000.0,2.0997490322589876,3.3067606925964355,3.5532151818275453,1.1053340449929236,3.315471167564392,1.9832409739494323,2.323336217403412,2.1688406217098235
0.020000000000000004,0.08615384615384615,0.020000000000000004,0.35076923076923083,0.1523076923076923,0.1523076923076923,0.21846153846153848,122000000.0,17998000000.0,2.1050604939460755,3.2983137583732605,3.549509651660919,1.1024467647075653,3.3041186475753785,1.9728868663311006,2.3099356293678284,2.1537242782115937
0.020000000000000004,0.08615384615384615,0.020000000000000004,0.35076923076923083,0.1523076923076923,0.1523076923076923,0.21846153846153848,122000000.0,19998000000.0,2.0683730316162108,3.2837316679954527,3.53337616443634,1.092354850769043,3.2931974434852602,1.9587010741233826,2.293239653110504,2.1498918294906617
0.020000000000000004,0.08615384615384615,0.020000000000000004,0.35076923076923083,0.1523076923076923,0.1523076923076923,0.21846153846153848,122000000.0,20000000000.0,2.0683730316162108,3.2837316679954527,3.53337616443634,1.092354850769043,3.2931974434852602,1.9587010741233826,2.293239653110504,2.1498918294906617
0.020000000000000004,0.21846153846153848,0.28461538461538466,0.08615384615384618,0.08615384615384616,0.08615384615384616,0.21846153846153848,122000000.0,1998000000.0,2.9120296931266783,4.013075187206268,4.233217809200287,2.0965770810842512,4.182703092098236,2.921256115436554,3.370908477306366,3.311674373149872
0.020000000000000004,0.21846153846153848,0.28461538461538466,0.08615384615384618,0.08615384615384616,0.08615384615384616,0.21846153846153848,122000000.0,3998000000.0,2.434740253686905,3.563228976726532,3.737337567806244,1.6047190463542937,3.665601699352264,2.4654493355751037,2.779254684448242,2.6196609926223755
0.020000000000000004,0.21846153846153848,0.28461538461538466,0.08615384615384618,0.08615384615384616,0.08615384615384616,0.21846153846153848,122000000.0,5998000000.0,2.2872733533382417,3.359714286327362,3.5226117539405823,1.445795904994011,3.4373803472518922,2.2810908794403075,2.569235945940018,2.3659405732154846
0.020000000000000004,0.21846153846153848,0.28461538461538466,0.08615384615384618,0.08615384615384616,0.08615384615384616,0.21846153846153848,122000000.0,7998000000.0,2.2684838974475863,3.3025490403175355,3.4562390875816345,1.380902689099312,3.3673498940467836,2.211164926290512,2.4589768874645235,2.2776437401771545
0.020000000000000004,0.21846153846153848,0.28461538461538466,0.08615384615384618,0.08615384615384616,0.08615384615384616,0.21846153846153848,122000000.0,9998000000.0,2.174173706769943,3.248418064117432,3.409560647010803,1.3408849239349365,3.3120456767082214,2.1683555817604065,2.40641646027565,2.228312312364578
0.020000000000000004,0.21846153846153848,0.28461538461538466,0.08615384615384618,0.08615384615384616,0.08615384615384616,0.21846153846153848,122000000.0,11998000000.0,2.1856147277355196,3.2218035769462587,3.379964792728424,1.3123137816786765,3.282342369556427,2.1318929243087767,2.3593120694160463,2.1896056365966796
0.020000000000000004,0.21846153846153848,0.28461538461538466,0.08615384615384618,0.08615384615384616,0.08615384615384616,0.21846153846153848,122000000.0,13998000000.0,2.1445907270908355,3.1948308753967285,3.348701798915863,1.2916175103187562,3.2516174793243406,2.1213728976249695,2.3374352979660036,2.162440435886383
0.020000000000000004,0.21846153846153848,0.28461538461538466,0.08615384615384618,0.08615384615384616,0.08615384615384616,0.21846153846153848,122000000.0,15998000000.0,2.142257080078125,3.169947574138641,3.325551187992096,1.2804463857412338,3.226944024562836,2.1112882339954377,2.308843039274216,2.138440195322037
0.020000000000000004,0.21846153846153848,0.28461538461538466,0.08615384615384618,0.08615384615384616,0.08615384615384616,0.21846153846153848,122000000.0,17998000000.0,2.12731956243515,3.1556058430671694,3.3095730566978454,1.2631029257178306,3.2121641635894775,2.081923657655716,2.292774701118469,2.117747242450714
0.020000000000000004,0.21846153846153848,0.28461538461538466,0.08615384615384618,0.08615384615384616,0.08615384615384616,0.21846153846153848,122000000.0,19998000000.0,2.093081147670746,3.1449263143539428,3.302355306148529,1.258393853008747,3.1977568817138673,2.0699956023693087,2.279075255393982,2.097819058895111
0.020000000000000004,0.21846153846153848,0.28461538461538466,0.08615384615384618,0.08615384615384616,0.08615384615384616,0.21846153846153848,122000000.0,20000000000.0,2.093081147670746,3.1449263143539428,3.302355306148529,1.258393853008747,3.1977568817138673,2.0699956023693087,2.279075255393982,2.097819058895111
0.02,0.02,0.21846153846153846,0.2846153846153846,0.1523076923076923,0.1523076923076923,0.15230769230769228,122000000.0,1998000000.0,2.863489820957184,4.242501482963562,4.306188063621521,1.8122127974033355,4.2309907746315005,2.752257947921753,3.506282901763916,3.2817992091178896
0.02,0.02,0.21846153846153846,0.2846153846153846,0.1523076923076923,0.1523076923076923,0.15230769230769228,122000000.0,3998000000.0,2.380726361274719,3.738930134773254,3.755144624710083,1.4011770391464233,3.6614254570007323,2.294141494035721,2.8840577530860902,2.573356809616089
0.02,0.02,0.21846153846153846,0.2846153846153846,0.1523076923076923,0.1523076923076923,0.15230769230769228,122000000.0,5998000000.0,2.2738257420063017,3.587071738243103,3.589671673774719,1.2800555086135865,3.48184494972229,2.1623898351192476,2.695794222354889,2.3719692075252534
0.02,0.02,0.21846153846153846,0.2846153846153846,0.1523076923076923,0.1523076923076923,0.15230769230769228,122000000.0,7998000000.0,2.225988837480545,3.4907991456985474,3.4974180173873903,1.21734369546175,3.383528642654419,2.0771720123291018,2.5702164471149445,2.2567811846733092
0.02,0.02,0.21846153846153846,0.2846153846153846,0.1523076923076923,0.1523076923076923,0.15230769230769228,122000000.0,9998000000.0,2.1401844096183775,3.431564621925354,3.442227485179901,1.188763780593872,3.3207798075675963,2.0423704850673676,2.491580677032471,2.196497324705124
0.02,0.02,0.21846153846153846,0.2846153846153846,0.1523076923076923,0.1523076923076923,0.15230769230769228,122000000.0,11998000000.0,2.1471103656291963,3.40616414308548,3.404848210811615,1.1639824742078781,3.2850385165214537,2.0077517116069794,2.440786362886429,2.1574281537532807
0.02,0.02,0.21846153846153846,0.2846153846153846,0.1523076923076923,0.1523076923076923,0.15230769230769228,122000000.0,13998000000.0,2.1130709064006807,3.388561601638794,3.377281222343445,1.140852037370205,3.2610342741012572,1.9993976747989655,2.426425344944,2.1289257872104645
0.02,0.02,0.21846153846153846,0.2846153846153846,0.1523076923076923,0.1523076923076923,0.15230769230769228,122000000.0,15998000000.0,2.1078174364566804,3.359801139831543,3.3589211297035217,1.1359834119677543,3.244438660144806,2.0012151730060577,2.390661973953247,2.1109599113464355
0.02,0.02,0.21846153846153846,0.2846153846153846,0.1523076923076923,0.1523076923076923,0.15230769230769228,122000000.0,17998000000.0,2.0943969810009,3.3475002789497377,3.3455209946632385,1.1197876811027527,3.2270657801628113,1.967579962015152,2.3687626659870147,2.0964136469364165
0.02,0.02,0.21846153846153846,0.2846153846153846,0.1523076923076923,0.1523076923076923,0.15230769230769228,122000000.0,19998000000.0,2.0620127058029176,3.327978513240814,3.3296161246299745,1.1127420091629028,3.2098512482643127,1.9552887308597564,2.3702212488651275,2.084744226932526
0.02,0.02,0.21846153846153846,0.2846153846153846,0.1523076923076923,0.1523076923076923,0.15230769230769228,122000000.0,20000000000.0,2.0620127058029176,3.327978513240814,3.3296161246299745,1.1127420091629028,3.2098512482643127,1.9552887308597564,2.3702212488651275,2.084744226932526
0.08615384615384615,0.08615384615384615,0.08615384615384615,0.3507692307692308,0.15230769230769228,0.02,0.21846153846153843,310000000.0,1998000000.0,2.6369353878498076,4.128606998920441,4.384558968544006,1.7984095698595046,4.235886504650116,2.924749610424042,3.345252208709717,3.3144656085968016
0.08615384615384615,0.08615384615384615,0.08615384615384615,0.3507692307692308,0.15230769230769228,0.02,0.21846153846153843,310000000.0,3998000000.0,2.1851251804828644,3.5967607426643373,3.773150053024292,1.3518927177786828,3.615712170600891,2.4401254904270173,2.6772654604911805,2.535880479812622
0.08615384615384615,0.08615384615384615,0.08615384615384615,0.3507692307692308,0.15230769230769228,0.02,0.21846153846153843,310000000.0,5998000000.0,2.0482266044616697,3.403821017742157,3.5610520672798156,1.2165310394763946,3.3931886339187622,2.2390377748012544,2.4599064898490908,2.3010258543491364
0.08615384615384615,0.08615384615384615,0.08615384615384615,0.3507692307692308,0.15230769230769228,0.02,0.21846153846153843,310000000.0,7998000000.0,1.9765523648262024,3.3054456973075865,3.4864254570007325,1.1497470462322235,3.2973505902290343,2.1555567395687105,2.3300491297245025,2.191374514102936
0.08615384615384615,0.08615384615384615,0.08615384615384615,0.3507692307692308,0.15230769230769228,0.02,0.21846153846153843,310000000.0,9998000000.0,1.9282667982578277,3.2382893419265746,3.4058369779586792,1.1121055975556373,3.216498155593872,2.106235682964325,2.2674238586425783,2.103047511577606
0.08615384615384615,0.08615384615384615,0.08615384615384615,0.3507692307692308,0.15230769230769228,0.02,0.21846153846153843,310000000.0,11998000000.0,1.8961217391490937,3.2035129833221436,3.356841824054718,1.0801610708236695,3.1792400789260866,2.0878662943840025,2.2177154493331908,2.059900003671646
0.08615384615384615,0.08615384615384615,0.08615384615384615,0.3507692307692308,0.15230769230769228,0.02,0.21846153846153843,310000000.0,15998000000.0,1.8623055839538574,3.150983808040619,3.3086266994476317,1.0513334301114083,3.1193732523918154,2.0315673685073854,2.157331941127777,1.9941361343860626
0.08615384615384615,0.08615384615384615,0.08615384615384615,0.3507692307692308,0.15230769230769228,0.02,0.21846153846153843,310000000.0,17998000000.0,1.8482086074352264,3.1372835659980773,3.2835948729515074,1.03461545586586,3.1047263646125796,2.032048221826553,2.1366296088695527,1.9801284539699555
0.08615384615384615,0.08615384615384615,0.08615384615384615,0.3507692307692308,0.15230769230769228,0.02,0.21846153846153843,310000000.0,19998000000.0,1.8451403439044953,3.1278108596801757,3.2696080303192137,1.028429584503174,3.0914108777046203,2.0053087496757507,2.1232533740997312,1.9662334382534028
0.08615384615384615,0.08615384615384615,0.08615384615384615,0.3507692307692308,0.15230769230769228,0.02,0.21846153846153843,310000000.0,20000000000.0,1.8451403439044953,3.1278108596801757,3.2696080303192137,1.028429584503174,3.0914108777046203,2.0053087496757507,2.1232533740997312,1.9662334382534028
0.08615384615384614,0.020000000000000004,0.020000000000000004,0.28461538461538466,0.1523076923076923,0.28461538461538466,0.1523076923076923,310000000.0,1998000000.0,2.583588386774063,4.2791641664505,4.499859280586243,1.7254128247499465,4.318413622379303,2.588969887495041,3.4685776948928835,3.3055659985542296
0.08615384615384614,0.020000000000000004,0.020000000000000004,0.28461538461538466,0.1523076923076923,0.28461538461538466,0.1523076923076923,310000000.0,3998000000.0,2.155714476108551,3.7488404440879823,3.9033571434020997,1.3131832838058473,3.6931072664260864,2.134010498523712,2.803304526805878,2.539069857597351
0.08615384615384614,0.020000000000000004,0.020000000000000004,0.28461538461538466,0.1523076923076923,0.28461538461538466,0.1523076923076923,310000000.0,5998000000.0,2.0158188354969027,3.5445054721832276,3.700980408191681,1.1731086829304695,3.4614295887947084,1.9779669797420503,2.573919874429703,2.2918954420089723
0.08615384615384614,0.020000000000000004,0.020000000000000004,0.28461538461538466,0.1523076923076923,0.28461538461538466,0.1523076923076923,310000000.0,7998000000.0,1.9431544816493989,3.432619013786316,3.5752134799957274,1.117990791797638,3.3505667066574096,1.9021194434165956,2.4391376829147338,2.164542155265808
0.08615384615384614,0.020000000000000004,0.020000000000000004,0.28461538461538466,0.1523076923076923,0.28461538461538466,0.1523076923076923,310000000.0,9998000000.0,1.8982111191749573,3.3842711901664733,3.5214739441871643,1.0785203951597213,3.292811417579651,1.8578899013996124,2.354650672674179,2.092446837425232
0.08615384615384614,0.020000000000000004,0.020000000000000004,0.28461538461538466,0.1523076923076923,0.28461538461538466,0.1523076923076923,310000000.0,11998000000.0,1.866662735939026,3.3261348724365236,3.4684836506843566,1.0570632863044738,3.23512766122818,1.8282174670696258,2.3051869904994966,2.0388613820075987
0.08615384615384614,0.020000000000000004,0.020000000000000004,0.28461538461538466,0.1523076923076923,0.28461538461538466,0.1523076923076923,310000000.0,13998000000.0,1.8500823295116424,3.305797367095947,3.445372862815857,1.0400143998861313,3.2106085562705995,1.8136974465847016,2.271395401954651,2.0134998989105224
0.08615384615384614,0.020000000000000004,0.020000000000000004,0.28461538461538466,0.1523076923076923,0.28461538461538466,0.1523076923076923,310000000.0,17998000000.0,1.820171329975128,3.2553850317001345,3.3966148686408997,1.0144989821314812,3.1588436770439148,1.778650892972946,2.220750697851181,1.9640095806121827
0.08615384615384614,0.020000000000000004,0.020000000000000004,0.28461538461538466,0.1523076923076923,0.28461538461538466,0.1523076923076923,310000000.0,19998000000.0,1.8129827499389648,3.2502287912368772,3.3885554265975952,1.0054629936814308,3.150646026134491,1.7729148638248444,2.2040482962131502,1.9484226322174072
0.08615384615384614,0.020000000000000004,0.020000000000000004,0.28461538461538466,0.1523076923076923,0.28461538461538466,0.1523076923076923,310000000.0,20000000000.0,1.8129827499389648,3.2502287912368772,3.3885554265975952,1.0054629936814308,3.150646026134491,1.7729148638248444,2.2040482962131502,1.9484226322174072
0.020000000000000004,0.020000000000000004,0.020000000000000004,0.08615384615384615,0.416923076923077,0.28461538461538466,0.1523076923076923,310000000.0,1998000000.0,2.7997378134727477,4.170441405773163,4.338569283485413,1.8852439564466477,4.136434545516968,2.6479273343086245,3.444480907917023,3.2289807558059693
0.020000000000000004,0.020000000000000004,0.020000000000000004,0.08615384615384615,0.416923076923077,0.28461538461538466,0.1523076923076923,310000000.0,3998000000.0,2.290100280046463,3.6056023931503294,3.7114072704315184,1.4276453560590745,3.481405446529388,2.166188622713089,2.737380037307739,2.4376311612129213
0.020000000000000004,0.020000000000000004,0.020000000000000004,0.08615384615384615,0.416923076923077,0.28461538461538466,0.1523076923076923,310000000.0,5998000000.0,2.1333995819091798,3.3958134937286375,3.498198540210724,1.28438550978899,3.2453409838676452,1.9914312040805817,2.504498783349991,2.1806379663944244
0.020000000000000004,0.020000000000000004,0.020000000000000004,0.08615384615384615,0.416923076923077,0.28461538461538466,0.1523076923076923,310000000.0,7998000000.0,2.0921658098697664,3.3085207200050353,3.4124716186523436,1.2144053164124489,3.1643928933143615,1.9216351401805878,2.3861711275577546,2.079619092941284
0.020000000000000004,0.020000000000000004,0.020000000000000004,0.08615384615384615,0.416923076923077,0.28461538461538466,0.1523076923076923,310000000.0,9998000000.0,2.0202508294582366,3.2543778657913207,3.3732059025764465,1.1854259815812112,3.107538866996765,1.8850047755241395,2.3122421860694886,2.0207763493061064
0.020000000000000004,0.020000000000000004,0.020000000000000004,0.08615384615384615,0.416923076923077,0.28461538461538466,0.1523076923076923,310000000.0,11998000000.0,2.015684475898743,3.2237231516838074,3.3222420501708982,1.1707355001568793,3.0692024779319764,1.8528689634799957,2.257814383506775,1.9796290290355683
0.020000000000000004,0.020000000000000004,0.020000000000000004,0.08615384615384615,0.416923076923077,0.28461538461538466,0.1523076923076923,310000000.0,13998000000.0,1.9827760648727417,3.195428612232208,3.293176763057709,1.143143684566021,3.0331063890457153,1.8347231686115264,2.233664572238922,1.932473680973053
0.020000000000000004,0.020000000000000004,0.020000000000000004,0.08615384615384615,0.416923076923077,0.28461538461538466,0.1523076923076923,310000000.0,17998000000.0,1.9633086347579956,3.1580991315841676,3.270910942554474,1.127180266082287,3.012137522697449,1.8145363020896912,2.197762185335159,1.9009932577610016
0.020000000000000004,0.020000000000000004,0.020000000000000004,0.08615384615384615,0.416923076923077,0.28461538461538466,0.1523076923076923,310000000.0,19998000000.0,1.937025213241577,3.132842929363251,3.2420896315574645,1.109952697455883,2.9842868494987487,1.802016818523407,2.167705270051956,1.8844463109970093
0.020000000000000004,0.020000000000000004,0.020000000000000004,0.08615384615384615,0.416923076923077,0.28461538461538466,0.1523076923076923,310000000.0,20000000000.0,1.937025213241577,3.132842929363251,3.2420896315574645,1.109952697455883,2.9842868494987487,1.802016818523407,2.167705270051956,1.8844463109970093
0.020000000000000004,0.1523076923076923,0.41692307692307695,0.21846153846153848,0.020000000000000004,0.1523076923076923,0.020000000000000004,310000000.0,1998000000.0,2.8440001344680788,4.048816378116608,4.172405934333801,1.8276517337560654,4.198093769550323,2.7518472933769225,4.177161934375763,3.186002044677734
0.020000000000000004,0.1523076923076923,0.41692307692307695,0.21846153846153848,0.020000000000000004,0.1523076923076923,0.020000000000000004,310000000.0,3998000000.0,2.2863459479808808,3.4624527287483216,3.5432561016082764,1.3568050250411035,3.522093188762665,2.207881027460098,3.3810183882713316,2.4034911143779754
0.020000000000000004,0.1523076923076923,0.41692307692307695,0.21846153846153848,0.020000000000000004,0.1523076923076923,0.020000000000000004,310000000.0,5998000000.0,2.158740417957306,3.2813230180740356,3.3412429904937744,1.2233206501603127,3.3203635430336,2.064143751859665,3.0451058840751646,2.1775975465774535
0.020000000000000004,0.1523076923076923,0.41692307692307695,0.21846153846153848,0.020000000000000004,0.1523076923076923,0.020000000000000004,310000000.0,7998000000.0,2.1282874035835264,3.188716268539429,3.257608449459076,1.1600667279958725,3.224207103252411,1.9804708278179168,2.83175461769104,2.070689181089401
0.020000000000000004,0.1523076923076923,0.41692307692307695,0.21846153846153848,0.020000000000000004,0.1523076923076923,0.020000000000000004,310000000.0,9998000000.0,2.0303541469573974,3.142826955318451,3.2038328218460084,1.1199606266617774,3.1749538207054138,1.930109416246414,2.7206295013427733,2.0084485912323
0.020000000000000004,0.1523076923076923,0.41692307692307695,0.21846153846153848,0.020000000000000004,0.1523076923076923,0.020000000000000004,310000000.0,11998000000.0,2.033206675052643,3.1088071727752684,3.169447827339172,1.0897429671883583,3.136938359737396,1.8986859786510468,2.7257494807243345,1.9727105963230134
0.020000000000000004,0.1523076923076923,0.41692307692307695,0.21846153846153848,0.020000000000000004,0.1523076923076923,0.020000000000000004,310000000.0,15998000000.0,1.9773063576221466,3.0584623670578,3.1202331948280335,1.0648323661088943,3.0844245076179506,1.8672499608993531,2.652806032896042,1.9188135409355163
0.020000000000000004,0.1523076923076923,0.41692307692307695,0.21846153846153848,0.020000000000000004,0.1523076923076923,0.020000000000000004,310000000.0,17998000000.0,1.9525822412967682,3.0348209381103515,3.0962476539611816,1.0539209425449372,3.057063648700714,1.848052372932434,2.667459963560104,1.8977988696098327
0.020000000000000004,0.1523076923076923,0.41692307692307695,0.21846153846153848,0.020000000000000004,0.1523076923076923,0.020000000000000004,310000000.0,19998000000.0,1.9502817714214324,3.0240095138549803,3.0810193395614625,1.0427300980687142,3.0457323932647706,1.8420348393917083,2.619007567167282,1.8823917365074159
0.020000000000000004,0.1523076923076923,0.41692307692307695,0.21846153846153848,0.020000000000000004,0.1523076923076923,0.020000000000000004,310000000.0,20000000000.0,1.9502817714214324,3.0240095138549803,3.0810193395614625,1.0427300980687142,3.0457323932647706,1.8420348393917083,2.619007567167282,1.8823917365074159
0.08615384615384616,0.21846153846153848,0.08615384615384616,0.08615384615384615,0.3507692307692308,0.020000000000000004,0.1523076923076923,310000000.0,1998000000.0,2.6798855793476104,4.014929797649383,4.294313144683838,2.2615258991718292,4.126524515151978,3.235466477870941,3.4676977825164794,3.380983576774597
0.08615384615384616,0.21846153846153848,0.08615384615384616,0.08615384615384615,0.3507692307692308,0.020000000000000004,0.1523076923076923,310000000.0,3998000000.0,2.180342129468918,3.42004136800766,3.6512742686271666,1.5514926701784133,3.4517082595825195,2.5146706891059876,2.726353180408478,2.4807046627998353
0.08615384615384616,0.21846153846153848,0.08615384615384616,0.08615384615384615,0.3507692307692308,0.020000000000000004,0.1523076923076923,310000000.0,5998000000.0,2.0411981856822967,3.2297262477874757,3.4427778625488283,1.3914189806580544,3.236141107082367,2.353010274171829,2.504147021770477,2.2376939237117766
0.08615384615384616,0.21846153846153848,0.08615384615384616,0.08615384615384615,0.3507692307692308,0.020000000000000004,0.1523076923076923,310000000.0,7998000000.0,1.9782093977928161,3.153239107131958,3.359176285266876,1.3379016992449762,3.14535462141037,2.255373783111572,2.3853927171230316,2.135625528097153
0.08615384615384616,0.21846153846153848,0.08615384615384616,0.08615384615384615,0.3507692307692308,0.020000000000000004,0.1523076923076923,310000000.0,9998000000.0,1.9320350921154021,3.0906093955039977,3.2991800808906557,1.291098096370697,3.0841110372543334,2.2083636486530303,2.2997294318675996,2.0726988673210145
0.08615384615384616,0.21846153846153848,0.08615384615384616,0.08615384615384615,0.3507692307692308,0.020000000000000004,0.1523076923076923,310000000.0,11998000000.0,1.919262968301773,3.063186774253845,3.263888874053955,1.2835437670350074,3.04724497795105,2.2036427664756775,2.2508263897895815,2.037404559850693
0.08615384615384616,0.21846153846153848,0.08615384615384616,0.08615384615384615,0.3507692307692308,0.020000000000000004,0.1523076923076923,310000000.0,13998000000.0,1.890810261964798,3.0324965786933897,3.2331536698341368,1.244219511449337,3.018971312046051,2.144607574939728,2.2291893649101255,1.985234681367874
0.08615384615384616,0.21846153846153848,0.08615384615384616,0.08615384615384615,0.3507692307692308,0.020000000000000004,0.1523076923076923,310000000.0,15998000000.0,1.864087451696396,3.00649706363678,3.208049476146698,1.224180736541748,2.996667881011963,2.153803981542587,2.1822201728820803,1.9617857980728148
0.08615384615384616,0.21846153846153848,0.08615384615384616,0.08615384615384615,0.3507692307692308,0.020000000000000004,0.1523076923076923,310000000.0,17998000000.0,1.8576687264442444,2.9896150922775266,3.1866733980178834,1.2074142202734948,2.9729006719589233,2.111524877548218,2.159766618013382,1.9287505292892455
0.08615384615384616,0.21846153846153848,0.08615384615384616,0.08615384615384615,0.3507692307692308,0.020000000000000004,0.1523076923076923,310000000.0,19998000000.0,1.8411747860908507,2.9831470251083374,3.1690551972389223,1.2274804872274399,2.9557313346862792,2.1336871802806856,2.1482318413257597,1.9280784153938293
0.08615384615384616,0.21846153846153848,0.08615384615384616,0.08615384615384615,0.3507692307692308,0.020000000000000004,0.1523076923076923,310000000.0,20000000000.0,1.8411747860908507,2.9831470251083374,3.1690551972389223,1.2274804872274399,2.9557313346862792,2.1336871802806856,2.1482318413257597,1.9280784153938293
0.1523076923076923,0.08615384615384615,0.3507692307692308,0.08615384615384614,0.02,0.1523076923076923,0.15230769230769228,310000000.0,1998000000.0,2.4890685379505157,4.101446163654328,4.213333084583282,1.9336877250671387,4.2297147846221925,2.744394397735596,3.4630766034126284,3.1954433703422547
0.1523076923076923,0.08615384615384615,0.3507692307692308,0.08615384615384614,0.02,0.1523076923076923,0.15230769230769228,310000000.0,3998000000.0,2.08488449215889,3.539374210834503,3.5980047845840453,1.4578784894943237,3.5719721269607545,2.2288382506370543,2.7486754631996155,2.4068608260154725
0.1523076923076923,0.08615384615384615,0.3507692307692308,0.08615384615384614,0.02,0.1523076923076923,0.15230769230769228,310000000.0,5998000000.0,1.9434343659877777,3.3126437568664553,3.3677894616127015,1.3000800967216493,3.3277307987213134,2.054667558670044,2.499846248626709,2.170223590135574
0.1523076923076923,0.08615384615384615,0.3507692307692308,0.08615384615384614,0.02,0.1523076923076923,0.15230769230769228,310000000.0,7998000000.0,1.8729991102218628,3.2506031346321107,3.284740915298462,1.2393635192513466,3.244626638889313,1.9755833435058594,2.3832656288146974,2.0595348334312438
0.1523076923076923,0.08615384615384615,0.3507692307692308,0.08615384615384614,0.02,0.1523076923076923,0.15230769230769228,310000000.0,9998000000.0,1.8435429799556733,3.1756330013275145,3.2341755127906797,1.198200908601284,3.183466989994049,1.9410750138759614,2.3061416435241697,2.001850619316101
0.1523076923076923,0.08615384615384615,0.3507692307692308,0.08615384615384614,0.02,0.1523076923076923,0.15230769230769228,310000000.0,11998000000.0,1.8205691814422607,3.1452396416664126,3.198971116542816,1.1741493919491768,3.1458984136581423,1.9058333265781402,2.2530038344860075,1.9600750517845154
0.1523076923076923,0.08615384615384615,0.3507692307692308,0.08615384615384614,0.02,0.1523076923076923,0.15230769230769228,310000000.0,13998000000.0,1.801964546442032,3.119548211097717,3.169177062511444,1.1579356572031976,3.117476210594177,1.893770282268524,2.234890078306198,1.9377175331115724
0.1523076923076923,0.08615384615384615,0.3507692307692308,0.08615384615384614,0.02,0.1523076923076923,0.15230769230769228,310000000.0,15998000000.0,1.7828204548358917,3.099150094985962,3.149738321304321,1.147473204433918,3.0991469740867617,1.8952974128723143,2.1970841133594514,1.9193662095069886
0.1523076923076923,0.08615384615384615,0.3507692307692308,0.08615384615384614,0.02,0.1523076923076923,0.15230769230769228,310000000.0,17998000000.0,1.7723229265213012,3.086010904312134,3.130637912750244,1.1348636347055434,3.0840664076805115,1.8663461077213288,2.17804837346077,1.8909252309799194
0.1523076923076923,0.08615384615384615,0.3507692307692308,0.08615384615384614,0.02,0.1523076923076923,0.15230769230769228,310000000.0,19998000000.0,1.760933141708374,3.084587571620941,3.12662780046463,1.1203924787044526,3.0744060611724855,1.8527800476551055,2.1780470323562624,1.8807729554176331
0.1523076923076923,0.08615384615384615,0.3507692307692308,0.08615384615384614,0.02,0.1523076923076923,0.15230769230769228,310000000.0,20000000000.0,1.760933141708374,3.084587571620941,3.12662780046463,1.1203924787044526,3.0744060611724855,1.8527800476551055,2.1780470323562624,1.8807729554176331
0.21846153846153848,0.21846153846153848,0.1523076923076923,0.1523076923076923,0.020000000000000004,0.020000000000000004,0.21846153846153848,310000000.0,1998000000.0,2.465468431711197,4.077199957370758,4.371305775642395,1.9461847293376922,4.324134545326233,3.0100942516326903,3.3510675859451293,3.3537658262252807
0.21846153846153848,0.21846153846153848,0.1523076923076923,0.1523076923076923,0.020000000000000004,0.020000000000000004,0.21846153846153848,310000000.0,3998000000.0,2.0804960560798644,3.4930154061317444,3.7416983819007874,1.4777553072571754,3.6747040939331055,2.4975483274459838,2.6609079885482787,2.544322259426117
0.21846153846153848,0.21846153846153848,0.1523076923076923,0.1523076923076923,0.020000000000000004,0.020000000000000004,0.21846153846153848,310000000.0,5998000000.0,1.9296027135848999,3.287950277328491,3.526519498825073,1.3189758718013764,3.445859818458557,2.286073888540268,2.447667819261551,2.2761614048480987
0.21846153846153848,0.21846153846153848,0.1523076923076923,0.1523076923076923,0.020000000000000004,0.020000000000000004,0.21846153846153848,310000000.0,7998000000.0,1.8715485441684723,3.2055332493782043,3.4297011208534243,1.2617535024881363,3.3327953886985777,2.2036313927173614,2.318723556995392,2.168507548570633
0.21846153846153848,0.21846153846153848,0.1523076923076923,0.1523076923076923,0.020000000000000004,0.020000000000000004,0.21846153846153848,310000000.0,9998000000.0,1.8237233471870422,3.1482805943489076,3.370643255710602,1.2070480909943582,3.272052035331726,2.158802571296692,2.2536855483055116,2.097557179927826
0.21846153846153848,0.21846153846153848,0.1523076923076923,0.1523076923076923,0.020000000000000004,0.020000000000000004,0.21846153846153848,310000000.0,11998000000.0,1.8012752175331115,3.115036549568176,3.3292437386512757,1.175402459204197,3.2270426607131957,2.119144068956375,2.2023354971408846,2.040819480419159
0.21846153846153848,0.21846153846153848,0.1523076923076923,0.1523076923076923,0.020000000000000004,0.020000000000000004,0.21846153846153848,310000000.0,13998000000.0,1.7836724030971527,3.0801717185974122,3.2984504294395447,1.1556337568163872,3.203159124851227,2.094258314371109,2.175848535299301,2.0116683447360995
0.21846153846153848,0.21846153846153848,0.1523076923076923,0.1523076923076923,0.020000000000000004,0.020000000000000004,0.21846153846153848,310000000.0,15998000000.0,1.7602903544902802,3.0525910544395445,3.266791090965271,1.147914172410965,3.1681174731254576,2.0813967514038088,2.146583505868912,1.98415504693985
0.21846153846153848,0.21846153846153848,0.1523076923076923,0.1523076923076923,0.020000000000000004,0.020000000000000004,0.21846153846153848,310000000.0,17998000000.0,1.751939264535904,3.041432144641876,3.251869399547577,1.1298137873411178,3.1516154479980467,2.066760622262955,2.1257305586338044,1.9666428971290588
0.21846153846153848,0.21846153846153848,0.1523076923076923,0.1523076923076923,0.020000000000000004,0.020000000000000004,0.21846153846153848,310000000.0,19998000000.0,1.7399726259708403,3.0337254357337953,3.239133083820343,1.1162412410974503,3.135031232833862,2.042775056362152,2.109994673728943,1.947288727760315
0.21846153846153848,0.21846153846153848,0.1523076923076923,0.1523076923076923,0.020000000000000004,0.020000000000000004,0.21846153846153848,310000000.0,20000000000.0,1.7399726259708403,3.0337254357337953,3.239133083820343,1.1162412410974503,3.135031232833862,2.042775056362152,2.109994673728943,1.947288727760315
0.08615384615384615,0.08615384615384615,0.28461538461538466,0.020000000000000004,0.08615384615384615,0.28461538461538466,0.1523076923076923,310000000.0,1998000000.0,2.6189548528194426,4.090453991889953,4.249175748825073,2.0409472781419753,4.198250951766968,2.681554560661316,3.454816644191742,3.218487811088562
0.08615384615384615,0.08615384615384615,0.28461538461538466,0.020000000000000004,0.08615384615384615,0.28461538461538466,0.1523076923076923,310000000.0,3998000000.0,2.1461686956882478,3.527376666069031,3.602012901306152,1.5304494452476503,3.5328288745880125,2.1585641467571257,2.734397220611572,2.4117966055870057
0.08615384615384615,0.08615384615384615,0.28461538461538466,0.020000000000000004,0.08615384615384615,0.28461538461538466,0.1523076923076923,310000000.0,5998000000.0,1.9989105558395386,3.3304356050491335,3.385865330696106,1.3604935744404794,3.3061314392089844,1.9909275543689728,2.507002400159836,2.171370441913605
0.08615384615384615,0.08615384615384615,0.28461538461538466,0.020000000000000004,0.08615384615384615,0.28461538461538466,0.1523076923076923,310000000.0,7998000000.0,1.9384521520137787,3.23676126241684,3.3080864262580874,1.3023670563101768,3.22178243637085,1.925646983385086,2.3888512539863584,2.078961741924286
0.08615384615384615,0.08615384615384615,0.28461538461538466,0.020000000000000004,0.08615384615384615,0.28461538461538466,0.1523076923076923,310000000.0,9998000000.0,1.897702100276947,3.1870325350761415,3.2532744002342224,1.2609319785237312,3.1663544940948487,1.8824598371982575,2.312796971797943,2.0114360988140105
0.08615384615384615,0.08615384615384615,0.28461538461538466,0.020000000000000004,0.08615384615384615,0.28461538461538466,0.1523076923076923,310000000.0,11998000000.0,1.8773620486259461,3.1485529208183287,3.2127862477302553,1.241975145637989,3.121516695022583,1.8512333631515503,2.255936130285263,1.979742636680603
0.08615384615384615,0.08615384615384615,0.28461538461538466,0.020000000000000004,0.08615384615384615,0.28461538461538466,0.1523076923076923,310000000.0,13998000000.0,1.8543458378314972,3.11973198890686,3.1785870957374573,1.2162204849720002,3.090225782394409,1.831220610141754,2.234070407152176,1.9321897184848786
0.08615384615384615,0.08615384615384615,0.28461538461538466,0.020000000000000004,0.08615384615384615,0.28461538461538466,0.1523076923076923,310000000.0,15998000000.0,1.8311819970607757,3.0950228571891785,3.1570154333114626,1.2054933515191077,3.0638843679428103,1.827753187417984,2.191847894191742,1.910051577091217
0.08615384615384615,0.08615384615384615,0.28461538461538466,0.020000000000000004,0.08615384615384615,0.28461538461538466,0.1523076923076923,310000000.0,17998000000.0,1.8288502311706543,3.0754973125457763,3.139107730388641,1.1983262488245965,3.045359923839569,1.8064257276058198,2.173380755186081,1.8844178342819213
0.08615384615384615,0.08615384615384615,0.28461538461538466,0.020000000000000004,0.08615384615384615,0.28461538461538466,0.1523076923076923,310000000.0,19998000000.0,1.8107174849510193,3.070295901298523,3.1344145727157593,1.1906044483184814,3.0406950521469116,1.794348987340927,2.174069426059723,1.881491950750351
0.08615384615384615,0.08615384615384615,0.28461538461538466,0.020000000000000004,0.08615384615384615,0.28461538461538466,0.1523076923076923,310000000.0,20000000000.0,1.8107174849510193,3.070295901298523,3.1344145727157593,1.1906044483184814,3.0406950521469116,1.794348987340927,2.174069426059723,1.881491950750351
0.21846153846153848,0.21846153846153848,0.08615384615384616,0.1523076923076923,0.08615384615384616,0.21846153846153848,0.020000000000000004,310000000.0,1998000000.0,2.4580541384220123,4.109870860576629,4.397206768989563,1.864472867846489,4.310291125774383,2.712542552947998,4.21818163394928,3.285067973136902
0.21846153846153848,0.21846153846153848,0.08615384615384616,0.1523076923076923,0.08615384615384616,0.21846153846153848,0.020000000000000004,310000000.0,3998000000.0,2.0445490765571592,3.493584589958191,3.759892644882202,1.38370889544487,3.6356669163703916,2.1725506818294527,3.4469879412651063,2.451620900630951
0.21846153846153848,0.21846153846153848,0.08615384615384616,0.1523076923076923,0.08615384615384616,0.21846153846153848,0.020000000000000004,310000000.0,5998000000.0,1.9064656615257263,3.298040714263916,3.554245982170105,1.2495147323608398,3.4199717664718627,2.026529794931412,3.0887925815582276,2.214366978406906
0.21846153846153848,0.21846153846153848,0.08615384615384616,0.1523076923076923,0.08615384615384616,0.21846153846153848,0.020000000000000004,310000000.0,7998000000.0,1.8474296927452087,3.2149462962150572,3.4656717467308042,1.1891788497567177,3.3213587021827697,,,
0.21846153846153848,0.21846153846153848,0.08615384615384616,0.1523076923076923,0.08615384615384616,0.21846153846153848,0.020000000000000004,310000000.0,9998000000.0,1.8071522307395935,3.1628208422660826,3.3885199570655824,1.1487086752057076,3.2450747156143187,1.9077110028266906,2.8199653697013853,2.0450160479545594
0.21846153846153848,0.21846153846153848,0.08615384615384616,0.1523076923076923,0.08615384615384616,0.21846153846153848,0.020000000000000004,310000000.0,11998000000.0,1.7778319942951202,3.1111959171295167,3.3490772819519044,,3.2031439685821534,,,
0.21846153846153848,0.21846153846153848,0.08615384615384616,0.1523076923076923,0.08615384615384616,0.21846153846153848,0.020000000000000004,310000000.0,13998000000.0,1.7615438961982728,3.0938649725914003,3.314989652633667,1.099506814777851,3.1687618613243105,1.8507399487495422,2.7074767684936525,1.9608537530899048
0.21846153846153848,0.21846153846153848,0.08615384615384616,0.1523076923076923,0.08615384615384616,0.21846153846153848,0.020000000000000004,310000000.0,15998000000.0,1.7486866223812103,3.0691980838775637,3.300945830345154,1.0892133206129073,3.1552506637573243,1.8318234300613403,2.7308234691619875,1.9372252130508423
0.21846153846153848,0.21846153846153848,0.08615384615384616,0.1523076923076923,0.08615384615384616,0.21846153846153848,0.020000000000000004,310000000.0,17998000000.0,1.729459934234619,3.039704535007477,3.2758394289016723,1.0698500156402588,3.12925484418869,1.813914062976837,2.664712401628494,1.9099582982063295
0.21846153846153848,0.21846153846153848,0.08615384615384616,0.1523076923076923,0.08615384615384616,0.21846153846153848,0.020000000000000004,310000000.0,19998000000.0,1.7238006341457366,3.0326381659507753,3.2629185104370118,1.0653164714574814,3.1153009033203123,1.801934380531311,2.5914714908599854,1.9044519412517547
0.21846153846153848,0.21846153846153848,0.08615384615384616,0.1523076923076923,0.08615384615384616,0.21846153846153848,0.020000000000000004,310000000.0,20000000000.0,1.7238006341457366,3.0326381659507753,3.2629185104370118,1.0653164714574814,3.1153009033203123,1.801934380531311,2.5914714908599854,1.9044519412517547
0.21846153846153848,0.21846153846153848,0.020000000000000004,0.1523076923076923,0.1523076923076923,0.21846153846153848,0.020000000000000004,310000000.0,1998000000.0,2.4541164016723633,4.122185914516449,4.464923157691955,1.8624004870653152,4.292336313724518,2.7145231676101687,4.224569311141968,3.278656187057495
0.21846153846153848,0.21846153846153848,0.020000000000000004,0.1523076923076923,0.1523076923076923,0.21846153846153848,0.020000000000000004,310000000.0,3998000000.0,2.05223659157753,3.5082189774513246,3.828488051891327,1.3912158069014549,3.635793228149414,2.184307909011841,3.5581401443481444,2.4998375225067138
0.21846153846153848,0.21846153846153848,0.020000000000000004,0.1523076923076923,0.1523076923076923,0.21846153846153848,0.020000000000000004,310000000.0,5998000000.0,1.9183560395240784,3.318258697986603,3.6446535062789915,1.2594347923994065,3.4285534501075743,2.0453391337394713,3.123698420524597,2.24930566072464
0.21846153846153848,0.21846153846153848,0.020000000000000004,0.1523076923076923,0.1523076923076923,0.21846153846153848,0.020000000000000004,310000000.0,7998000000.0,1.8574451649188994,3.234105384349823,3.5395170521736143,1.1962875816226006,3.320510504245758,1.9577360081672668,2.8862553572654726,2.1323597192764283
0.21846153846153848,0.21846153846153848,0.020000000000000004,0.1523076923076923,0.1523076923076923,0.21846153846153848,0.020000000000000004,310000000.0,9998000000.0,1.8074680709838866,3.162003083229065,3.468557529449463,1.151057770550251,3.238271641731262,1.9105642020702363,2.7482637929916383,2.052643232345581
0.21846153846153848,0.21846153846153848,0.020000000000000004,0.1523076923076923,0.1523076923076923,0.21846153846153848,0.020000000000000004,310000000.0,11998000000.0,1.785250291824341,3.132758069038391,3.4333082747459414,1.1185951524972915,3.197227828502655,1.8736064422130585,2.7721774697303774,2.0021865713596343
0.21846153846153848,0.21846153846153848,0.020000000000000004,0.1523076923076923,0.1523076923076923,0.21846153846153848,0.020000000000000004,310000000.0,13998000000.0,1.7655586540699004,3.094365727901459,3.396675696372986,1.100198010802269,3.1667715334892272,1.8528626883029937,2.75973717212677,1.9741758871078492
0.21846153846153848,0.21846153846153848,0.020000000000000004,0.1523076923076923,0.1523076923076923,0.21846153846153848,0.020000000000000004,310000000.0,15998000000.0,1.7426866626739501,3.06453649520874,3.3678627824783325,1.0861795961856842,3.1402919816970827,,,1.9437978494167327
0.21846153846153848,0.21846153846153848,0.020000000000000004,0.1523076923076923,0.1523076923076923,0.21846153846153848,0.020000000000000004,310000000.0,17998000000.0,1.7333327305316926,3.0511705446243287,3.341075038909912,1.0742399618029594,3.1065941429138184,1.82190536737442,2.6452724289894105,1.918295327425003
0.21846153846153848,0.21846153846153848,0.020000000000000004,0.1523076923076923,0.1523076923076923,0.21846153846153848,0.020000000000000004,310000000.0,19998000000.0,1.720819923877716,3.0292727017402648,3.3200133776664735,1.0679937878251076,3.094618892669678,1.8080691814422607,2.6646984720230105,1.9053498375415803
0.21846153846153848,0.21846153846153848,0.020000000000000004,0.1523076923076923,0.1523076923076923,0.21846153846153848,0.020000000000000004,310000000.0,20000000000.0,1.720819923877716,3.0292727017402648,3.3200133776664735,1.0679937878251076,3.094618892669678,1.8080691814422607,2.6646984720230105,1.9053498375415803
0.2846153846153846,0.08615384615384615,0.15230769230769228,0.08615384615384615,0.08615384615384614,0.2846153846153846,0.02,310000000.0,1998000000.0,2.3800036942958833,4.1601043748855595,4.328840861320495,1.8686000108718872,4.258689508438111,2.621380136013031,4.190585196018219,3.1889222502708434
0.2846153846153846,0.08615384615384615,0.15230769230769228,0.08615384615384615,0.08615384615384614,0.2846153846153846,0.02,310000000.0,3998000000.0,2.0015866899490358,3.5962542915344238,3.7113637590408324,1.3988761073350906,3.622637174129486,2.1318545532226563,3.4791447496414185,2.425653998851776
0.2846153846153846,0.08615384615384615,0.15230769230769228,0.08615384615384615,0.08615384615384614,0.2846153846153846,0.02,310000000.0,5998000000.0,1.860911372900009,3.377228138446808,3.4788933968544007,1.2648877483606338,3.379391906261444,1.9736753761768342,3.062444920539856,2.16663551568985
0.2846153846153846,0.08615384615384615,0.15230769230769228,0.08615384615384615,0.08615384615384614,0.2846153846153846,0.02,310000000.0,7998000000.0,1.8020790719985962,3.28875107049942,3.407202351093292,1.2025853633880614,3.297141215801239,1.9007134759426116,2.868032519817352,2.0729056549072267
0.2846153846153846,0.08615384615384615,0.15230769230769228,0.08615384615384615,0.08615384615384614,0.2846153846153846,0.02,310000000.0,9998000000.0,1.765203548669815,3.2341700649261473,3.3529136633872985,1.162582485973835,3.234653289318085,1.861366046667099,2.7553857374191284,2.0060507249832153
0.2846153846153846,0.08615384615384615,0.15230769230769228,0.08615384615384615,0.08615384615384614,0.2846153846153846,0.02,310000000.0,11998000000.0,1.7458180618286132,3.2057047390937807,3.3142693781852723,1.13687817633152,3.1993077611923217,1.8282260155677796,2.7985502886772156,1.972201954126358
0.2846153846153846,0.08615384615384615,0.15230769230769228,0.08615384615384615,0.08615384615384614,0.2846153846153846,0.02,310000000.0,13998000000.0,1.7201851642131805,3.162593629360199,3.275990469455719,1.1161376914381982,3.1598813462257387,1.808851536512375,2.7675490093231203,1.9325624752044677
0.2846153846153846,0.08615384615384615,0.15230769230769228,0.08615384615384615,0.08615384615384614,0.2846153846153846,0.02,310000000.0,15998000000.0,1.7029252552986145,3.135399022102356,3.245268769264221,1.1055086082220078,3.12859534740448,1.7962147104740143,2.670627855062485,1.8992664992809296
0.2846153846153846,0.08615384615384615,0.15230769230769228,0.08615384615384615,0.08615384615384614,0.2846153846153846,0.02,310000000.0,19998000000.0,1.6870191407203674,3.1098323369026186,3.2070775747299196,1.084742270708084,3.088225965499878,1.7661853051185608,2.630792851448059,1.863507593870163
0.2846153846153846,0.08615384615384615,0.15230769230769228,0.08615384615384615,0.08615384615384614,0.2846153846153846,0.02,310000000.0,20000000000.0,1.6870191407203674,3.1098323369026186,3.2070775747299196,1.084742270708084,3.088225965499878,1.7661853051185608,2.630792851448059,1.863507593870163
0.21846153846153846,0.08615384615384615,0.08615384615384615,0.08615384615384614,0.08615384615384614,0.15230769230769228,0.2846153846153846,310000000.0,1998000000.0,2.4482306265830993,4.181111958026886,4.409865679740906,1.981033353805542,4.294444906711578,2.766029665470123,3.237040979862213,3.2996525526046754
0.21846153846153846,0.08615384615384615,0.08615384615384615,0.08615384615384614,0.08615384615384614,0.15230769230769228,0.2846153846153846,310000000.0,3998000000.0,2.0652606856822966,3.5943409490585325,3.7941442465782167,1.4691183710098266,3.654511568546295,2.2552007365226747,2.6012661349773407,2.5005217003822326
0.21846153846153846,0.08615384615384615,0.08615384615384615,0.08615384615384614,0.08615384615384614,0.15230769230769228,0.2846153846153846,310000000.0,5998000000.0,1.910068506002426,3.392535514831543,3.5610506176948546,1.3071088942885398,3.4086623692512514,2.0786527049541474,2.3655606341362,2.238753103017807
0.21846153846153846,0.08615384615384615,0.08615384615384615,0.08615384615384614,0.08615384615384614,0.15230769230769228,0.2846153846153846,310000000.0,7998000000.0,1.8655743730068206,3.290183672904968,3.475351326465607,1.2686979308724404,3.3178980684280397,2.022750722169876,2.258338624238968,2.146632105112076
0.21846153846153846,0.08615384615384615,0.08615384615384615,0.08615384615384614,0.08615384615384614,0.15230769230769228,0.2846153846153846,310000000.0,9998000000.0,1.8106029319763184,3.2324433588981627,3.413772704601288,1.2191030874848365,3.255557005405426,1.9621767926216125,2.195429148674011,2.069802676439285
0.21846153846153846,0.08615384615384615,0.08615384615384615,0.08615384615384614,0.08615384615384614,0.15230769230769228,0.2846153846153846,310000000.0,11998000000.0,1.7916035187244415,3.2064052510261534,3.377330460548401,1.1972533029317856,3.212281041145325,1.9292507696151733,2.14731405377388,2.0294348514080047
0.21846153846153846,0.08615384615384615,0.08615384615384615,0.08615384615384614,0.08615384615384614,0.15230769230769228,0.2846153846153846,310000000.0,13998000000.0,1.7767101073265075,3.167120649814606,3.3412091732025146,1.1763817551732063,3.1821385836601257,1.916716684103012,2.1245438289642333,1.9882933568954468
0.21846153846153846,0.08615384615384615,0.08615384615384615,0.08615384615384614,0.08615384615384614,0.15230769230769228,0.2846153846153846,310000000.0,15998000000.0,1.7512620079517365,3.144756410121918,3.3099483346939085,1.150575965344906,3.146675982475281,1.8939415943622588,2.0979139947891237,1.9573405027389525
0.21846153846153846,0.08615384615384615,0.08615384615384615,0.08615384615384614,0.08615384615384614,0.15230769230769228,0.2846153846153846,310000000.0,17998000000.0,1.7427507495880128,3.131923785209656,3.293021094799042,1.1419653922319413,3.1305891394615175,1.877740238904953,2.075217351913452,1.93550985455513
0.21846153846153846,0.08615384615384615,0.08615384615384615,0.08615384615384614,0.08615384615384614,0.15230769230769228,0.2846153846153846,310000000.0,19998000000.0,1.7324420857429503,3.1412708139419556,3.301323404312134,1.1249422541260718,3.1278593230247496,1.863738741874695,2.0627720129489897,1.9330524396896362
0.21846153846153846,0.08615384615384615,0.08615384615384615,0.08615384615384614,0.08615384615384614,0.15230769230769228,0.2846153846153846,310000000.0,20000000000.0,1.7324420857429503,3.1412708139419556,3.301323404312134,1.1249422541260718,3.1278593230247496,1.863738741874695,2.0627720129489897,1.9330524396896362
0.1523076923076923,0.1523076923076923,0.21846153846153848,0.08615384615384616,0.1523076923076923,0.21846153846153848,0.020000000000000004,310000000.0,1998000000.0,2.483773012161255,4.067614567279816,4.216816532611847,1.9423114442825318,4.138818600177765,2.7083217525482177,4.1769535136222835,3.172862548828125
0.1523076923076923,0.1523076923076923,0.21846153846153848,0.08615384615384616,0.1523076923076923,0.21846153846153848,0.020000000000000004,310000000.0,3998000000.0,2.0881256079673767,3.4925445890426636,3.6302928066253664,1.4352026587724687,3.5288515853881837,2.185031398534775,3.425194022655487,2.419711503982544
0.1523076923076923,0.1523076923076923,0.21846153846153848,0.08615384615384616,0.1523076923076923,0.21846153846153848,0.020000000000000004,310000000.0,5998000000.0,1.9497021436691284,3.275123405456543,3.402616653442383,1.2966123625636101,3.2926228928565977,2.0278209269046785,3.04215446472168,2.1639911580085753
0.1523076923076923,0.1523076923076923,0.21846153846153848,0.08615384615384616,0.1523076923076923,0.21846153846153848,0.020000000000000004,310000000.0,7998000000.0,1.872577314376831,3.1994912219047547,3.320591733455658,1.220960051715374,3.2037670946121217,1.9414842927455902,2.8329815101623534,2.0528932178020476
0.1523076923076923,0.1523076923076923,0.21846153846153848,0.08615384615384616,0.1523076923076923,0.21846153846153848,0.020000000000000004,310000000.0,9998000000.0,1.8385188221931457,3.131969320774078,3.2604000091552736,1.1831337767839432,3.13649126291275,1.9035508680343627,2.712463767528534,1.9767430746555328
0.1523076923076923,0.1523076923076923,0.21846153846153848,0.08615384615384616,0.1523076923076923,0.21846153846153848,0.020000000000000004,310000000.0,11998000000.0,1.816828089952469,3.106250829696655,3.2241307377815245,1.1522885635495186,3.099137668609619,1.866835790872574,2.7205912852287293,1.9454978621006012
0.1523076923076923,0.1523076923076923,0.21846153846153848,0.08615384615384616,0.1523076923076923,0.21846153846153848,0.020000000000000004,310000000.0,13998000000.0,1.7950694704055785,3.0736019659042357,3.1917177987098695,1.1354551249742508,3.070793242454529,1.8477281093597413,2.719916219711304,1.918739879131317
0.1523076923076923,0.1523076923076923,0.21846153846153848,0.08615384615384616,0.1523076923076923,0.21846153846153848,0.020000000000000004,310000000.0,15998000000.0,1.7711321055889129,3.0521213364601136,3.1656168150901793,1.1190530097484588,3.04625289440155,1.8312864077091218,2.6287688505649567,1.888552166223526
0.1523076923076923,0.1523076923076923,0.21846153846153848,0.08615384615384616,0.1523076923076923,0.21846153846153848,0.020000000000000004,310000000.0,17998000000.0,1.7636795222759247,3.0360573530197144,3.146346924304962,1.10694688975811,3.023324203491211,1.8183878934383393,2.598849779367447,1.8669958448410033
0.1523076923076923,0.1523076923076923,0.21846153846153848,0.08615384615384616,0.1523076923076923,0.21846153846153848,0.020000000000000004,310000000.0,19998000000.0,1.749535927772522,3.028365743160248,3.136751835346222,1.1027402538061142,3.0102370047569273,1.8094579076766968,2.5709323573112486,1.8564091646671295
0.1523076923076923,0.1523076923076923,0.21846153846153848,0.08615384615384616,0.1523076923076923,0.21846153846153848,0.020000000000000004,310000000.0,20000000000.0,1.749535927772522,3.028365743160248,3.136751835346222,1.1027402538061142,3.0102370047569273,1.8094579076766968,2.5709323573112486,1.8564091646671295
0.2846153846153846,0.08615384615384615,0.15230769230769228,0.08615384615384615,0.15230769230769228,0.02,0.21846153846153843,310000000.0,1998000000.0,2.4261373126506807,4.090559284687043,4.292311067581177,2.112337045669556,4.17441773891449,3.0754111003875733,3.3300459504127504,3.2764584970474244
0.2846153846153846,0.08615384615384615,0.15230769230769228,0.08615384615384615,0.15230769230769228,0.02,0.21846153846153843,310000000.0,3998000000.0,2.0368546688556672,3.5542771935462953,3.684053907394409,1.5662952661514282,3.5543870306015015,2.539757755994797,2.6459716296195985,2.5153610730171203
0.2846153846153846,0.08615384615384615,0.15230769230769228,0.08615384615384615,0.15230769230769228,0.02,0.21846153846153843,310000000.0,5998000000.0,1.8990544950962067,3.354488685131073,3.4712008595466615,1.3976661184430121,3.332272222042084,2.3172939133644106,2.433967274427414,2.2531406223773955
0.2846153846153846,0.08615384615384615,0.15230769230769228,0.08615384615384615,0.15230769230769228,0.02,0.21846153846153843,310000000.0,7998000000.0,1.8315509629249573,3.261011083126068,3.3928917455673218,1.313661150932312,3.2399033427238466,2.221838369369507,2.3045627844333647,2.141818414926529
0.2846153846153846,0.08615384615384615,0.15230769230769228,0.08615384615384615,0.15230769230769228,0.02,0.21846153846153843,310000000.0,9998000000.0,1.7933428525924682,3.2030318188667297,3.333251874446869,1.267433315217495,3.174996783733368,2.1838345551490783,2.244655923843384,2.070654535293579
0.2846153846153846,0.08615384615384615,0.15230769230769228,0.08615384615384615,0.15230769230769228,0.02,0.21846153846153843,310000000.0,11998000000.0,1.7712049901485443,3.171741473674774,3.2925145483016967,1.232334351539612,3.1342308282852174,2.1425442624092104,2.1917568504810334,2.027315629720688
0.2846153846153846,0.08615384615384615,0.15230769230769228,0.08615384615384615,0.15230769230769228,0.02,0.21846153846153843,310000000.0,13998000000.0,1.747611527442932,3.1344545340538024,3.2603665661811827,1.2111944878101348,3.104595053195953,2.117335466146469,2.165473464727402,1.9962109303474427
0.2846153846153846,0.08615384615384615,0.15230769230769228,0.08615384615384615,0.15230769230769228,0.02,0.21846153846153843,310000000.0,15998000000.0,1.7331075620651246,3.1134611225128173,3.2386150479316713,1.2021361488103866,3.086363499164581,2.1121036052703857,2.139666759967804,1.9629108440876006
0.2846153846153846,0.08615384615384615,0.15230769230769228,0.08615384615384615,0.15230769230769228,0.02,0.21846153846153843,310000000.0,17998000000.0,1.721308445930481,3.0986890530586244,3.207958164215088,1.1817325848340987,3.0544679951667786,2.0863189351558686,2.117410652637482,1.9326284229755402
0.2846153846153846,0.08615384615384615,0.15230769230769228,0.08615384615384615,0.15230769230769228,0.02,0.21846153846153843,310000000.0,19998000000.0,1.7076325571537019,3.0917836833000183,3.197843842506409,1.1740867513418198,3.041415250301361,2.0645070266723633,2.09972999215126,1.9237967789173127
0.2846153846153846,0.08615384615384615,0.15230769230769228,0.08615384615384615,0.15230769230769228,0.02,0.21846153846153843,310000000.0,20000000000.0,1.7076325571537019,3.0917836833000183,3.197843842506409,1.1740867513418198,3.041415250301361,2.0645070266723633,2.09972999215126,1.9237967789173127
0.020000000000000004,0.08615384615384615,0.35076923076923083,0.1523076923076923,0.3507692307692308,0.020000000000000004,0.020000000000000004,310000000.0,1998000000.0,3.0580730056762695,4.09185516834259,4.16783520936966,2.091843229532242,4.084652075767517,3.1905265402793885,4.33006983757019,3.2708450150489807
0.020000000000000004,0.08615384615384615,0.35076923076923083,0.1523076923076923,0.3507692307692308,0.020000000000000004,0.020000000000000004,310000000.0,3998000000.0,2.3477856707572937,3.4778437638282775,3.517872681617737,1.4781292620301247,3.399132535457611,2.4741301691532134,3.416295659542084,2.4310786819458006
0.020000000000000004,0.08615384615384615,0.35076923076923083,0.1523076923076923,0.3507692307692308,0.020000000000000004,0.020000000000000004,310000000.0,5998000000.0,2.2092817997932435,3.280631213188171,3.3098204374313354,1.321062134206295,3.185829722881317,2.305434865951538,3.039607741832733,2.2045075631141664
0.020000000000000004,0.08615384615384615,0.35076923076923083,0.1523076923076923,0.3507692307692308,0.020000000000000004,0.020000000000000004,310000000.0,7998000000.0,2.174308216571808,3.1750569558143615,3.21777206659317,1.244531736075878,3.0845544266700746,2.2051549685001373,2.814564759731293,2.069466699361801
0.020000000000000004,0.08615384615384615,0.35076923076923083,0.1523076923076923,0.3507692307692308,0.020000000000000004,0.020000000000000004,310000000.0,9998000000.0,2.0581327736377717,3.135893130302429,3.1661650705337525,1.201389458179474,3.0318665623664858,2.14932355761528,2.7001373767852783,2.0138696932792666
0.020000000000000004,0.08615384615384615,0.35076923076923083,0.1523076923076923,0.3507692307692308,0.020000000000000004,0.020000000000000004,310000000.0,11998000000.0,2.077412279844284,3.0990901708602907,3.130031397342682,1.168029510974884,2.993244514465332,2.0994478952884674,2.717043343782425,1.9687932956218719
0.020000000000000004,0.08615384615384615,0.35076923076923083,0.1523076923076923,0.3507692307692308,0.020000000000000004,0.020000000000000004,310000000.0,13998000000.0,2.036487156152725,3.0743647742271425,3.1009917426109315,1.1515496024489402,2.9681838011741637,2.0880973982810973,2.727602016925812,1.933510103225708
0.020000000000000004,0.08615384615384615,0.35076923076923083,0.1523076923076923,0.3507692307692308,0.020000000000000004,0.020000000000000004,310000000.0,15998000000.0,2.014608894586563,3.0498915123939514,3.078945062160492,1.136958978176117,2.9480051159858705,2.0546130442619326,2.623795771598816,1.9177511084079741
0.020000000000000004,0.08615384615384615,0.35076923076923083,0.1523076923076923,0.3507692307692308,0.020000000000000004,0.020000000000000004,310000000.0,17998000000.0,2.0057995343208312,3.0350044918060304,3.0649580144882203,1.1242073681950568,2.92861026763916,2.0626419579982755,2.598182418346405,1.9000640082359315
0.020000000000000004,0.08615384615384615,0.35076923076923083,0.1523076923076923,0.3507692307692308,0.020000000000000004,0.020000000000000004,310000000.0,19998000000.0,1.97278271317482,3.0179656529426575,3.0503178071975707,1.1146222341060639,2.9137683725357055,2.043023655414581,2.5511350774765016,1.877537089586258
0.020000000000000004,0.08615384615384615,0.35076923076923083,0.1523076923076923,0.3507692307692308,0.020000000000000004,0.020000000000000004,310000000.0,20000000000.0,1.97278271317482,3.0179656529426575,3.0503178071975707,1.1146222341060639,2.9137683725357055,2.043023655414581,2.5511350774765016,1.877537089586258
0.1523076923076923,0.08615384615384616,0.020000000000000004,0.020000000000000004,0.35076923076923083,0.08615384615384615,0.28461538461538466,310000000.0,1998000000.0,2.5200689208507536,4.07590075969696,4.345718488693238,2.2717701745033265,4.1227928829193115,2.9335651445388793,3.2115486025810243,3.2904263758659362
0.1523076923076923,0.08615384615384616,0.020000000000000004,0.020000000000000004,0.35076923076923083,0.08615384615384615,0.28461538461538466,310000000.0,3998000000.0,2.112255675792694,3.519032292366028,3.7424617767333985,1.6438478773832321,3.4860470294952393,2.3998001325130462,2.5731128311157225,2.5008844137191772
0.1523076923076923,0.08615384615384616,0.020000000000000004,0.020000000000000004,0.35076923076923083,0.08615384615384615,0.28461538461538466,310000000.0,5998000000.0,1.976917736530304,3.311220762729645,3.522851288318634,1.5215895634889602,3.2632565975189207,2.2213647997379304,2.3440618550777437,2.2620132613182067
0.1523076923076923,0.08615384615384616,0.020000000000000004,0.020000000000000004,0.35076923076923083,0.08615384615384615,0.28461538461538466,310000000.0,7998000000.0,1.9003292834758758,3.2448907232284547,3.445107457637787,1.3983507186174393,3.1749930214881896,2.133328810930252,2.2312691843509675,2.1382243967056276
0.1523076923076923,0.08615384615384616,0.020000000000000004,0.020000000000000004,0.35076923076923083,0.08615384615384615,0.28461538461538466,310000000.0,9998000000.0,1.8676488709449768,3.1756363844871522,3.387543034553528,1.3785221964120864,3.1185617995262147,2.078286565542221,2.17438823223114,2.0731399071216585
0.1523076923076923,0.08615384615384616,0.020000000000000004,0.020000000000000004,0.35076923076923083,0.08615384615384615,0.28461538461538466,310000000.0,11998000000.0,1.8484690833091735,3.1412657117843628,3.349601323604584,1.344250475168228,3.080078589916229,2.051009511947632,2.127162284851074,2.0291172564029694
0.1523076923076923,0.08615384615384616,0.020000000000000004,0.020000000000000004,0.35076923076923083,0.08615384615384615,0.28461538461538466,310000000.0,13998000000.0,1.8258121454715728,3.1141527986526487,3.3186572003364563,1.31927408516407,3.0484290719032288,2.030441783666611,2.104650626182556,1.9897857594490052
0.1523076923076923,0.08615384615384616,0.020000000000000004,0.020000000000000004,0.35076923076923083,0.08615384615384615,0.28461538461538466,310000000.0,15998000000.0,1.7992395079135894,3.090786504745483,3.289342086315155,1.3029990926384927,3.0236707448959352,2.000057156085968,2.0807419383525847,1.9691011893749237
0.1523076923076923,0.08615384615384616,0.020000000000000004,0.020000000000000004,0.35076923076923083,0.08615384615384615,0.28461538461538466,310000000.0,17998000000.0,1.7909593963623047,3.0787029218673707,3.2745158958435057,1.303919687271118,3.0053793168067933,1.990186243057251,2.058220262527466,1.9404049181938172
0.1523076923076923,0.08615384615384616,0.020000000000000004,0.020000000000000004,0.35076923076923083,0.08615384615384615,0.28461538461538466,310000000.0,19998000000.0,1.7785636460781098,3.0697999358177186,3.265219271183014,1.2871031802892685,2.994558846950531,1.9755662715435027,2.044487348794937,1.93414070725441
0.1523076923076923,0.08615384615384616,0.020000000000000004,0.020000000000000004,0.35076923076923083,0.08615384615384615,0.28461538461538466,310000000.0,20000000000.0,1.7785636460781098,3.0697999358177186,3.265219271183014,1.2871031802892685,2.994558846950531,1.9755662715435027,2.044487348794937,1.93414070725441
0.1523076923076923,0.020000000000000004,0.020000000000000004,0.35076923076923083,0.1523076923076923,0.08615384615384616,0.21846153846153848,310000000.0,1998000000.0,2.5050129544734956,4.301297719478607,4.527121200561523,1.7497374147176743,4.328071517944336,2.7484187626838685,3.3657113122940063,3.3429196786880495
0.1523076923076923,0.020000000000000004,0.020000000000000004,0.35076923076923083,0.1523076923076923,0.08615384615384616,0.21846153846153848,310000000.0,3998000000.0,2.1079282402992248,3.748990869522095,3.9109232330322268,1.3231447765231132,3.6912458825111387,2.283412127494812,2.6947229361534117,2.572173209190369
0.1523076923076923,0.020000000000000004,0.020000000000000004,0.35076923076923083,0.1523076923076923,0.08615384615384616,0.21846153846153848,310000000.0,5998000000.0,1.9827023828029633,3.5546552634239195,3.6864490842819215,1.1979100304841994,3.4770996356010437,2.126080001592636,2.483885358572006,2.3103595113754274
0.1523076923076923,0.020000000000000004,0.020000000000000004,0.35076923076923083,0.1523076923076923,0.08615384615384616,0.21846153846153848,310000000.0,7998000000.0,1.900556265115738,3.4550177788734437,3.594422438144684,1.1304907241463662,3.356120729446411,2.0391638493537902,2.343017008304596,2.191916971206665
0.1523076923076923,0.020000000000000004,0.020000000000000004,0.35076923076923083,0.1523076923076923,0.08615384615384616,0.21846153846153848,310000000.0,9998000000.0,1.8613517427444457,3.3771483540534972,3.511297619342804,1.091011036336422,3.277742109298706,1.9861873888969421,2.2763725614547727,2.1107991337776184
0.1523076923076923,0.020000000000000004,0.020000000000000004,0.35076923076923083,0.1523076923076923,0.08615384615384616,0.21846153846153848,310000000.0,11998000000.0,1.8408425164222717,3.3328614807128907,3.4856479001045226,1.066203561425209,3.235931627750397,1.954138033390045,2.2235718536376954,2.0678883731365203
0.1523076923076923,0.020000000000000004,0.020000000000000004,0.35076923076923083,0.1523076923076923,0.08615384615384616,0.21846153846153848,310000000.0,13998000000.0,1.814245774745941,3.2994692087173463,3.436331467628479,1.0444502124190331,3.1977765798568725,1.9349700117111206,2.192709513902664,2.0300490534305573
0.1523076923076923,0.020000000000000004,0.020000000000000004,0.35076923076923083,0.1523076923076923,0.08615384615384616,0.21846153846153848,310000000.0,15998000000.0,1.7930711960792542,3.2808195638656614,3.422341592311859,1.030148416161537,3.179832065105438,1.924884934425354,2.166929862499237,2.0051165318489073
0.1523076923076923,0.020000000000000004,0.020000000000000004,0.35076923076923083,0.1523076923076923,0.08615384615384616,0.21846153846153848,310000000.0,17998000000.0,1.784203189611435,3.2553854036331176,3.40572838306427,1.020777224302292,3.159816794395447,1.898722573518753,2.1458670461177825,1.9773456788063049
0.1523076923076923,0.020000000000000004,0.020000000000000004,0.35076923076923083,0.1523076923076923,0.08615384615384616,0.21846153846153848,310000000.0,19998000000.0,1.7680644834041594,3.2421420979499818,3.3908597826957703,1.0093145564198494,3.1389819169044495,1.8870419991016387,2.126384298801422,1.964159300327301
0.1523076923076923,0.020000000000000004,0.020000000000000004,0.35076923076923083,0.1523076923076923,0.08615384615384616,0.21846153846153848,310000000.0,20000000000.0,1.7680644834041594,3.2421420979499818,3.3908597826957703,1.0093145564198494,3.1389819169044495,1.8870419991016387,2.126384298801422,1.964159300327301
0.02,0.2846153846153846,0.21846153846153843,0.2846153846153846,0.02,0.15230769230769228,0.02,310000000.0,1998000000.0,2.8500489568710328,4.03372718334198,4.30633957862854,1.8110146999359131,4.303097698688507,2.765800440311432,4.217850666046143,3.3060711646080017
0.02,0.2846153846153846,0.21846153846153843,0.2846153846153846,0.02,0.15230769230769228,0.02,310000000.0,3998000000.0,2.3386705684661866,3.487347674369812,3.708846151828766,1.3625806772708893,3.6603213334083557,2.250025383234024,3.494343435764313,2.522147681713104
0.02,0.2846153846153846,0.21846153846153843,0.2846153846153846,0.02,0.15230769230769228,0.02,310000000.0,5998000000.0,2.1864209139347075,3.283697211742401,3.4743979001045227,1.2118767601251603,3.4270283007621765,2.0854212713241576,3.081695606708527,2.261635228395462
0.02,0.2846153846153846,0.21846153846153843,0.2846153846153846,0.02,0.15230769230769228,0.02,310000000.0,7998000000.0,2.151896795034409,3.1798975610733033,3.3842080640792847,1.15413932710886,3.3227367901802065,2.0007201826572416,2.8890326285362242,2.161998109817505
0.02,0.2846153846153846,0.21846153846153843,0.2846153846153846,0.02,0.15230769230769228,0.02,310000000.0,9998000000.0,2.04715852022171,3.118208103179932,3.3220123291015624,1.1059300628304483,3.26074533700943,1.9425183975696563,2.744901351928711,2.0809577608108523
0.02,0.2846153846153846,0.21846153846153843,0.2846153846153846,0.02,0.15230769230769228,0.02,310000000.0,11998000000.0,2.0500268268585207,3.0880574584007263,3.2875377988815306,1.0786990520358086,3.2235173177719116,1.9112368524074554,2.7615251684188844,2.0349066150188446
0.02,0.2846153846153846,0.21846153846153843,0.2846153846153846,0.02,0.15230769230769228,0.02,310000000.0,13998000000.0,2.012474682331085,3.0545730590820312,3.246664571762085,1.055268108546734,3.1798945450782776,1.8856362223625183,2.7381698274612427,1.9968264865875245
0.02,0.2846153846153846,0.21846153846153843,0.2846153846153846,0.02,0.15230769230769228,0.02,310000000.0,15998000000.0,1.9889998126029969,3.0242517232894897,3.2169265079498293,1.043196619451046,3.152715275287628,1.863553168773651,2.6531346011161805,1.964280551671982
0.02,0.2846153846153846,0.21846153846153843,0.2846153846153846,0.02,0.15230769230769228,0.02,310000000.0,17998000000.0,1.9820873951911926,3.0114128589630127,3.1978645730018616,1.0333258107304573,3.1337812089920045,1.8491595578193665,2.6535155212879182,1.951791604757309
0.02,0.2846153846153846,0.21846153846153843,0.2846153846153846,0.02,0.15230769230769228,0.02,310000000.0,19998000000.0,1.9547881770133972,2.993963749408722,3.1857504940032957,1.0226273018121719,3.114445838928223,1.845165057182312,2.60120357632637,1.9258628642559052
0.02,0.2846153846153846,0.21846153846153843,0.2846153846153846,0.02,0.15230769230769228,0.02,310000000.0,20000000000.0,1.9547881770133972,2.993963749408722,3.1857504940032957,1.0226273018121719,3.114445838928223,1.845165057182312,2.60120357632637,1.9258628642559052
0.020000000000000004,0.020000000000000004,0.416923076923077,0.020000000000000004,0.3507692307692308,0.020000000000000004,0.1523076923076923,310000000.0,1998000000.0,2.979021370410919,4.077673308849334,4.097134096622467,2.6030130422115327,4.016932506561279,3.3923147988319395,3.4418034672737123,3.3252834486961365
0.020000000000000004,0.020000000000000004,0.416923076923077,0.020000000000000004,0.3507692307692308,0.020000000000000004,0.1523076923076923,310000000.0,3998000000.0,2.34678399682045,3.5076996159553526,3.4785679459571837,1.7735728758573532,3.3708340883255006,2.586364758014679,2.7139524579048158,2.4669770312309267
0.020000000000000004,0.020000000000000004,0.416923076923077,0.020000000000000004,0.3507692307692308,0.020000000000000004,0.1523076923076923,310000000.0,5998000000.0,2.21965992808342,3.334787154197693,3.294174211025238,1.5757729780673981,3.174154222011566,2.423809106349945,2.4969518315792083,2.2353668642044067
0.020000000000000004,0.020000000000000004,0.416923076923077,0.020000000000000004,0.3507692307692308,0.020000000000000004,0.1523076923076923,310000000.0,7998000000.0,2.182096072435379,3.246721818447113,3.204690644741058,1.483573471903801,3.081238350868225,2.2980818271636965,2.370601631402969,2.129016647338867
0.020000000000000004,0.020000000000000004,0.416923076923077,0.020000000000000004,0.3507692307692308,0.020000000000000004,0.1523076923076923,310000000.0,9998000000.0,2.0816175997257234,3.1939072942733766,3.1608063530921937,1.4440799859166145,3.0315984296798706,2.2614309656620026,2.298605487346649,2.0675301826000214
0.020000000000000004,0.020000000000000004,0.416923076923077,0.020000000000000004,0.3507692307692308,0.020000000000000004,0.1523076923076923,310000000.0,11998000000.0,2.112230122089386,3.1628361749649048,3.1272412943840027,1.4454714277386664,2.9958957123756407,2.2549048328399657,2.2463804364204405,2.042407217025757
0.020000000000000004,0.020000000000000004,0.416923076923077,0.020000000000000004,0.3507692307692308,0.020000000000000004,0.1523076923076923,310000000.0,13998000000.0,2.0480601632595063,3.1403252124786376,3.095015752315521,1.3932088437676429,2.9678847551345826,2.192055013179779,2.223418072462082,1.9893929052352906
0.020000000000000004,0.020000000000000004,0.416923076923077,0.020000000000000004,0.3507692307692308,0.020000000000000004,0.1523076923076923,310000000.0,15998000000.0,2.0478474378585814,3.110147714614868,3.0726964259147644,1.3810642245411873,2.949486689567566,2.2150612223148345,2.1837290179729463,1.9734217965602874
0.020000000000000004,0.020000000000000004,0.416923076923077,0.020000000000000004,0.3507692307692308,0.020000000000000004,0.1523076923076923,310000000.0,17998000000.0,2.028417397737503,3.093967659473419,3.0514662981033327,1.3709508219361306,2.92582243680954,2.161122366189957,2.1597120237350462,1.9411037254333496
0.020000000000000004,0.020000000000000004,0.416923076923077,0.020000000000000004,0.3507692307692308,0.020000000000000004,0.1523076923076923,310000000.0,19998000000.0,1.9920316755771637,3.0843308329582215,3.0412094402313232,1.3557595106959344,2.915260057449341,2.134787493944168,2.1585874795913695,1.9330824708938599
0.020000000000000004,0.020000000000000004,0.416923076923077,0.020000000000000004,0.3507692307692308,0.020000000000000004,0.1523076923076923,310000000.0,20000000000.0,1.9920316755771637,3.0843308329582215,3.0412094402313232,1.3557595106959344,2.915260057449341,2.134787493944168,2.1585874795913695,1.9330824708938599
0.1523076923076923,0.020000000000000004,0.21846153846153848,0.08615384615384615,0.1523076923076923,0.1523076923076923,0.21846153846153848,310000000.0,1998000000.0,2.498092690706253,4.198154382705688,4.281098961830139,1.9662658786773681,4.191429152488708,2.7420965433120728,3.3396024823188784,3.241360721588135
0.1523076923076923,0.020000000000000004,0.21846153846153848,0.08615384615384615,0.1523076923076923,0.1523076923076923,0.21846153846153848,310000000.0,3998000000.0,2.1037696623802185,3.631480083465576,3.646984519958496,1.4596750509738923,3.5358049035072328,2.257760031223297,2.6509153270721435,2.4571435976028444
0.1523076923076923,0.020000000000000004,0.21846153846153848,0.08615384615384615,0.1523076923076923,0.1523076923076923,0.21846153846153848,310000000.0,5998000000.0,1.969150960445404,3.430701687335968,3.435205717086792,1.3164590576291084,3.319292845726013,2.0863384330272674,2.4369216740131376,2.200541328191757
0.1523076923076923,0.020000000000000004,0.21846153846153848,0.08615384615384615,0.1523076923076923,0.1523076923076923,0.21846153846153848,310000000.0,7998000000.0,1.8866818034648896,3.340600166320801,3.3390926194190977,1.2500870501995087,3.2171541023254395,2.003160231113434,2.3041096651554107,2.0864614808559416
0.1523076923076923,0.020000000000000004,0.21846153846153848,0.08615384615384615,0.1523076923076923,0.1523076923076923,0.21846153846153848,310000000.0,9998000000.0,1.8500022995471954,3.2752035236358643,3.2776975440979004,1.2129391115903854,3.1541591095924377,1.9532933628559113,2.2423738861083984,2.021696289777756
0.1523076923076923,0.020000000000000004,0.21846153846153848,0.08615384615384615,0.1523076923076923,0.1523076923076923,0.21846153846153848,310000000.0,11998000000.0,1.8298381769657135,3.2330555939674377,3.2409839820861817,1.1934728944301605,3.110722758769989,1.922817076444626,2.1891935789585113,1.9760085117816926
0.1523076923076923,0.020000000000000004,0.21846153846153848,0.08615384615384615,0.1523076923076923,0.1523076923076923,0.21846153846153848,310000000.0,13998000000.0,1.8095779025554657,3.209043126106262,3.2060068964958193,1.1709576427936554,3.083141117095947,1.9083916604518891,2.167108271121979,1.9553758549690246
0.1523076923076923,0.020000000000000004,0.21846153846153848,0.08615384615384615,0.1523076923076923,0.1523076923076923,0.21846153846153848,310000000.0,15998000000.0,1.7873010849952697,3.1897620034217833,3.1902220368385317,1.151887526512146,3.064131875038147,1.893242790699005,2.1411741197109224,1.9226920068264008
0.1523076923076923,0.020000000000000004,0.21846153846153848,0.08615384615384615,0.1523076923076923,0.1523076923076923,0.21846153846153848,310000000.0,17998000000.0,1.780608569383621,3.166542091369629,3.1771819376945496,1.1443612957000733,3.047253980636597,1.8764259886741639,2.121735681295395,1.9019660902023316
0.1523076923076923,0.020000000000000004,0.21846153846153848,0.08615384615384615,0.1523076923076923,0.1523076923076923,0.21846153846153848,310000000.0,19998000000.0,1.7653270840644837,3.156432077884674,3.168258786201477,1.1285017105937003,3.0346635389328003,1.863403035402298,2.105409640073776,1.884992266893387
0.1523076923076923,0.020000000000000004,0.21846153846153848,0.08615384615384615,0.1523076923076923,0.1523076923076923,0.21846153846153848,310000000.0,20000000000.0,1.7653270840644837,3.156432077884674,3.168258786201477,1.1285017105937003,3.0346635389328003,1.863403035402298,2.105409640073776,1.884992266893387
0.020000000000000004,0.020000000000000004,0.28461538461538466,0.08615384615384615,0.1523076923076923,0.1523076923076923,0.28461538461538466,310000000.0,1998000000.0,2.835925245285034,4.1409644556045535,4.205149602890015,1.9670899158716202,4.13652928352356,2.767305519580841,3.21399747133255,3.2225782108306884
0.020000000000000004,0.020000000000000004,0.28461538461538466,0.08615384615384615,0.1523076923076923,0.1523076923076923,0.28461538461538466,310000000.0,3998000000.0,2.3058245980739596,3.5916224765777587,3.5949582839012146,1.4677163681387901,3.504154577255249,2.2539526426792147,2.580588371753693,2.4528788566589355
0.020000000000000004,0.020000000000000004,0.28461538461538466,0.08615384615384615,0.1523076923076923,0.1523076923076923,0.28461538461538466,310000000.0,5998000000.0,2.1737469124794004,3.412277088165283,3.4044097232818604,1.32095807492733,3.2956266951560975,2.09305562376976,2.3623180878162384,2.213090317249298
0.020000000000000004,0.020000000000000004,0.28461538461538466,0.08615384615384615,0.1523076923076923,0.1523076923076923,0.28461538461538466,310000000.0,7998000000.0,2.1381187987327577,3.316038241386414,3.305535852909088,1.2600269547104836,3.1968181037902834,2.022365425825119,2.2435060214996336,2.1195989763736724
0.020000000000000004,0.020000000000000004,0.28461538461538466,0.08615384615384615,0.1523076923076923,0.1523076923076923,0.28461538461538466,310000000.0,9998000000.0,2.047551896572113,3.263687171936035,3.2547632002830507,1.2203407475352288,3.146562731266022,1.9673832941055298,2.1879143488407133,2.0464473962783813
0.020000000000000004,0.020000000000000004,0.28461538461538466,0.08615384615384615,0.1523076923076923,0.1523076923076923,0.28461538461538466,310000000.0,11998000000.0,2.052631690502167,3.2302899980545043,3.2182185363769533,1.1944824597239494,3.107861485481262,1.9344806945323945,2.138497326374054,2.009018166065216
0.020000000000000004,0.020000000000000004,0.28461538461538466,0.08615384615384615,0.1523076923076923,0.1523076923076923,0.28461538461538466,310000000.0,13998000000.0,2.015620558261871,3.207302415370941,3.1873496055603026,1.1734207475185394,3.078603026866913,1.920013736486435,2.1148479759693144,1.974140408039093
0.020000000000000004,0.020000000000000004,0.28461538461538466,0.08615384615384615,0.1523076923076923,0.1523076923076923,0.28461538461538466,310000000.0,15998000000.0,1.9958530056476593,3.1712364172935485,3.159297540187836,1.151125839650631,3.0480502009391786,1.89905734539032,2.090059756040573,1.944180567264557
0.020000000000000004,0.020000000000000004,0.28461538461538466,0.08615384615384615,0.1523076923076923,0.1523076923076923,0.28461538461538466,310000000.0,17998000000.0,1.9899582052230835,3.160073699951172,3.1455320954322814,1.13687103420496,3.033363366127014,1.8881288611888885,2.0689208698272705,1.9236475098133088
0.020000000000000004,0.020000000000000004,0.28461538461538466,0.08615384615384615,0.1523076923076923,0.1523076923076923,0.28461538461538466,310000000.0,19998000000.0,1.962500239610672,3.144151747226715,3.1325473380088806,1.1327497512102127,3.019555697441101,1.8697540485858917,2.0551061415672303,1.90676691532135
0.020000000000000004,0.020000000000000004,0.28461538461538466,0.08615384615384615,0.1523076923076923,0.1523076923076923,0.28461538461538466,310000000.0,20000000000.0,1.962500239610672,3.144151747226715,3.1325473380088806,1.1327497512102127,3.019555697441101,1.8697540485858917,2.0551061415672303,1.90676691532135
0.08615384615384614,0.02,0.2184615384615384,0.3507692307692308,0.2846153846153846,0.02,0.02,310000000.0,1998000000.0,2.6450188255310056,4.214004156589508,4.266822266578674,1.8187294375896454,4.164532310962677,2.9873583912849426,4.285638036727906,3.2612017250061034
0.08615384615384614,0.02,0.2184615384615384,0.3507692307692308,0.2846153846153846,0.02,0.02,310000000.0,3998000000.0,2.1688371217250824,3.637778489589691,3.624363079071045,1.353223290145397,3.4962555718421937,2.4087238192558287,3.5401736903190613,2.4517728209495546
0.08615384615384614,0.02,0.2184615384615384,0.3507692307692308,0.2846153846153846,0.02,0.02,310000000.0,5998000000.0,2.032533984184265,3.4521983289718627,3.4235041069984438,1.2067768102884293,3.2828738570213316,2.239655216932297,3.126932418346405,2.214089823961258
0.08615384615384614,0.02,0.2184615384615384,0.3507692307692308,0.2846153846153846,0.02,0.02,310000000.0,7998000000.0,1.9535124206542969,3.331322584152222,3.3195457649230957,1.1391940504312514,3.1755692291259767,2.1495888984203337,2.8768435668945314,2.0914684879779815
0.08615384615384614,0.02,0.2184615384615384,0.3507692307692308,0.2846153846153846,0.02,0.02,310000000.0,9998000000.0,1.912455644607544,3.2739297986030578,3.2558255195617676,1.1038388726115227,3.1094755840301516,2.097073609828949,2.764264454841614,2.0235446166992186
0.08615384615384614,0.02,0.2184615384615384,0.3507692307692308,0.2846153846153846,0.02,0.02,310000000.0,11998000000.0,1.8971669256687165,3.240712871551514,3.2208743023872377,1.077233491241932,3.069400820732117,2.055055024623871,2.79367006778717,1.9858602738380433
0.08615384615384614,0.02,0.2184615384615384,0.3507692307692308,0.2846153846153846,0.02,0.02,310000000.0,13998000000.0,1.8744184803962707,3.2154994368553163,3.1881631064414977,1.057085882127285,3.0434078669548033,2.0371726894378663,2.7777992916107177,1.9518288731575013
0.08615384615384614,0.02,0.2184615384615384,0.3507692307692308,0.2846153846153846,0.02,0.02,310000000.0,15998000000.0,1.8483084976673125,3.19332665681839,3.171570303440094,1.0393265199661255,3.02650808095932,2.0065360605716704,2.689041599035263,1.9284243655204774
0.08615384615384614,0.02,0.2184615384615384,0.3507692307692308,0.2846153846153846,0.02,0.02,310000000.0,17998000000.0,1.8433532857894896,3.155309910774231,3.1496702647209167,1.0247168749570847,2.998659155368805,2.0080653488636018,2.6421848452091217,1.9017356514930726
0.08615384615384614,0.02,0.2184615384615384,0.3507692307692308,0.2846153846153846,0.02,0.02,310000000.0,19998000000.0,1.8258812296390534,3.1539890718460084,3.140119948387146,1.0188235336542129,2.988299560546875,1.990842262506485,2.6089446914196013,1.8966756224632264
0.08615384615384614,0.02,0.2184615384615384,0.3507692307692308,0.2846153846153846,0.02,0.02,310000000.0,20000000000.0,1.8258812296390534,3.1539890718460084,3.140119948387146,1.0188235336542129,2.988299560546875,1.990842262506485,2.6089446914196013,1.8966756224632264
0.28461538461538466,0.21846153846153848,0.08615384615384618,0.08615384615384616,0.08615384615384616,0.21846153846153848,0.020000000000000004,310000000.0,1998000000.0,2.4234626948833466,4.106848061084747,4.415324110984802,1.9354237878322602,4.324816560745239,2.7372428154945374,4.227931652069092,3.294146273136139
0.28461538461538466,0.21846153846153848,0.08615384615384618,0.08615384615384616,0.08615384615384616,0.21846153846153848,0.020000000000000004,310000000.0,3998000000.0,2.018913791179657,3.5022062397003175,3.772397270202637,1.445107378065586,3.642874307632446,2.1907079792022706,3.4352676582336428,2.469649620056152
0.28461538461538466,0.21846153846153848,0.08615384615384618,0.08615384615384616,0.08615384615384616,0.21846153846153848,0.020000000000000004,310000000.0,5998000000.0,1.8805639410018922,3.2991248536109925,3.550928838253021,1.302280607521534,3.4189915084838867,2.037846117019653,3.086206660270691,2.2169843065738677
0.28461538461538466,0.21846153846153848,0.08615384615384618,0.08615384615384616,0.08615384615384616,0.21846153846153848,0.020000000000000004,310000000.0,7998000000.0,1.8144970118999482,3.2175409054756163,3.45096120595932,1.2396074390411378,3.314021067619324,1.9530448961257934,2.866962802410126,2.1020880901813506
0.28461538461538466,0.21846153846153848,0.08615384615384618,0.08615384615384616,0.08615384615384616,0.21846153846153848,0.020000000000000004,310000000.0,9998000000.0,1.7782101261615753,3.1596737551689147,3.3881611371040345,1.1922518676519394,3.244560101032257,1.9111056208610535,2.748236372470856,2.029646383523941
0.28461538461538466,0.21846153846153848,0.08615384615384618,0.08615384615384616,0.08615384615384616,0.21846153846153848,0.020000000000000004,310000000.0,11998000000.0,1.7532359421253205,3.1212282967567444,3.3369858622550965,1.1645672032237053,3.1913420581817626,1.873578690290451,2.7511045849323272,1.986282423734665
0.28461538461538466,0.21846153846153848,0.08615384615384618,0.08615384615384616,0.08615384615384616,0.21846153846153848,0.020000000000000004,310000000.0,13998000000.0,1.7311484813690186,3.086750690937042,3.3132044672966003,1.146250690817833,3.1694638204574583,1.855565676689148,2.76733247756958,1.9594337713718415
0.28461538461538466,0.21846153846153848,0.08615384615384618,0.08615384615384616,0.08615384615384616,0.21846153846153848,0.020000000000000004,310000000.0,15998000000.0,1.7127045977115631,3.059512972831726,3.286224594116211,1.1252795532345772,3.1442770624160765,1.8355947899818421,2.6588773417472837,1.9182338392734528
0.28461538461538466,0.21846153846153848,0.08615384615384618,0.08615384615384616,0.08615384615384616,0.21846153846153848,0.020000000000000004,310000000.0,17998000000.0,1.7062668085098267,3.041490383148193,3.271535408496857,1.1182216757535934,3.122320704460144,1.8228515446186067,2.632448318004608,1.903936368227005
0.28461538461538466,0.21846153846153848,0.08615384615384618,0.08615384615384616,0.08615384615384616,0.21846153846153848,0.020000000000000004,310000000.0,19998000000.0,1.6922527468204498,3.028870005607605,3.2559107995033263,1.1014724880456925,3.104205012321472,1.8101397478580474,2.586084928512573,1.8808267402648926
0.28461538461538466,0.21846153846153848,0.08615384615384618,0.08615384615384616,0.08615384615384616,0.21846153846153848,0.020000000000000004,310000000.0,20000000000.0,1.6922527468204498,3.028870005607605,3.2559107995033263,1.1014724880456925,3.104205012321472,1.8101397478580474,2.586084928512573,1.8808267402648926
0.08615384615384616,0.08615384615384616,0.08615384615384616,0.1523076923076923,0.21846153846153848,0.1523076923076923,0.21846153846153848,310000000.0,1998000000.0,2.626620374917984,4.100411193370819,4.344138927459717,1.9112208837270737,4.19238974571228,2.7509419298171998,3.341934735774994,3.2728564286231996
0.08615384615384616,0.08615384615384616,0.08615384615384616,0.1523076923076923,0.21846153846153848,0.1523076923076923,0.21846153846153848,310000000.0,3998000000.0,2.169426003694534,3.54606963634491,3.703605978488922,1.4176443564891814,3.5328244829177855,2.2558084821701048,2.6526243555545808,2.4651315069198607
0.08615384615384616,0.08615384615384616,0.08615384615384616,0.1523076923076923,0.21846153846153848,0.1523076923076923,0.21846153846153848,310000000.0,5998000000.0,2.0241280019283296,3.351998918056488,3.4907393789291383,1.2661416214704513,3.30973445892334,2.077704223394394,2.4263004660606384,2.209816415309906
0.08615384615384616,0.08615384615384616,0.08615384615384616,0.1523076923076923,0.21846153846153848,0.1523076923076923,0.21846153846153848,310000000.0,7998000000.0,1.9516046285629272,3.254206600189209,3.420424802303314,1.200853534936905,3.2210634779930114,1.9997541058063506,2.299902604818344,2.108502036333084
0.08615384615384616,0.08615384615384616,0.08615384615384616,0.1523076923076923,0.21846153846153848,0.1523076923076923,0.21846153846153848,310000000.0,9998000000.0,1.9114049088954925,3.200697886943817,3.3455966830253603,1.1642435708642005,3.1592954754829408,1.9490373539924621,2.2434559524059297,2.040729957818985
0.08615384615384616,0.08615384615384616,0.08615384615384616,0.1523076923076923,0.21846153846153848,0.1523076923076923,0.21846153846153848,310000000.0,11998000000.0,1.8891849732398986,3.1607492637634276,3.3038925909996033,1.1379832264780998,3.114263565540314,1.9184092855453492,2.1877163922786713,1.9969234144687653
0.08615384615384616,0.08615384615384616,0.08615384615384616,0.1523076923076923,0.21846153846153848,0.1523076923076923,0.21846153846153848,310000000.0,13998000000.0,1.8674793887138366,3.130642383098602,3.2732202005386353,1.113320083618164,3.084858498573303,1.9013881051540376,2.1629397571086884,1.9684629106521607
0.08615384615384616,0.08615384615384616,0.08615384615384616,0.1523076923076923,0.21846153846153848,0.1523076923076923,0.21846153846153848,310000000.0,15998000000.0,1.8455954468250275,3.108676257133484,3.251681077480316,1.1009290859103202,3.061079413890839,1.8846108531951904,2.137289296388626,1.9342777156829833
0.08615384615384616,0.08615384615384616,0.08615384615384616,0.1523076923076923,0.21846153846153848,0.1523076923076923,0.21846153846153848,310000000.0,17998000000.0,1.8431545615196228,3.0919269847869875,3.239253726005554,1.0898718386888504,3.0454179453849792,1.8692942476272583,2.1194534635543825,1.9194821083545686
0.08615384615384616,0.08615384615384616,0.08615384615384616,0.1523076923076923,0.21846153846153848,0.1523076923076923,0.21846153846153848,310000000.0,19998000000.0,1.8236874544620514,3.0828497052192687,3.226433095932007,1.0858983516693115,3.033230447769165,1.8581764388084412,2.102642261981964,1.9070254600048064
0.08615384615384616,0.08615384615384616,0.08615384615384616,0.1523076923076923,0.21846153846153848,0.1523076923076923,0.21846153846153848,310000000.0,20000000000.0,1.8236874544620514,3.0828497052192687,3.226433095932007,1.0858983516693115,3.033230447769165,1.8581764388084412,2.102642261981964,1.9070254600048064
0.02,0.15230769230769228,0.08615384615384615,0.02,0.3507692307692308,0.08615384615384614,0.2846153846153846,310000000.0,1998000000.0,2.915337920188904,4.0237359523773195,4.294748024940491,2.3377744448184967,4.123521325588226,2.9876333713531493,3.2325337386131285,3.3312296152114866
0.02,0.15230769230769228,0.08615384615384615,0.02,0.3507692307692308,0.08615384615384614,0.2846153846153846,310000000.0,3998000000.0,2.3408135390281677,3.4390514516830444,3.637388164997101,1.6557350713014602,3.4425225377082826,2.407514909505844,2.5657580876350403,2.501381366252899
0.02,0.15230769230769228,0.08615384615384615,0.02,0.3507692307692308,0.08615384615384614,0.2846153846153846,310000000.0,5998000000.0,2.2024517917633055,3.2651156163215638,3.439894924163818,1.5357995599508285,3.2350761246681214,2.234636081457138,2.342389440536499,2.2597648739814757
0.02,0.15230769230769228,0.08615384615384615,0.02,0.3507692307692308,0.08615384615384614,0.2846153846153846,310000000.0,7998000000.0,2.1711490511894227,3.1714595198631286,3.368991959095001,1.409667227268219,3.1479595613479616,2.1503161454200743,2.2295796966552732,2.145205215215683
0.02,0.15230769230769228,0.08615384615384615,0.02,0.3507692307692308,0.08615384615384614,0.2846153846153846,310000000.0,9998000000.0,2.071959595680237,3.1271051478385927,3.3018997716903686,1.3896414604783058,3.0913410234451293,2.0912706530094147,2.1745408034324645,2.0689587771892546
0.02,0.15230769230769228,0.08615384615384615,0.02,0.3507692307692308,0.08615384615384614,0.2846153846153846,310000000.0,11998000000.0,2.0849104595184325,3.0901942157745363,3.263305280208588,1.3538125026226044,3.0535792541503906,2.063138391971588,2.124566309452057,2.034208562374115
0.02,0.15230769230769228,0.08615384615384615,0.02,0.3507692307692308,0.08615384615384614,0.2846153846153846,310000000.0,13998000000.0,2.0370041143894198,3.0605786657333374,3.2305900645256043,1.328067170381546,3.0197434878349303,2.0392567813396454,2.100821088552475,1.994262809753418
0.02,0.15230769230769228,0.08615384615384615,0.02,0.3507692307692308,0.08615384615384614,0.2846153846153846,310000000.0,15998000000.0,2.0196910667419434,3.0329984760284425,3.2073693084716797,1.3109033724665642,2.9959813499450685,2.0091094172000883,2.077029067277908,1.9664149296283722
0.02,0.15230769230769228,0.08615384615384615,0.02,0.3507692307692308,0.08615384615384614,0.2846153846153846,310000000.0,17998000000.0,2.01593359708786,3.019219756126404,3.1939879631996155,1.3165915459394455,2.9799341487884523,2.002771317958832,2.0569008004665377,1.947269742488861
0.02,0.15230769230769228,0.08615384615384615,0.02,0.3507692307692308,0.08615384615384614,0.2846153846153846,310000000.0,19998000000.0,1.9808189046382905,3.0054865884780884,3.1815699219703673,1.2923183092474937,2.9672529768943785,1.9824612104892732,2.040623185634613,1.9324903690814972
0.02,0.15230769230769228,0.08615384615384615,0.02,0.3507692307692308,0.08615384615384614,0.2846153846153846,310000000.0,20000000000.0,1.9808189046382905,3.0054865884780884,3.1815699219703673,1.2923183092474937,2.9672529768943785,1.9824612104892732,2.040623185634613,1.9324903690814972
0.02,0.02,0.21846153846153843,0.2846153846153846,0.08615384615384615,0.08615384615384614,0.2846153846153846,310000000.0,1998000000.0,2.8719465208053587,4.214961524009705,4.297394270896912,1.8190057373046875,4.240492951869965,2.79581356048584,3.2350158715248107,3.3019210052490235
0.02,0.02,0.21846153846153843,0.2846153846153846,0.08615384615384615,0.08615384615384614,0.2846153846153846,310000000.0,3998000000.0,2.331205734014511,3.6559897780418398,3.673764531612396,1.352426470220089,3.5894045543670656,2.2931937050819395,2.6068926775455474,2.495496563911438
0.02,0.02,0.21846153846153843,0.2846153846153846,0.08615384615384615,0.08615384615384614,0.2846153846153846,310000000.0,5998000000.0,2.2158213913440705,3.4741813349723816,3.483822596073151,1.2267501902580262,3.3853909301757814,2.147446913719177,2.3802362740039826,2.2743515086174013
0.02,0.02,0.21846153846153843,0.2846153846153846,0.08615384615384615,0.08615384615384614,0.2846153846153846,310000000.0,7998000000.0,2.159750235080719,3.389112663269043,3.391970579624176,1.1608198350667953,3.2886008501052855,2.0638907134532927,2.268666354417801,2.1647032594680784
0.02,0.02,0.21846153846153843,0.2846153846153846,0.08615384615384615,0.08615384615384614,0.2846153846153846,310000000.0,9998000000.0,2.062495455741882,3.3131154203414916,3.325888149738312,1.1234639349579811,3.217319073677063,2.006352467536926,2.2028648483753206,2.0930857944488523
0.02,0.02,0.21846153846153843,0.2846153846153846,0.08615384615384615,0.08615384615384614,0.2846153846153846,310000000.0,11998000000.0,2.07551842212677,3.2739180850982668,3.283479037284851,1.100311380326748,3.1733917737007142,1.978677214384079,2.1510991847515104,2.0471677339076995
0.02,0.02,0.21846153846153843,0.2846153846153846,0.08615384615384615,0.08615384615384614,0.2846153846153846,310000000.0,13998000000.0,2.029121330976486,3.2490940713882446,3.2471118569374084,1.0709383156895638,3.1397019362449647,1.9591327476501466,2.1258737790584563,2.008496433496475
0.02,0.02,0.21846153846153843,0.2846153846153846,0.08615384615384615,0.08615384615384614,0.2846153846153846,310000000.0,15998000000.0,2.0129280841350554,3.2156511688232423,3.2209059262275694,1.0571165093779564,3.116592991352081,1.9327403700351715,2.101646349430084,1.9831464052200318
0.02,0.02,0.21846153846153843,0.2846153846153846,0.08615384615384615,0.08615384615384614,0.2846153846153846,310000000.0,17998000000.0,2.0036082792282106,3.2078686475753786,3.2085965609550477,1.0472182413935662,3.1024431800842285,1.9185797142982484,2.078731200695038,1.9611413168907166
0.02,0.02,0.21846153846153843,0.2846153846153846,0.08615384615384615,0.08615384615384614,0.2846153846153846,310000000.0,19998000000.0,1.975353990793228,3.189177062511444,3.1902111029624938,1.039027826488018,3.083570511341095,1.9070689046382905,2.0644750893115997,1.9477035403251648
0.02,0.02,0.21846153846153843,0.2846153846153846,0.08615384615384615,0.08615384615384614,0.2846153846153846,310000000.0,20000000000.0,1.975353990793228,3.189177062511444,3.1902111029624938,1.039027826488018,3.083570511341095,1.9070689046382905,2.0644750893115997,1.9477035403251648
0.02,0.08615384615384615,0.4169230769230769,0.08615384615384615,0.08615384615384614,0.02,0.2846153846153846,310000000.0,1998000000.0,2.9252408742904663,4.025393161773682,4.135780413150787,2.154031121134758,4.105624725818634,3.12822970867157,3.201061239242554,3.2851689624786378
0.02,0.08615384615384615,0.4169230769230769,0.08615384615384615,0.08615384615384614,0.02,0.2846153846153846,310000000.0,3998000000.0,2.356262683868408,3.4934534454345703,3.554141080379486,1.5483205181360244,3.492422025203705,2.488994506597519,2.5698034417629243,2.48068217754364
0.02,0.08615384615384615,0.4169230769230769,0.08615384615384615,0.08615384615384614,0.02,0.2846153846153846,310000000.0,5998000000.0,2.2093546175956726,3.29401047706604,3.3357376527786253,1.3968086007237435,3.2656697463989257,2.3430147802829744,2.3356173157691957,2.244275199174881
0.02,0.08615384615384615,0.4169230769230769,0.08615384615384615,0.08615384615384614,0.02,0.2846153846153846,310000000.0,7998000000.0,2.1763867497444154,3.2069545650482176,3.254900727272034,1.3184090608358383,3.1787392258644105,2.2445992636680603,2.2249400138854982,2.133726427555084
0.02,0.08615384615384615,0.4169230769230769,0.08615384615384615,0.08615384615384614,0.02,0.2846153846153846,310000000.0,9998000000.0,2.0771455323696135,3.156756262779236,3.2012055492401124,1.2744698706269264,3.1198657608032225,2.1907734084129333,2.1670563435554504,2.070049088001251
0.02,0.08615384615384615,0.4169230769230769,0.08615384615384615,0.08615384615384614,0.02,0.2846153846153846,310000000.0,11998000000.0,2.0937288892269135,3.1269896984100343,3.1684488797187806,1.2418715304136276,3.0879365015029907,2.1449460208415987,2.121853542327881,2.0302336418628695
0.02,0.08615384615384615,0.4169230769230769,0.08615384615384615,0.08615384615384614,0.02,0.2846153846153846,310000000.0,13998000000.0,2.049128358364105,3.098837130069733,3.134820907115936,1.223200988471508,3.0568299531936645,2.15484836935997,2.0995645582675935,1.9936347019672394
0.02,0.08615384615384615,0.4169230769230769,0.08615384615384615,0.08615384615384614,0.02,0.2846153846153846,310000000.0,15998000000.0,2.0423839712142944,3.0731547045707703,3.113788156509399,1.2048230591416358,3.0330924153327943,2.114819530248642,2.0784837472438813,1.96803254365921
0.02,0.08615384615384615,0.4169230769230769,0.08615384615384615,0.08615384615384614,0.02,0.2846153846153846,310000000.0,17998000000.0,2.0271665334701536,3.061597836017609,3.098028135299683,1.194753178358078,3.019036204814911,2.0969767355918885,2.0574976527690887,1.9469690191745759
0.02,0.08615384615384615,0.4169230769230769,0.08615384615384615,0.08615384615384614,0.02,0.2846153846153846,310000000.0,19998000000.0,1.993695274591446,3.0468406295776367,3.0868471240997315,1.186137084066868,3.0040299916267394,2.07200506567955,2.041897341012955,1.9328876376152038
0.02,0.08615384615384615,0.4169230769230769,0.08615384615384615,0.08615384615384614,0.02,0.2846153846153846,310000000.0,20000000000.0,1.993695274591446,3.0468406295776367,3.0868471240997315,1.186137084066868,3.0040299916267394,2.07200506567955,2.041897341012955,1.9328876376152038
0.020000000000000004,0.21846153846153848,0.020000000000000004,0.08615384615384615,0.28461538461538466,0.1523076923076923,0.21846153846153848,310000000.0,1998000000.0,2.8721324396133423,4.010101692676544,4.371567158699036,2.01675794839859,4.170181310176849,2.8032264733314514,3.3521103262901306,3.3094645047187807
0.020000000000000004,0.21846153846153848,0.020000000000000004,0.08615384615384615,0.28461538461538466,0.1523076923076923,0.21846153846153848,310000000.0,3998000000.0,2.3206355595588684,3.4446104049682615,3.7451671147346497,1.481695404648781,3.503661367893219,2.2869727385044096,2.6338243770599363,2.495799264907837
0.020000000000000004,0.21846153846153848,0.020000000000000004,0.08615384615384615,0.28461538461538466,0.1523076923076923,0.21846153846153848,310000000.0,5998000000.0,2.169738781452179,3.2417989659309385,3.519034757614136,1.3302284127473831,3.2752251768112184,2.099205319881439,2.4089206635951994,2.226604915857315
0.020000000000000004,0.21846153846153848,0.020000000000000004,0.08615384615384615,0.28461538461538466,0.1523076923076923,0.21846153846153848,310000000.0,7998000000.0,2.13617063164711,3.173740484714508,3.451382477283478,1.2555732482671738,3.200699393749237,2.0293211126327515,2.2941649174690246,2.135848273038864
0.020000000000000004,0.21846153846153848,0.020000000000000004,0.08615384615384615,0.28461538461538466,0.1523076923076923,0.21846153846153848,310000000.0,9998000000.0,2.041970040798187,3.1077500081062315,3.3890915870666505,1.2141549110412597,3.1340310525894166,1.9737822341918945,2.2305906093120575,2.0602788758277892
0.020000000000000004,0.21846153846153848,0.020000000000000004,0.08615384615384615,0.28461538461538466,0.1523076923076923,0.21846153846153848,310000000.0,11998000000.0,2.049305683374405,3.0760711884498595,3.3496817445755003,1.1983757343888284,3.093859214782715,1.9457318735122682,2.1793327128887174,2.0158229744434357
0.020000000000000004,0.21846153846153848,0.020000000000000004,0.08615384615384615,0.28461538461538466,0.1523076923076923,0.21846153846153848,310000000.0,13998000000.0,2.01746456861496,3.050114860534668,3.3239390063285827,1.1755352145433426,3.0666000628471375,1.9314715993404388,2.160200846195221,1.9877296674251557
0.020000000000000004,0.21846153846153848,0.020000000000000004,0.08615384615384615,0.28461538461538466,0.1523076923076923,0.21846153846153848,310000000.0,15998000000.0,2.0023099827766417,3.0226341700553894,3.290099880695343,1.1604940697550774,3.0378023481369016,1.9119222903251647,2.128272579908371,1.9568287003040314
0.020000000000000004,0.21846153846153848,0.020000000000000004,0.08615384615384615,0.28461538461538466,0.1523076923076923,0.21846153846153848,310000000.0,17998000000.0,1.989651381969452,3.006984300613403,3.27534841299057,1.1431189116835594,3.0205382084846497,1.8912798619270326,2.107940180301666,1.92771209359169
0.020000000000000004,0.21846153846153848,0.020000000000000004,0.08615384615384615,0.28461538461538466,0.1523076923076923,0.21846153846153848,310000000.0,19998000000.0,1.9606268990039826,2.9928072619438173,3.262290163040161,1.1421876892447471,3.006832253932953,1.8812043356895447,2.0904454815387727,1.9198381400108337
0.020000000000000004,0.21846153846153848,0.020000000000000004,0.08615384615384615,0.28461538461538466,0.1523076923076923,0.21846153846153848,310000000.0,20000000000.0,1.9606268990039826,2.9928072619438173,3.262290163040161,1.1421876892447471,3.006832253932953,1.8812043356895447,2.0904454815387727,1.9198381400108337
0.21846153846153843,0.02,0.2846153846153846,0.15230769230769228,0.02,0.02,0.2846153846153846,310000000.0,1998000000.0,2.4514889216423033,4.230167582035064,4.278622136116028,1.940489914417267,4.28349116563797,3.0010370659828185,3.230319719314575,3.279252347946167
0.21846153846153843,0.02,0.2846153846153846,0.15230769230769228,0.02,0.02,0.2846153846153846,310000000.0,3998000000.0,2.067795008420944,3.670994803905487,3.6749935579299926,1.469915433228016,3.6405556321144106,2.446205197572708,2.6082968425750734,2.511483943462372
0.21846153846153843,0.02,0.2846153846153846,0.15230769230769228,0.02,0.02,0.2846153846153846,310000000.0,5998000000.0,1.9161292219161987,3.4638316512107847,3.4462104654312133,1.3098937365412713,3.3950610971450805,2.287645261287689,2.365567954778671,2.239633240699768
0.21846153846153843,0.02,0.2846153846153846,0.15230769230769228,0.02,0.02,0.2846153846153846,310000000.0,7998000000.0,1.8624650025367737,3.377950255870819,3.359795026779175,1.2437671875953675,3.3056465935707093,2.2012152218818666,2.253699085712433,2.1375520169734954
0.21846153846153843,0.02,0.2846153846153846,0.15230769230769228,0.02,0.02,0.2846153846153846,310000000.0,9998000000.0,1.8169111037254333,3.320544307231903,3.305040934085846,1.2038599461317063,3.2412361884117127,2.146120665073395,2.1951094460487366,2.0741116857528685
0.21846153846153843,0.02,0.2846153846153846,0.15230769230769228,0.02,0.02,0.2846153846153846,310000000.0,11998000000.0,1.7957484340667724,3.2767125749588013,3.2686572074890137,1.1700788250565528,3.200763237476349,2.100702315568924,2.143833676576614,2.03185130238533
0.21846153846153843,0.02,0.2846153846153846,0.15230769230769228,0.02,0.02,0.2846153846153846,310000000.0,13998000000.0,1.781914893388748,3.24305645942688,3.234575259685516,1.1557917016744614,3.1713586759567263,2.1145489656925203,2.1234219324588777,1.9980741238594055
0.21846153846153843,0.02,0.2846153846153846,0.15230769230769228,0.02,0.02,0.2846153846153846,310000000.0,15998000000.0,1.7566352689266205,3.226335597038269,3.211142613887787,1.1345158487558364,3.1479238939285277,2.0685489547252653,2.099194483757019,1.9699883842468262
0.21846153846153843,0.02,0.2846153846153846,0.15230769230769228,0.02,0.02,0.2846153846153846,310000000.0,17998000000.0,1.7490412187576294,3.2112331104278566,3.1914716458320616,1.1223986396193504,3.1327431178092957,2.0503542304039,2.0762172782421113,1.9531180989742278
0.21846153846153843,0.02,0.2846153846153846,0.15230769230769228,0.02,0.02,0.2846153846153846,310000000.0,19998000000.0,1.738480225801468,3.1959447693824767,3.185163345336914,1.1090661460161209,3.1194810009002687,2.026956478357315,2.063104985952377,1.9319924795627594
0.21846153846153843,0.02,0.2846153846153846,0.15230769230769228,0.02,0.02,0.2846153846153846,310000000.0,20000000000.0,1.738480225801468,3.1959447693824767,3.185163345336914,1.1090661460161209,3.1194810009002687,2.026956478357315,2.063104985952377,1.9319924795627594
0.02,0.2846153846153846,0.08615384615384614,0.2846153846153846,0.02,0.2846153846153846,0.02,310000000.0,1998000000.0,2.813721580505371,4.076946094036102,4.453655581474305,1.7337836879491806,4.43065778017044,2.620122694969177,4.199781517982483,3.371133043766022
0.02,0.2846153846153846,0.08615384615384614,0.2846153846153846,0.02,0.2846153846153846,0.02,310000000.0,3998000000.0,2.3247656869888305,3.544689726829529,3.8767669439315795,1.3285606575012208,3.8050544357299803,2.1611427414417266,3.496530704498291,2.5996324968338014
0.02,0.2846153846153846,0.08615384615384614,0.2846153846153846,0.02,0.2846153846153846,0.02,310000000.0,5998000000.0,2.1649595952033995,3.3227697134017946,3.6169730830192566,1.1877667224407196,3.5336303448677064,2.0000327861309053,3.101074683666229,2.298398824930191
0.02,0.2846153846153846,0.08615384615384614,0.2846153846153846,0.02,0.2846153846153846,0.02,310000000.0,7998000000.0,2.1282980930805206,3.223687083721161,3.528373954296112,1.1424151131510734,3.441420967578888,1.9247985684871673,2.940867371559143,2.2117960345745087
0.02,0.2846153846153846,0.08615384615384614,0.2846153846153846,0.02,0.2846153846153846,0.02,310000000.0,9998000000.0,2.032078992128372,3.1469384813308716,3.4407172632217407,1.0905271983146667,3.3390548729896548,1.8715204989910126,2.764386956691742,2.1059770607948303
0.02,0.2846153846153846,0.08615384615384614,0.2846153846153846,0.02,0.2846153846153846,0.02,310000000.0,11998000000.0,2.031351091861725,3.1194023156166075,3.4055759000778196,1.0628700104355813,3.301540117263794,1.8360034608840943,2.781706862449646,2.0597342157363894
0.02,0.2846153846153846,0.08615384615384614,0.2846153846153846,0.02,0.2846153846153846,0.02,310000000.0,13998000000.0,1.996335277557373,3.0859476208686827,3.3696919107437133,1.0422963562607765,3.2678065204620363,1.821611489057541,2.769085850715637,2.036860009431839
0.02,0.2846153846153846,0.08615384615384614,0.2846153846153846,0.02,0.2846153846153846,0.02,310000000.0,15998000000.0,1.974974467754364,3.05526709318161,3.3372097778320313,1.0281428891420363,3.238762617111206,1.8061917984485627,2.6786616802215577,1.9989258003234864
0.02,0.2846153846153846,0.08615384615384614,0.2846153846153846,0.02,0.2846153846153846,0.02,310000000.0,17998000000.0,1.9658645439147948,3.042715404033661,3.3195022630691526,1.0167194241285324,3.222637538909912,1.7853163659572602,2.665303871631622,1.975978479385376
0.02,0.2846153846153846,0.08615384615384614,0.2846153846153846,0.02,0.2846153846153846,0.02,310000000.0,19998000000.0,1.9405248057842255,3.0226988101005556,3.317390646934509,1.005208577811718,3.203156540393829,1.7745992922782898,2.620294795036316,1.9574863839149474
0.02,0.2846153846153846,0.08615384615384614,0.2846153846153846,0.02,0.2846153846153846,0.02,310000000.0,20000000000.0,1.9405248057842255,3.0226988101005556,3.317390646934509,1.005208577811718,3.203156540393829,1.7745992922782898,2.620294795036316,1.9574863839149474
0.15230769230769234,0.15230769230769234,0.15230769230769234,0.020000000000000004,0.1523076923076923,0.1523076923076923,0.21846153846153848,310000000.0,1998000000.0,2.496135823726654,4.059811615943909,4.280617852210998,2.113214688897133,4.170109360218048,2.781450717449188,3.3263122272491454,3.2499210047721863
0.15230769230769234,0.15230769230769234,0.15230769230769234,0.020000000000000004,0.1523076923076923,0.1523076923076923,0.21846153846153848,310000000.0,3998000000.0,2.1057272934913636,3.469312586784363,3.6542235612869263,1.6266888272762299,3.522448089122772,2.3003893983364105,2.6372393798828124,2.4796041774749757
0.15230769230769234,0.15230769230769234,0.15230769230769234,0.020000000000000004,0.1523076923076923,0.1523076923076923,0.21846153846153848,310000000.0,5998000000.0,1.9716234958171845,3.2813814282417297,3.453532485961914,1.4420068609714507,3.312093732357025,2.117086051702499,2.4255674231052398,2.227392373085022
0.15230769230769234,0.15230769230769234,0.15230769230769234,0.020000000000000004,0.1523076923076923,0.1523076923076923,0.21846153846153848,310000000.0,7998000000.0,1.891427482366562,3.199232006072998,3.366303946971893,1.3597944182157518,3.2160517168045044,2.0330940961837767,2.29733340382576,2.105476001501083
0.15230769230769234,0.15230769230769234,0.15230769230769234,0.020000000000000004,0.1523076923076923,0.1523076923076923,0.21846153846153848,310000000.0,9998000000.0,1.8566024684906006,3.137867603302002,3.3108050203323365,1.3151109728217125,3.156122262477875,1.9776534521579743,2.2361302638053893,2.0330211579799653
0.15230769230769234,0.15230769230769234,0.15230769230769234,0.020000000000000004,0.1523076923076923,0.1523076923076923,0.21846153846153848,310000000.0,11998000000.0,1.8344603705406188,3.109370858669281,3.2727826380729677,1.3003288167715072,3.11347350358963,1.9472976458072662,2.1821269583702088,1.997116346359253
0.15230769230769234,0.15230769230769234,0.15230769230769234,0.020000000000000004,0.1523076923076923,0.1523076923076923,0.21846153846153848,310000000.0,13998000000.0,1.8140620291233063,3.0757137870788576,3.239626624584198,1.2737754067778588,3.082985668182373,1.9299703109264374,2.157603305578232,1.9673892986774444
0.15230769230769234,0.15230769230769234,0.15230769230769234,0.020000000000000004,0.1523076923076923,0.1523076923076923,0.21846153846153848,310000000.0,15998000000.0,1.789694950580597,3.0583355045318603,3.2135558342933654,1.253153446316719,3.059504611492157,1.913416681289673,2.132311495542526,1.9375728464126587
0.15230769230769234,0.15230769230769234,0.15230769230769234,0.020000000000000004,0.1523076923076923,0.1523076923076923,0.21846153846153848,310000000.0,17998000000.0,1.7846463465690612,3.041168510913849,3.193421206474304,1.2528138753771783,3.0406169629096986,1.8991790759563445,2.113866491317749,1.9120737254619598
0.15230769230769234,0.15230769230769234,0.15230769230769234,0.020000000000000004,0.1523076923076923,0.1523076923076923,0.21846153846153848,310000000.0,19998000000.0,1.7681732165813446,3.0326190519332887,3.182046012878418,1.2414319998025893,3.0291235661506652,1.8851034510135651,2.0976949417591095,1.9047624254226685
0.15230769230769234,0.15230769230769234,0.15230769230769234,0.020000000000000004,0.1523076923076923,0.1523076923076923,0.21846153846153848,310000000.0,20000000000.0,1.7681732165813446,3.0326190519332887,3.182046012878418,1.2414319998025893,3.0291235661506652,1.8851034510135651,2.0976949417591095,1.9047624254226685
0.08615384615384616,0.1523076923076923,0.1523076923076923,0.21846153846153848,0.21846153846153848,0.08615384615384616,0.08615384615384615,310000000.0,1998000000.0,2.6287279987335204,4.065677669048309,4.284985904693603,1.8667219084501268,4.163374083042145,2.828633139133453,3.820285613536835,3.2644234919548034
0.08615384615384616,0.1523076923076923,0.1523076923076923,0.21846153846153848,0.21846153846153848,0.08615384615384616,0.08615384615384615,310000000.0,3998000000.0,2.223611294031143,3.556432256698608,3.750660216808319,1.44480193734169,3.600161817073822,2.3758578026294708,3.010809588432312,2.547157099246979
0.08615384615384616,0.1523076923076923,0.1523076923076923,0.21846153846153848,0.21846153846153848,0.08615384615384616,0.08615384615384615,310000000.0,5998000000.0,2.034839298725128,3.296935889720917,3.454462890625,1.2514831846952439,3.3031854176521303,2.1464288675785066,2.6840091443061826,2.217875907421112
0.08615384615384616,0.1523076923076923,0.1523076923076923,0.21846153846153848,0.21846153846153848,0.08615384615384616,0.08615384615384615,310000000.0,7998000000.0,1.9533287870883942,3.202146255970001,3.3425776314735414,1.1764870464801789,3.1871831583976746,2.0498591196537017,2.52317004442215,2.088738715648651
0.08615384615384616,0.1523076923076923,0.1523076923076923,0.21846153846153848,0.21846153846153848,0.08615384615384616,0.08615384615384615,310000000.0,9998000000.0,1.913309611082077,3.140143780708313,3.288871431350708,1.1452134990692138,3.1293691778182984,2.0049271893501284,2.426128934621811,2.03031329870224
0.08615384615384616,0.1523076923076923,0.1523076923076923,0.21846153846153848,0.21846153846153848,0.08615384615384616,0.08615384615384615,310000000.0,11998000000.0,1.8936900508403778,3.107329995632172,3.2531609869003297,1.1146013766527176,3.087566134929657,1.973977575302124,2.368239244222641,1.987356938123703
0.08615384615384616,0.1523076923076923,0.1523076923076923,0.21846153846153848,0.21846153846153848,0.08615384615384616,0.08615384615384615,310000000.0,13998000000.0,1.8694726777076722,3.0753049945831297,3.216503396034241,1.09360203653574,3.0609817242622377,1.9407887268066406,2.3642019271850585,1.9519560039043427
0.08615384615384616,0.1523076923076923,0.1523076923076923,0.21846153846153848,0.21846153846153848,0.08615384615384616,0.08615384615384615,310000000.0,15998000000.0,1.8446091282367707,3.0560487508773804,3.200731499195099,1.0798686942458153,3.0417333817481995,1.9242169559001923,2.312980293035507,1.9268585598468781
0.08615384615384616,0.1523076923076923,0.1523076923076923,0.21846153846153848,0.21846153846153848,0.08615384615384616,0.08615384615384615,310000000.0,17998000000.0,1.8431049001216888,3.039316647052765,3.183351480960846,1.0614363414049148,3.0225214910507203,1.9094139075279235,2.301265538930893,1.9092061066627501
0.08615384615384616,0.1523076923076923,0.1523076923076923,0.21846153846153848,0.21846153846153848,0.08615384615384616,0.08615384615384615,310000000.0,19998000000.0,1.8244231522083283,3.0268734002113344,3.177261312007904,1.0605513706803322,3.0079500675201416,1.9048099613189697,2.279905073642731,1.9036468255519867
0.08615384615384616,0.1523076923076923,0.1523076923076923,0.21846153846153848,0.21846153846153848,0.08615384615384616,0.08615384615384615,310000000.0,20000000000.0,1.8244231522083283,3.0268734002113344,3.177261312007904,1.0605513706803322,3.0079500675201416,1.9048099613189697,2.279905073642731,1.9036468255519867
0.21846153846153846,0.08615384615384615,0.08615384615384615,0.15230769230769228,0.08615384615384615,0.2846153846153846,0.08615384615384615,310000000.0,1998000000.0,2.42121239900589,4.222521557807922,4.426188516616821,1.8002161782979966,4.335223119258881,2.603978395462036,3.858167097568512,3.2620677518844605
0.21846153846153846,0.08615384615384615,0.08615384615384615,0.15230769230769228,0.08615384615384615,0.2846153846153846,0.08615384615384615,310000000.0,3998000000.0,2.043884961605072,3.612269153594971,3.7881989312171935,1.3701373437047004,3.6603308963775634,2.1350908195972442,2.9327347683906555,2.4610475516319275
0.21846153846153846,0.08615384615384615,0.08615384615384615,0.15230769230769228,0.08615384615384615,0.2846153846153846,0.08615384615384615,310000000.0,5998000000.0,1.8978755366802216,3.418025805950165,3.5751147413253785,1.2209087741374969,3.4398064541816713,1.9766808903217317,2.704128797054291,2.2275609982013704
0.21846153846153846,0.08615384615384615,0.08615384615384615,0.15230769230769228,0.08615384615384615,0.2846153846153846,0.08615384615384615,310000000.0,7998000000.0,1.844737503528595,3.3085186195373537,3.4813460016250612,1.1760277330875397,3.340696465969086,1.9071999728679656,2.5741520524024963,2.1229592752456665
0.21846153846153846,0.08615384615384615,0.08615384615384615,0.15230769230769228,0.08615384615384615,0.2846153846153846,0.08615384615384615,310000000.0,9998000000.0,1.7944081127643585,3.2409903025627136,3.4075424909591674,1.134062736928463,3.259836666584015,1.8609711742401123,2.4560240626335146,2.040754464864731
0.21846153846153846,0.08615384615384615,0.08615384615384615,0.15230769230769228,0.08615384615384615,0.2846153846153846,0.08615384615384615,310000000.0,11998000000.0,1.7757250130176545,3.2185166096687317,3.372259786128998,1.1073947429656983,3.2193196702003477,1.8312226831912994,2.400937453508377,1.9951455724239349
0.21846153846153846,0.08615384615384615,0.08615384615384615,0.15230769230769228,0.08615384615384615,0.2846153846153846,0.08615384615384615,310000000.0,13998000000.0,1.758138792514801,3.1741704893112184,3.3330430293083193,1.0900428757071494,3.183403260707855,1.812321776151657,2.397805062532425,1.9514225685596467
0.21846153846153846,0.08615384615384615,0.08615384615384615,0.15230769230769228,0.08615384615384615,0.2846153846153846,0.08615384615384615,310000000.0,15998000000.0,1.7347094345092773,3.154005901813507,3.307896831035614,1.0743177062273026,3.1614063286781313,1.79822310090065,2.342648309469223,1.9334423816204072
0.21846153846153846,0.08615384615384615,0.08615384615384615,0.15230769230769228,0.08615384615384615,0.2846153846153846,0.08615384615384615,310000000.0,17998000000.0,1.7263130259513855,3.144682343006134,3.2916613936424257,1.0563465020060538,3.1445334482192995,1.7807367765903472,2.329527231454849,1.9088952803611756
0.21846153846153846,0.08615384615384615,0.08615384615384615,0.15230769230769228,0.08615384615384615,0.2846153846153846,0.08615384615384615,310000000.0,19998000000.0,1.718192881345749,3.1474537158012392,3.293236515522003,1.0564488154649734,3.1324346017837525,1.7730822682380676,2.315071063041687,1.9066852068901061
0.21846153846153846,0.08615384615384615,0.08615384615384615,0.15230769230769228,0.08615384615384615,0.2846153846153846,0.08615384615384615,310000000.0,20000000000.0,1.718192881345749,3.1474537158012392,3.293236515522003,1.0564488154649734,3.1324346017837525,1.7730822682380676,2.315071063041687,1.9066852068901061
0.21846153846153843,0.02,0.02,0.2846153846153846,0.15230769230769228,0.02,0.2846153846153846,310000000.0,1998000000.0,2.480748965740204,4.341920547485351,4.588475661277771,1.8640095067024232,4.36518830537796,2.9934065461158754,3.29111266374588,3.415440857410431
0.21846153846153843,0.02,0.02,0.2846153846153846,0.15230769230769228,0.02,0.2846153846153846,310000000.0,3998000000.0,2.082936505079269,3.7427075862884522,3.9331723833084107,1.3884075045585633,3.698415653705597,2.4305278813838957,2.6326717460155487,2.5967507910728456
0.21846153846153843,0.02,0.02,0.2846153846153846,0.15230769230769228,0.02,0.2846153846153846,310000000.0,5998000000.0,1.937728625535965,3.560737633705139,3.7152197647094725,1.2463998648524284,3.4721351361274717,2.286359678506851,2.405098713636398,2.3314442229270935
0.21846153846153843,0.02,0.02,0.2846153846153846,0.15230769230769228,0.02,0.2846153846153846,310000000.0,7998000000.0,1.8714679086208343,3.4499896931648255,3.605720536708832,1.1754254212975501,3.3556900215148926,2.190626373291016,2.279938087463379,2.2058889091014864
0.21846153846153843,0.02,0.02,0.2846153846153846,0.15230769230769228,0.02,0.2846153846153846,310000000.0,9998000000.0,1.8258633053302764,3.3750643610954283,3.531080524921417,1.1376689207553863,3.277267425060272,2.1324389827251435,2.2119282138347627,2.1336413478851317
0.21846153846153843,0.02,0.02,0.2846153846153846,0.15230769230769228,0.02,0.2846153846153846,310000000.0,11998000000.0,1.802552580833435,3.3289971470832826,3.486865084171295,1.1104767933487891,3.2319497537612913,2.0883052706718446,2.1590785002708435,2.0848930633068083
0.21846153846153843,0.02,0.02,0.2846153846153846,0.15230769230769228,0.02,0.2846153846153846,310000000.0,13998000000.0,1.7881099832057954,3.2947545409202577,3.455627715587616,1.0864901426434517,3.2022011566162107,2.0994655549526215,2.1383502078056336,2.0451717472076414
0.21846153846153843,0.02,0.02,0.2846153846153846,0.15230769230769228,0.02,0.2846153846153846,310000000.0,15998000000.0,1.7609192180633544,3.273045816421509,3.4222545790672303,1.0679584240913391,3.17367938041687,2.053411749601364,2.1103694796562196,2.0154181134700777
0.21846153846153843,0.02,0.02,0.2846153846153846,0.15230769230769228,0.02,0.2846153846153846,310000000.0,17998000000.0,1.7517010855674744,3.2581712436676025,3.4080054187774658,1.055303710103035,3.155092680454254,2.0318341457843783,2.0865323793888093,1.9912737667560578
0.21846153846153843,0.02,0.02,0.2846153846153846,0.15230769230769228,0.02,0.2846153846153846,310000000.0,19998000000.0,1.7396742129325866,3.2365343451499937,3.3902806735038755,1.0476334485411645,3.136743912696838,2.012237825393677,2.0711054694652558,1.9804678976535797
0.21846153846153843,0.02,0.02,0.2846153846153846,0.15230769230769228,0.02,0.2846153846153846,310000000.0,20000000000.0,1.7396742129325866,3.2365343451499937,3.3902806735038755,1.0476334485411645,3.136743912696838,2.012237825393677,2.0711054694652558,1.9804678976535797
0.21846153846153848,0.08615384615384614,0.15230769230769234,0.08615384615384614,0.1523076923076923,0.1523076923076923,0.15230769230769228,310000000.0,1998000000.0,2.438170726299286,4.132641317844391,4.304227108955383,1.9607295101881028,4.198420143127441,2.761775975227356,3.4720291686058045,3.2259793877601624
0.21846153846153848,0.08615384615384614,0.15230769230769234,0.08615384615384614,0.1523076923076923,0.1523076923076923,0.15230769230769228,310000000.0,3998000000.0,2.0662690448760985,3.569957065582275,3.69896892786026,1.4837723606824875,3.5765850496292115,2.2617067205905914,2.774864854812622,2.4640955662727357
0.21846153846153848,0.08615384615384614,0.15230769230769234,0.08615384615384614,0.1523076923076923,0.1523076923076923,0.15230769230769228,310000000.0,5998000000.0,1.909460688829422,3.365751340389252,3.469134175777435,1.3141649663448334,3.335641572475433,2.0799100494384763,2.532597726583481,2.202780065536499
0.21846153846153848,0.08615384615384614,0.15230769230769234,0.08615384615384614,0.1523076923076923,0.1523076923076923,0.15230769230769228,310000000.0,7998000000.0,1.8502033948898315,3.2541861009597777,3.3801529479026793,1.2486560952663421,3.2368413853645324,1.9926398837566375,2.4037562680244444,2.0917661035060884
0.21846153846153848,0.08615384615384614,0.15230769230769234,0.08615384615384614,0.1523076923076923,0.1523076923076923,0.15230769230769228,310000000.0,9998000000.0,1.8045213949680328,3.1955838584899903,3.3210617399215696,1.2077548733353616,3.16850976228714,1.9521962928771972,2.3171903884410856,2.021845568418503
0.21846153846153848,0.08615384615384614,0.15230769230769234,0.08615384615384614,0.1523076923076923,0.1523076923076923,0.15230769230769228,310000000.0,11998000000.0,1.787439991235733,3.172727072238922,3.286776292324066,1.183252471089363,3.1327743101119996,1.9186911356449128,2.2666342854499817,1.9833891713619232
0.21846153846153848,0.08615384615384614,0.15230769230769234,0.08615384615384614,0.1523076923076923,0.1523076923076923,0.15230769230769228,310000000.0,13998000000.0,1.7708037793636322,3.13206640958786,3.2506753540039064,1.1680161675810814,3.099753658771515,1.905876672267914,2.246258373260498,1.949350597858429
0.21846153846153848,0.08615384615384614,0.15230769230769234,0.08615384615384614,0.1523076923076923,0.1523076923076923,0.15230769230769228,310000000.0,15998000000.0,1.7461140954494476,3.111336109638214,3.2231720519065856,1.1489091795682906,3.0751932001113893,1.903197419643402,2.201490679979324,1.9254168260097504
0.21846153846153848,0.08615384615384614,0.15230769230769234,0.08615384615384614,0.1523076923076923,0.1523076923076923,0.15230769230769228,310000000.0,17998000000.0,1.7384076929092407,3.1001385951042177,3.2047890281677245,1.1337540355324744,3.0579894089698794,1.8714567196369172,2.1846473729610443,1.8972051239013672
0.21846153846153848,0.08615384615384614,0.15230769230769234,0.08615384615384614,0.1523076923076923,0.1523076923076923,0.15230769230769228,310000000.0,19998000000.0,1.7260495007038117,3.0978565120697024,3.1913431167602537,1.1243989658355713,3.0421298480033876,1.8555556535720825,2.183232219219208,1.8901346397399903
0.21846153846153848,0.08615384615384614,0.15230769230769234,0.08615384615384614,0.1523076923076923,0.1523076923076923,0.15230769230769228,310000000.0,20000000000.0,1.7260495007038117,3.0978565120697024,3.1913431167602537,1.1243989658355713,3.0421298480033876,1.8555556535720825,2.183232219219208,1.8901346397399903
0.02,0.08615384615384614,0.21846153846153843,0.08615384615384614,0.2846153846153846,0.1523076923076923,0.15230769230769228,310000000.0,1998000000.0,2.864986777305603,4.050641827583313,4.210374209880829,1.9896322560310364,4.101393067836762,2.794773666858673,3.445702147483826,3.2428282642364503
0.02,0.08615384615384614,0.21846153846153843,0.08615384615384614,0.2846153846153846,0.1523076923076923,0.15230769230769228,310000000.0,3998000000.0,2.300032583475113,3.482448225021362,3.5769949674606325,1.469955330491066,3.443049886226654,2.2507483565807345,2.72807489156723,2.4220599579811095
0.02,0.08615384615384614,0.21846153846153843,0.08615384615384614,0.2846153846153846,0.1523076923076923,0.15230769230769228,310000000.0,5998000000.0,2.1515637290477754,3.285955662727356,3.371607844829559,1.3050631844997407,3.2213580870628356,2.074004875421524,2.4879824817180634,2.1717386269569396
0.02,0.08615384615384614,0.21846153846153843,0.08615384615384614,0.2846153846153846,0.1523076923076923,0.15230769230769228,310000000.0,7998000000.0,2.1201635503768923,3.1951751065254212,3.2856748938560485,1.2519601112604142,3.1388822889328,2.0012494707107544,2.3715601181983947,2.0738487672805785
0.02,0.08615384615384614,0.21846153846153843,0.08615384615384614,0.2846153846153846,0.1523076923076923,0.15230769230769228,310000000.0,9998000000.0,2.0311629486083986,3.148178496360779,3.2244919419288633,1.209908537864685,3.0755955958366394,1.9556259286403657,2.2877765345573424,2.0031694877147674
0.02,0.08615384615384614,0.21846153846153843,0.08615384615384614,0.2846153846153846,0.1523076923076923,0.15230769230769228,310000000.0,11998000000.0,2.0385305321216585,3.1163628339767455,3.1958108353614807,1.186638172864914,3.0436805844306947,1.9256326186656951,2.240264792442322,1.966102156639099
0.02,0.08615384615384614,0.21846153846153843,0.08615384615384614,0.2846153846153846,0.1523076923076923,0.15230769230769228,310000000.0,13998000000.0,2.001783856153488,3.0891179394721986,3.1626133823394778,1.1671900430321693,3.0140848040580748,1.9125225090980529,2.2223096108436584,1.9334807431697845
0.02,0.08615384615384614,0.21846153846153843,0.08615384615384614,0.2846153846153846,0.1523076923076923,0.15230769230769228,310000000.0,15998000000.0,1.9968873155117035,3.0661325025558472,3.143568370342255,1.1551248428225518,2.992644336223602,1.9122943091392517,2.1812776362895967,1.918088665008545
0.02,0.08615384615384614,0.21846153846153843,0.08615384615384614,0.2846153846153846,0.1523076923076923,0.15230769230769228,310000000.0,17998000000.0,1.9797006022930146,3.051793088912964,3.129831018447876,1.13199317663908,2.976305778026581,1.8786148834228515,2.16211168885231,1.8922989892959594
0.02,0.08615384615384614,0.21846153846153843,0.08615384615384614,0.2846153846153846,0.1523076923076923,0.15230769230769228,310000000.0,19998000000.0,1.9523753547668456,3.0395536470413207,3.1179267597198486,1.128089349269867,2.962946515083313,1.8648903846740723,2.1575484704971313,1.8746025156974793
0.02,0.08615384615384614,0.21846153846153843,0.08615384615384614,0.2846153846153846,0.1523076923076923,0.15230769230769228,310000000.0,20000000000.0,1.9523753547668456,3.0395536470413207,3.1179267597198486,1.128089349269867,2.962946515083313,1.8648903846740723,2.1575484704971313,1.8746025156974793
0.02,0.08615384615384614,0.08615384615384614,0.3507692307692308,0.15230769230769228,0.2846153846153846,0.02,310000000.0,1998000000.0,2.785555355548859,4.171106631755829,4.375763263702392,1.7122893387079239,4.262833361625671,2.599105978012085,4.198048851490021,3.2650589823722838
0.02,0.08615384615384614,0.08615384615384614,0.3507692307692308,0.15230769230769228,0.2846153846153846,0.02,310000000.0,3998000000.0,2.2696583604812623,3.5996984696388243,3.75615380525589,1.279757289290428,3.6149316358566286,2.115621197223663,3.4521580815315245,2.47357048869133
0.02,0.08615384615384614,0.08615384615384614,0.3507692307692308,0.15230769230769228,0.2846153846153846,0.02,310000000.0,5998000000.0,2.1455208933353425,3.407775270938873,3.5537200021743773,1.1568125274777412,3.4055440974235536,1.9755145967006684,3.0932105445861815,2.252413499355316
0.02,0.08615384615384614,0.08615384615384614,0.3507692307692308,0.15230769230769228,0.2846153846153846,0.02,310000000.0,7998000000.0,2.097506914138794,3.2996208477020263,3.4564631891250612,1.097987032830715,3.2996676182746887,1.8962783205509186,2.8874920201301575,2.1363194835186006
0.02,0.08615384615384614,0.08615384615384614,0.3507692307692308,0.15230769230769228,0.2846153846153846,0.02,310000000.0,9998000000.0,2.0164287376403807,3.248639006614685,3.3838410425186156,1.0614660868048669,3.2246786546707153,1.8543231511116027,2.7594814777374266,2.0529574275016786
0.02,0.08615384615384614,0.08615384615384614,0.3507692307692308,0.15230769230769228,0.2846153846153846,0.02,310000000.0,11998000000.0,2.014710186719894,3.211955850124359,3.3511071038246154,1.0345158314704894,3.1850525999069212,1.8222160565853118,2.7872722268104555,2.012263046503067
0.02,0.08615384615384614,0.08615384615384614,0.3507692307692308,0.15230769230769228,0.2846153846153846,0.02,310000000.0,13998000000.0,1.9757407438755035,3.1765406560897826,3.3086174607276915,1.0140983965992927,3.1484202933311463,1.8034163367748262,2.7787142038345336,1.9773182821273805
0.02,0.08615384615384614,0.08615384615384614,0.3507692307692308,0.15230769230769228,0.2846153846153846,0.02,310000000.0,15998000000.0,1.9579765582084656,3.1468293929100035,3.2855308389663698,0.9999848726391792,3.123910322189331,1.7867126870155334,2.6758328783512115,1.9534431207180023
0.02,0.08615384615384614,0.08615384615384614,0.3507692307692308,0.15230769230769228,0.2846153846153846,0.02,310000000.0,17998000000.0,1.9501250660419465,3.1331316161155702,3.2742870163917543,0.989949089884758,3.105896019935608,1.7705331337451935,2.648317232131958,1.92485236287117
0.02,0.08615384615384614,0.08615384615384614,0.3507692307692308,0.15230769230769228,0.2846153846153846,0.02,310000000.0,19998000000.0,1.9240239703655242,3.112440061569214,3.248374011516571,0.9793159428238869,3.084157612323761,1.7604397118091584,2.5956746315956116,1.9160067164897918
0.02,0.08615384615384614,0.08615384615384614,0.3507692307692308,0.15230769230769228,0.2846153846153846,0.02,310000000.0,20000000000.0,1.9240239703655242,3.112440061569214,3.248374011516571,0.9793159428238869,3.084157612323761,1.7604397118091584,2.5956746315956116,1.9160067164897918
0.15230769230769228,0.15230769230769228,0.02,0.21846153846153843,0.15230769230769228,0.02,0.2846153846153846,310000000.0,1998000000.0,2.5178447353839872,4.11352723121643,4.453211703300476,1.903477012515068,4.261427867412567,3.000380427837372,3.2354757452011107,3.3670146226882935
0.15230769230769228,0.15230769230769228,0.02,0.21846153846153843,0.15230769230769228,0.02,0.2846153846153846,310000000.0,3998000000.0,2.123413362503052,3.537795262336731,3.8551517820358274,1.4283845716714858,3.6275661754608155,2.4496210849285127,2.6073013377189636,2.5656132602691653
0.15230769230769228,0.15230769230769228,0.02,0.21846153846153843,0.15230769230769228,0.02,0.2846153846153846,310000000.0,5998000000.0,1.9938210046291351,3.342732093334198,3.655166072845459,1.283899327814579,3.4149807119369506,2.3144020318984984,2.3863535463809966,2.3247570979595182
0.15230769230769228,0.15230769230769228,0.02,0.21846153846153843,0.15230769230769228,0.02,0.2846153846153846,310000000.0,7998000000.0,1.9092506265640259,3.2514322638511657,3.5377026295661924,1.2124342611432075,3.2993307638168337,2.211050094366074,2.2584143602848052,2.1877100646495817
0.15230769230769228,0.15230769230769228,0.02,0.21846153846153843,0.15230769230769228,0.02,0.2846153846153846,310000000.0,9998000000.0,1.8752698731422424,3.18473614692688,3.4711251854896545,1.1762551280856133,3.228480062484741,2.1536348140239716,2.1968882060050965,2.1056950175762177
0.15230769230769228,0.15230769230769228,0.02,0.21846153846153843,0.15230769230769228,0.02,0.2846153846153846,310000000.0,11998000000.0,1.8513425123691558,3.1581959748268127,3.442426288127899,1.1456614401936531,3.189807779788971,2.110011751651764,2.1469488871097564,2.07722474694252
0.15230769230769228,0.15230769230769228,0.02,0.21846153846153843,0.15230769230769228,0.02,0.2846153846153846,310000000.0,13998000000.0,1.828363082408905,3.1208033967018127,3.405549342632294,1.1293648639321328,3.1552107739448547,2.1172542357444764,2.121989817619324,2.0454033577442168
0.15230769230769228,0.15230769230769228,0.02,0.21846153846153843,0.15230769230769228,0.02,0.2846153846153846,310000000.0,15998000000.0,1.8048990774154663,3.1014633488655092,3.376426818370819,1.106858017742634,3.132128119468689,2.0779349565505982,2.101064369678497,2.0099894523620607
0.15230769230769228,0.15230769230769228,0.02,0.21846153846153843,0.15230769230769228,0.02,0.2846153846153846,310000000.0,17998000000.0,1.7956186890602113,3.086420750617981,3.363591659069061,1.0869161865115167,3.115398280620575,2.0565141999721526,2.0772607278823854,1.9860175359249115
0.15230769230769228,0.15230769230769228,0.02,0.21846153846153843,0.15230769230769228,0.02,0.2846153846153846,310000000.0,19998000000.0,1.7802696466445922,3.0749059820175173,3.357265634536743,1.0822568348050117,3.098563921451569,2.0333098304271697,2.0616564464569094,1.976567006111145
0.15230769230769228,0.15230769230769228,0.02,0.21846153846153843,0.15230769230769228,0.02,0.2846153846153846,310000000.0,20000000000.0,1.7802696466445922,3.0749059820175173,3.357265634536743,1.0822568348050117,3.098563921451569,2.0333098304271697,2.0616564464569094,1.976567006111145
0.21846153846153848,0.08615384615384616,0.020000000000000004,0.08615384615384616,0.21846153846153848,0.21846153846153848,0.1523076923076923,310000000.0,1998000000.0,2.461263498067856,4.202983069419861,4.4597602891922,1.974310548901558,4.277957830429077,2.733249156475067,3.4986895895004273,3.3060240817070006
0.21846153846153848,0.08615384615384616,0.020000000000000004,0.08615384615384616,0.21846153846153848,0.21846153846153848,0.1523076923076923,310000000.0,3998000000.0,2.0600187695026397,3.5757795786857605,3.804780189990997,1.455648347735405,3.578384244441986,2.208067663908005,2.76156991481781,2.466391842365265
0.21846153846153848,0.08615384615384616,0.020000000000000004,0.08615384615384616,0.21846153846153848,0.21846153846153848,0.1523076923076923,310000000.0,5998000000.0,1.9070532679557801,3.3776791071891785,3.5906190299987792,1.2915189063549042,3.3498986744880677,2.0294831597805025,2.5298237347602845,2.221645587682724
0.21846153846153848,0.08615384615384616,0.020000000000000004,0.08615384615384616,0.21846153846153848,0.21846153846153848,0.1523076923076923,310000000.0,7998000000.0,1.8459353864192962,3.270495364665985,3.48879052400589,1.2297271001338959,3.2529278087615965,1.9499111652374268,2.4005828773975373,2.106647229194641
0.21846153846153848,0.08615384615384616,0.020000000000000004,0.08615384615384616,0.21846153846153848,0.21846153846153848,0.1523076923076923,310000000.0,9998000000.0,1.804398946762085,3.2169894003868102,3.432487051486969,1.1931727465987205,3.1937860226631165,1.91111891746521,2.322534477710724,2.0363717794418337
0.21846153846153848,0.08615384615384616,0.020000000000000004,0.08615384615384616,0.21846153846153848,0.21846153846153848,0.1523076923076923,310000000.0,11998000000.0,1.7873777759075165,3.1885904908180236,3.4034200596809385,1.17347791492939,3.153462224006653,1.8827991735935212,2.2734795701503754,2.000985174179077
0.21846153846153848,0.08615384615384616,0.020000000000000004,0.08615384615384616,0.21846153846153848,0.21846153846153848,0.1523076923076923,310000000.0,13998000000.0,1.7681589686870576,3.147994396686554,3.367681550979614,1.1481551861763,3.1197824120521545,1.8642801094055175,2.249573223590851,1.9640962970256806
0.21846153846153848,0.08615384615384616,0.020000000000000004,0.08615384615384616,0.21846153846153848,0.21846153846153848,0.1523076923076923,310000000.0,15998000000.0,1.7439770352840425,3.127716374397278,3.335354359149933,1.129746988117695,3.090464835166931,1.8500891661643981,2.202855124473572,1.9341934514045716
0.21846153846153848,0.08615384615384616,0.020000000000000004,0.08615384615384616,0.21846153846153848,0.21846153846153848,0.1523076923076923,310000000.0,17998000000.0,1.736444342136383,3.115899317264557,3.3217939233779905,1.1123356056213378,3.073434088230133,1.8322381103038787,2.1870993888378143,1.9145456635951996
0.21846153846153848,0.08615384615384616,0.020000000000000004,0.08615384615384616,0.21846153846153848,0.21846153846153848,0.1523076923076923,310000000.0,19998000000.0,1.7245312929153442,3.113698654174805,3.320096433162689,1.1104554641246795,3.0633985352516175,1.8182246112823486,2.1853627371788025,1.9070163321495057
0.21846153846153848,0.08615384615384616,0.020000000000000004,0.08615384615384616,0.21846153846153848,0.21846153846153848,0.1523076923076923,310000000.0,20000000000.0,1.7245312929153442,3.113698654174805,3.320096433162689,1.1104554641246795,3.0633985352516175,1.8182246112823486,2.1853627371788025,1.9070163321495057
0.020000000000000004,0.08615384615384615,0.35076923076923083,0.1523076923076923,0.21846153846153848,0.020000000000000004,0.1523076923076923,310000000.0,1998000000.0,2.9999618887901307,4.0484228157997135,4.167684516906738,2.058612369298935,4.099438338279724,3.1268206667900085,3.507909116744995,3.2834037160873413
0.020000000000000004,0.08615384615384615,0.35076923076923083,0.1523076923076923,0.21846153846153848,0.020000000000000004,0.1523076923076923,310000000.0,3998000000.0,2.359752417802811,3.4974647259712217,3.5569807171821592,1.488255824148655,3.456801428794861,2.477058058977127,2.7441308236122133,2.476513321399689
0.020000000000000004,0.08615384615384615,0.35076923076923083,0.1523076923076923,0.21846153846153848,0.020000000000000004,0.1523076923076923,310000000.0,5998000000.0,2.2142602264881135,3.2953746366500853,3.342549729347229,1.3266453355550767,3.234348919391632,2.317602863311768,2.510453848838806,2.222732504606247
0.020000000000000004,0.08615384615384615,0.35076923076923083,0.1523076923076923,0.21846153846153848,0.020000000000000004,0.1523076923076923,310000000.0,7998000000.0,2.1707121574878694,3.199305684566498,3.255589978694916,1.254796205163002,3.1411420488357544,2.2029676461219787,2.3836491775512694,2.110345746278763
0.020000000000000004,0.08615384615384615,0.35076923076923083,0.1523076923076923,0.21846153846153848,0.020000000000000004,0.1523076923076923,310000000.0,9998000000.0,2.0717608654499053,3.1566778802871704,3.1995207977294924,1.2114748176932335,3.0831957626342774,2.1568332505226135,2.3011660194396972,2.0435165441036225
0.020000000000000004,0.08615384615384615,0.35076923076923083,0.1523076923076923,0.21846153846153848,0.020000000000000004,0.1523076923076923,310000000.0,11998000000.0,2.08749388217926,3.118561587333679,3.1641991448402407,1.1788711574673654,3.0427751207351683,2.136958796977997,2.2470764648914336,1.9977776038646697
0.020000000000000004,0.08615384615384615,0.35076923076923083,0.1523076923076923,0.21846153846153848,0.020000000000000004,0.1523076923076923,310000000.0,13998000000.0,2.0348896634578706,3.0925907993316653,3.1317451286315916,1.1565391755104064,3.0162384247779848,2.0918388295173647,2.227199604511261,1.9624335694313049
0.020000000000000004,0.08615384615384615,0.35076923076923083,0.1523076923076923,0.21846153846153848,0.020000000000000004,0.1523076923076923,310000000.0,15998000000.0,2.036823527812958,3.070363252162933,3.1136493468284607,1.150374148786068,2.9979167771339417,2.105662056207657,2.1865308964252472,1.9513459968566895
0.020000000000000004,0.08615384615384615,0.35076923076923083,0.1523076923076923,0.21846153846153848,0.020000000000000004,0.1523076923076923,310000000.0,17998000000.0,2.0185825300216673,3.0551179003715516,3.0988865947723387,1.1338336703181267,2.9807494473457337,2.0691538107395173,2.17011736035347,1.9196278882026672
0.020000000000000004,0.08615384615384615,0.35076923076923083,0.1523076923076923,0.21846153846153848,0.020000000000000004,0.1523076923076923,310000000.0,19998000000.0,1.9870296216011047,3.037748169898987,3.0838137888908386,1.1224679180979729,2.9650691509246827,2.046426982879639,2.162136608362198,1.9080924999713897
0.020000000000000004,0.08615384615384615,0.35076923076923083,0.1523076923076923,0.21846153846153848,0.020000000000000004,0.1523076923076923,310000000.0,20000000000.0,1.9870296216011047,3.037748169898987,3.0838137888908386,1.1224679180979729,2.9650691509246827,2.046426982879639,2.162136608362198,1.9080924999713897
0.21846153846153848,0.08615384615384615,0.020000000000000004,0.28461538461538466,0.08615384615384615,0.020000000000000004,0.28461538461538466,310000000.0,1998000000.0,2.463453311920166,4.236815137863159,4.555143280029297,1.828932358622551,4.378386313915253,2.9603532409667968,3.2652815532684327,3.405743715763092
0.21846153846153848,0.08615384615384615,0.020000000000000004,0.28461538461538466,0.08615384615384615,0.020000000000000004,0.28461538461538466,310000000.0,3998000000.0,2.0679701519012452,3.6426560926437377,3.9400194311141967,1.3716498121619225,3.7282046413421632,2.4099492800235747,2.617754213809967,2.585280840396881
0.21846153846153848,0.08615384615384615,0.020000000000000004,0.28461538461538466,0.08615384615384615,0.020000000000000004,0.28461538461538466,310000000.0,5998000000.0,1.924340887069702,3.4513497495651246,3.728434805870056,1.2241382613778113,3.4982950019836427,2.2680818009376527,2.385280387401581,2.3367561113834383
0.21846153846153848,0.08615384615384615,0.020000000000000004,0.28461538461538466,0.08615384615384615,0.020000000000000004,0.28461538461538466,310000000.0,7998000000.0,1.8622237718105317,3.334073483943939,3.611021225452423,1.1658253780007362,3.3861065483093262,2.1748425090312957,2.2659659016132356,2.2134021294116972
0.21846153846153848,0.08615384615384615,0.020000000000000004,0.28461538461538466,0.08615384615384615,0.020000000000000004,0.28461538461538466,310000000.0,9998000000.0,1.8190135622024537,3.271450333595276,3.5425034093856813,1.1303800052404405,3.314358606338501,2.123969610929489,2.2056716203689577,2.134356116056442
0.21846153846153848,0.08615384615384615,0.020000000000000004,0.28461538461538466,0.08615384615384615,0.020000000000000004,0.28461538461538466,310000000.0,11998000000.0,1.8026448237895965,3.253284764289856,3.525711576938629,1.1041771513223648,3.2864686322212218,2.085206732749939,2.159587196111679,2.107655210494995
0.21846153846153848,0.08615384615384615,0.020000000000000004,0.28461538461538466,0.08615384615384615,0.020000000000000004,0.28461538461538466,310000000.0,13998000000.0,1.7840680015087127,3.2087608098983766,3.483344337940216,1.0832162329554558,3.2501051163673402,2.095468864440918,2.1368726289272306,2.066524646282196
0.21846153846153848,0.08615384615384615,0.020000000000000004,0.28461538461538466,0.08615384615384615,0.020000000000000004,0.28461538461538466,310000000.0,15998000000.0,1.7595744228363037,3.184758121967316,3.4432601380348205,1.065831820368767,3.2138460206985475,2.0506601428985594,2.110496798753738,2.0271476233005523
0.21846153846153848,0.08615384615384615,0.020000000000000004,0.28461538461538466,0.08615384615384615,0.020000000000000004,0.28461538461538466,310000000.0,17998000000.0,1.7506391942501067,3.1720096182823183,3.4315653920173643,1.0545743769407272,3.199282228946686,2.031415845155716,2.0868945944309236,2.0001852118968966
0.21846153846153848,0.08615384615384615,0.020000000000000004,0.28461538461538466,0.08615384615384615,0.020000000000000004,0.28461538461538466,310000000.0,19998000000.0,1.739529745578766,3.1760406589508055,3.4322364568710326,1.0445994010567665,3.185475614070892,2.0102129757404326,2.0729052662849425,1.9950513124465943
0.21846153846153848,0.08615384615384615,0.020000000000000004,0.28461538461538466,0.08615384615384615,0.020000000000000004,0.28461538461538466,310000000.0,20000000000.0,1.739529745578766,3.1760406589508055,3.4322364568710326,1.0445994010567665,3.185475614070892,2.0102129757404326,2.0729052662849425,1.9950513124465943
0.02,0.2846153846153846,0.02,0.21846153846153843,0.2846153846153846,0.15230769230769228,0.02,310000000.0,1998000000.0,2.843052747249603,3.9982839131355288,4.34135669708252,1.8544378185272217,4.161910636425018,2.7781820774078367,4.1615515494346615,3.286580891609192
0.02,0.2846153846153846,0.02,0.21846153846153843,0.2846153846153846,0.15230769230769228,0.02,310000000.0,3998000000.0,2.3154141664505006,3.4388450932502748,3.7498336100578307,1.3861267367005348,3.5267282915115357,2.2510071849822997,3.408317303657532,2.4760698437690736
0.02,0.2846153846153846,0.02,0.21846153846153843,0.2846153846153846,0.15230769230769228,0.02,310000000.0,5998000000.0,2.1799566745758057,3.2559093928337095,3.543838963508606,1.2385414779186248,3.310400722026825,2.1014241361618042,3.0318796157836916,2.241405431032181
0.02,0.2846153846153846,0.02,0.21846153846153843,0.2846153846153846,0.15230769230769228,0.02,310000000.0,7998000000.0,2.1509800541400907,3.1619210767745973,3.4446715617179873,1.1953260815143585,3.208704023361206,2.0252308678627013,2.8545395851135256,2.1311566638946533
0.02,0.2846153846153846,0.02,0.21846153846153843,0.2846153846153846,0.15230769230769228,0.02,310000000.0,9998000000.0,2.0475338816642763,3.092354063987732,3.3757994294166567,1.1446839842200278,3.137458381652832,1.9600493597984314,2.7156696271896363,2.053856049776077
0.02,0.2846153846153846,0.02,0.21846153846153843,0.2846153846153846,0.15230769230769228,0.02,310000000.0,11998000000.0,2.0504619657993315,3.064097273349762,3.34610901594162,1.1145197865366936,3.0960588455200195,1.926168795824051,2.7378992199897767,2.0033370697498323
0.02,0.2846153846153846,0.02,0.21846153846153843,0.2846153846153846,0.15230769230769228,0.02,310000000.0,13998000000.0,2.014105348587036,3.0386933207511904,3.3209670758247376,1.0967084601521493,3.073297119140625,1.906691153049469,2.7210452508926393,1.9829301345348358
0.02,0.2846153846153846,0.02,0.21846153846153843,0.2846153846153846,0.15230769230769228,0.02,310000000.0,15998000000.0,1.9935441601276398,3.012500274181366,3.2939586567878725,1.080205311179161,3.052947208881378,1.884514342546463,2.642439383268356,1.9510854125022887
0.02,0.2846153846153846,0.02,0.21846153846153843,0.2846153846153846,0.15230769230769228,0.02,310000000.0,17998000000.0,1.9817528772354125,2.9968813920021056,3.273931987285614,1.0572801592946053,3.0289132618904113,1.8659692788124085,2.6238502502441405,1.9259289360046388
0.02,0.2846153846153846,0.02,0.21846153846153843,0.2846153846153846,0.15230769230769228,0.02,310000000.0,19998000000.0,1.9539258778095245,2.97953063249588,3.2620935463905334,1.0518353176116944,3.008377614021301,1.8605748844146728,2.5980620753765105,1.8958261835575103
0.02,0.2846153846153846,0.02,0.21846153846153843,0.2846153846153846,0.15230769230769228,0.02,310000000.0,20000000000.0,1.9539258778095245,2.97953063249588,3.2620935463905334,1.0518353176116944,3.008377614021301,1.8605748844146728,2.5980620753765105,1.8958261835575103
0.1523076923076923,0.08615384615384616,0.08615384615384615,0.21846153846153848,0.020000000000000004,0.28461538461538466,0.1523076923076923,310000000.0,1998000000.0,2.4869081604480745,4.226420767307282,4.492456111907959,1.7685856485366822,4.419040117263794,2.6049530720710754,3.4876766777038575,3.318400590419769
0.1523076923076923,0.08615384615384616,0.08615384615384615,0.21846153846153848,0.020000000000000004,0.28461538461538466,0.1523076923076923,310000000.0,3998000000.0,2.102094928026199,3.663266592025757,3.941557114124298,1.3688052728772164,3.815262727737427,2.186047749519348,2.86385639667511,2.629418647289276
0.1523076923076923,0.08615384615384616,0.08615384615384615,0.21846153846153848,0.020000000000000004,0.28461538461538466,0.1523076923076923,310000000.0,5998000000.0,1.956578973531723,3.437534327507019,3.658671760559082,1.196829750239849,3.557215509414673,1.9789103960990906,2.57221156001091,2.2893032312393187
0.1523076923076923,0.08615384615384616,0.08615384615384615,0.21846153846153848,0.020000000000000004,0.28461538461538466,0.1523076923076923,310000000.0,7998000000.0,1.8815433990955353,3.3671880674362185,3.5283403730392457,1.1392367002367974,3.427816219329834,1.902588336467743,2.4449075949192047,2.154759392738342
0.1523076923076923,0.08615384615384616,0.08615384615384615,0.21846153846153848,0.020000000000000004,0.28461538461538466,0.1523076923076923,310000000.0,9998000000.0,1.840550365447998,3.2676009845733645,3.4563303351402284,1.1024581921100616,3.354017958641052,1.8565667259693146,2.3516836941242216,2.07001017332077
0.1523076923076923,0.08615384615384616,0.08615384615384615,0.21846153846153848,0.020000000000000004,0.28461538461538466,0.1523076923076923,310000000.0,11998000000.0,1.8192536914348603,3.239021420478821,3.428633153438568,1.0760083425045013,3.321274075508118,1.8245821380615235,2.2953266775608063,2.0403497397899626
0.1523076923076923,0.08615384615384616,0.08615384615384615,0.21846153846153848,0.020000000000000004,0.28461538461538466,0.1523076923076923,310000000.0,13998000000.0,1.798299059867859,3.2034011244773866,3.3827029061317444,1.0600220826268196,3.2779254055023195,1.8102004170417785,2.272906266450882,2.000395828485489
0.1523076923076923,0.08615384615384616,0.08615384615384615,0.21846153846153848,0.020000000000000004,0.28461538461538466,0.1523076923076923,310000000.0,15998000000.0,1.777124193906784,3.181668608188629,3.364247529506683,1.0462721598148346,3.2533890986442566,1.8046320080757141,2.2314273321628573,1.9778284013271332
0.1523076923076923,0.08615384615384616,0.08615384615384615,0.21846153846153848,0.020000000000000004,0.28461538461538466,0.1523076923076923,310000000.0,17998000000.0,1.7672454881668092,3.1724391770362854,3.3487542247772217,1.0254522648453712,3.23798894405365,1.7818678319454193,2.212587609291077,1.9498287785053252
0.1523076923076923,0.08615384615384616,0.08615384615384615,0.21846153846153848,0.020000000000000004,0.28461538461538466,0.1523076923076923,310000000.0,19998000000.0,1.7544680404663087,3.17139999628067,3.354286956787109,1.0248033174872397,3.2399005317687988,1.7707063925266266,2.218075170516968,1.944102373123169
0.1523076923076923,0.08615384615384616,0.08615384615384615,0.21846153846153848,0.020000000000000004,0.28461538461538466,0.1523076923076923,310000000.0,20000000000.0,1.7544680404663087,3.17139999628067,3.354286956787109,1.0248033174872397,3.2399005317687988,1.7707063925266266,2.218075170516968,1.944102373123169
0.21846153846153846,0.1523076923076923,0.02,0.15230769230769228,0.08615384615384615,0.21846153846153843,0.15230769230769228,310000000.0,1998000000.0,2.4325403928756715,4.144972002506256,4.516493287086487,1.8345637065172196,4.360601646900177,2.660330035686493,3.4748398995399477,3.3176776647567747
0.21846153846153846,0.1523076923076923,0.02,0.15230769230769228,0.08615384615384615,0.21846153846153843,0.15230769230769228,310000000.0,3998000000.0,2.0558976423740387,3.5652028250694277,3.8870206665992737,1.3909123721718788,3.6932377195358277,2.1857990229129793,2.7801390504837036,2.524679799079895
0.21846153846153846,0.1523076923076923,0.02,0.15230769230769228,0.08615384615384615,0.21846153846153843,0.15230769230769228,310000000.0,5998000000.0,1.9066136479377747,3.3615448212623598,3.6602105927467345,1.2362849402427674,3.4655370998382566,2.0202259647846224,2.5508816504478453,2.2564025962352754
0.21846153846153846,0.1523076923076923,0.02,0.15230769230769228,0.08615384615384615,0.21846153846153843,0.15230769230769228,310000000.0,7998000000.0,1.8535155308246614,3.2722345495224,3.581211016178131,1.1899085810780525,3.3725063753128053,1.9484692323207855,2.435723658800125,2.152835111618042
0.21846153846153846,0.1523076923076923,0.02,0.15230769230769228,0.08615384615384615,0.21846153846153843,0.15230769230769228,310000000.0,9998000000.0,1.809313576221466,3.209769368171692,3.524543571472168,1.1553398418426513,3.2992132902145386,1.90757000207901,2.3472937309741972,2.0803386187553405
0.21846153846153846,0.1523076923076923,0.02,0.15230769230769228,0.08615384615384615,0.21846153846153843,0.15230769230769228,310000000.0,11998000000.0,1.7905764484405517,3.1832969856262205,3.472599105834961,1.1290655797719955,3.2530570578575135,1.8774770283699036,2.291720631122589,2.0360590982437134
0.21846153846153846,0.1523076923076923,0.02,0.15230769230769228,0.08615384615384615,0.21846153846153843,0.15230769230769228,310000000.0,13998000000.0,1.7725698089599609,3.137970461845398,3.443329677581787,1.1111058348417282,3.2188710951805115,1.8616822183132171,2.2685648131370546,1.998653494119644
0.21846153846153846,0.1523076923076923,0.02,0.15230769230769228,0.08615384615384615,0.21846153846153843,0.15230769230769228,310000000.0,15998000000.0,1.7468173396587372,3.1174604320526123,3.4237942600250246,1.0930382627248765,3.195531771183014,1.846466394662857,2.2215262818336488,1.9752775645256042
0.21846153846153846,0.1523076923076923,0.02,0.15230769230769228,0.08615384615384615,0.21846153846153843,0.15230769230769228,310000000.0,17998000000.0,1.7378766930103302,3.1022928047180174,3.3954887557029725,1.0738162571191787,3.1748543310165407,1.8251679289340972,2.2019573390483855,1.9489475500583648
0.21846153846153846,0.1523076923076923,0.02,0.15230769230769228,0.08615384615384615,0.21846153846153843,0.15230769230769228,310000000.0,19998000000.0,1.7270789992809297,3.100329513549805,3.383941373825073,1.0718021696805955,3.1608405113220215,1.81435529589653,2.218966472148895,1.9369573736190795
0.21846153846153846,0.1523076923076923,0.02,0.15230769230769228,0.08615384615384615,0.21846153846153843,0.15230769230769228,310000000.0,20000000000.0,1.7270789992809297,3.100329513549805,3.383941373825073,1.0718021696805955,3.1608405113220215,1.81435529589653,2.218966472148895,1.9369573736190795
0.02,0.21846153846153846,0.1523076923076923,0.15230769230769228,0.02,0.2846153846153846,0.15230769230769228,310000000.0,1998000000.0,2.760048248767853,4.0271873068809505,4.3326972961425785,1.7818774324655533,4.2845051789283755,2.60243577003479,3.441344003677368,3.25976167678833
0.02,0.21846153846153846,0.1523076923076923,0.15230769230769228,0.02,0.2846153846153846,0.15230769230769228,310000000.0,3998000000.0,2.2831527483463288,3.494890329837799,3.7373107075691223,1.3610523748397827,3.673081810474396,2.1391081833839416,2.7589754009246827,2.4978502678871153
0.02,0.21846153846153846,0.1523076923076923,0.15230769230769228,0.02,0.2846153846153846,0.15230769230769228,310000000.0,5998000000.0,2.1543025255203245,3.3007630801200865,3.523576672077179,,3.4388824582099913,,,
0.02,0.21846153846153846,0.1523076923076923,0.15230769230769228,0.02,0.2846153846153846,0.15230769230769228,310000000.0,7998000000.0,2.0904740226268768,3.222781422138214,3.437708158493042,1.1761639061570168,3.3511218762397768,1.9244004714488983,2.414523288011551,2.1464820563793183
0.02,0.21846153846153846,0.1523076923076923,0.15230769230769228,0.02,0.2846153846153846,0.15230769230769228,310000000.0,9998000000.0,2.0299542260169985,3.151909418106079,3.3672186183929442,1.1403917148709297,3.2836583757400515,1.8816009616851808,2.3371925568580627,2.0809153389930723
0.02,0.21846153846153846,0.1523076923076923,0.15230769230769228,0.02,0.2846153846153846,0.15230769230769228,310000000.0,11998000000.0,2.0041085386276247,3.1117220449447633,3.322680993080139,1.1093828570842743,3.240341515541077,1.8466633427143098,2.2999738693237304,2.0279046750068663
0.02,0.21846153846153846,0.1523076923076923,0.15230769230769228,0.02,0.2846153846153846,0.15230769230769228,310000000.0,13998000000.0,1.9998887491226196,3.0864569902420045,3.2854729866981507,1.0968892937898636,3.197779233455658,1.8244998919963837,2.2561428999900817,1.9866700959205628
0.02,0.21846153846153846,0.1523076923076923,0.15230769230769228,0.02,0.2846153846153846,0.15230769230769228,310000000.0,15998000000.0,1.9560617434978484,3.056640214920044,3.2623823785781862,1.085470380783081,3.174379243850708,1.8084040677547455,2.218518294095993,1.9634930968284607
0.02,0.21846153846153846,0.1523076923076923,0.15230769230769228,0.02,0.2846153846153846,0.15230769230769228,310000000.0,19998000000.0,1.9404621350765228,3.0284548139572145,3.230578615665436,1.0578023353219033,3.13624000787735,1.7833556783199311,2.1776622784137727,1.9260232090950011
0.02,0.21846153846153846,0.1523076923076923,0.15230769230769228,0.02,0.2846153846153846,0.15230769230769228,310000000.0,20000000000.0,1.9404621350765228,3.0284548139572145,3.230578615665436,1.0578023353219033,3.13624000787735,1.7833556783199311,2.1776622784137727,1.9260232090950011
0.020000000000000004,0.21846153846153848,0.28461538461538466,0.08615384615384618,0.08615384615384616,0.08615384615384616,0.21846153846153848,310000000.0,1998000000.0,2.906552221775055,3.989263906478882,4.220746936798096,2.0926942002773283,4.166733322143554,2.9196214199066164,3.333735237121582,3.3046723198890686
0.020000000000000004,0.21846153846153848,0.28461538461538466,0.08615384615384618,0.08615384615384616,0.08615384615384616,0.21846153846153848,310000000.0,3998000000.0,2.3381099140644075,3.422961275577545,3.5959327912330625,1.5176162439584733,3.516364333629608,2.3571701526641844,2.629921214580536,2.480895233154297
0.020000000000000004,0.21846153846153848,0.28461538461538466,0.08615384615384618,0.08615384615384616,0.08615384615384616,0.21846153846153848,310000000.0,5998000000.0,2.193655866384506,3.2376505517959595,3.3883871960639955,1.3607847598195075,3.2999490761756896,2.174992234706879,2.4203758573532106,2.224470853805542
0.020000000000000004,0.21846153846153848,0.28461538461538466,0.08615384615384618,0.08615384615384616,0.08615384615384616,0.21846153846153848,310000000.0,7998000000.0,2.1591425132751465,3.165093631744385,3.3091877794265745,1.2921324449777603,3.2182409453392027,,,2.126989921331406
0.020000000000000004,0.21846153846153848,0.28461538461538466,0.08615384615384618,0.08615384615384616,0.08615384615384616,0.21846153846153848,310000000.0,9998000000.0,2.078370156288147,3.1115655875205994,3.251885931491852,1.2477709668874741,3.150232183933258,2.036550382375717,2.244418143033981,2.058702139854431
0.020000000000000004,0.21846153846153848,0.28461538461538466,0.08615384615384618,0.08615384615384616,0.08615384615384616,0.21846153846153848,310000000.0,11998000000.0,2.0381576085090636,3.0707854628562927,3.213299353122711,1.2201262965798378,3.113901283740997,2.017385873794556,2.1956087517738343,2.0228413116931914
0.020000000000000004,0.21846153846153848,0.28461538461538466,0.08615384615384618,0.08615384615384616,0.08615384615384616,0.21846153846153848,310000000.0,13998000000.0,2.022358341217041,3.0396450114250184,3.1780276679992676,1.1986761072278023,3.0794614148139954,1.9885729050636292,2.1663957500457762,1.9752335703372956
0.020000000000000004,0.21846153846153848,0.28461538461538466,0.08615384615384618,0.08615384615384616,0.08615384615384616,0.21846153846153848,310000000.0,15998000000.0,2.025987491607666,3.0263613486289977,3.161387622356415,1.181368008852005,3.063339898586273,1.9683418047428132,2.131104030609131,1.958512943983078
0.020000000000000004,0.21846153846153848,0.28461538461538466,0.08615384615384618,0.08615384615384616,0.08615384615384616,0.21846153846153848,310000000.0,17998000000.0,1.9819163262844086,3.0027223300933836,3.145078203678131,1.1672978475689888,3.042657792568207,1.953181369304657,2.1156735110282896,1.9388121104240417
0.020000000000000004,0.21846153846153848,0.28461538461538466,0.08615384615384618,0.08615384615384616,0.08615384615384616,0.21846153846153848,310000000.0,19998000000.0,1.9992713725566864,2.99522225856781,3.136331386566162,1.1544019162654877,3.033610644340515,1.935370433330536,2.0939154279232026,1.9215040552616118
0.020000000000000004,0.21846153846153848,0.28461538461538466,0.08615384615384618,0.08615384615384616,0.08615384615384616,0.21846153846153848,310000000.0,20000000000.0,1.9992713725566864,2.99522225856781,3.136331386566162,1.1544019162654877,3.033610644340515,1.935370433330536,2.0939154279232026,1.9215040552616118
0.08615384615384616,0.21846153846153848,0.08615384615384616,0.35076923076923083,0.020000000000000004,0.08615384615384616,0.1523076923076923,310000000.0,1998000000.0,2.641706432104111,4.109332635402679,4.465777244567871,1.7649816584587097,4.400186500549316,2.8024211812019346,3.487353699207306,3.386391041278839
0.08615384615384616,0.21846153846153848,0.08615384615384616,0.35076923076923083,0.020000000000000004,0.08615384615384616,0.1523076923076923,310000000.0,3998000000.0,2.1779147481918333,3.536356246471405,3.855255677700043,1.3282185733318328,3.76587694644928,2.2834653210639955,2.7931166458129884,2.567077991962433
0.08615384615384616,0.21846153846153848,0.08615384615384616,0.35076923076923083,0.020000000000000004,0.08615384615384616,0.1523076923076923,310000000.0,5998000000.0,2.0459050130844116,3.3411208105087282,3.624960858821869,1.2012076452374458,3.530453107357025,2.1258854281902315,2.5775842881202697,2.3139593946933745
0.08615384615384616,0.21846153846153848,0.08615384615384616,0.35076923076923083,0.020000000000000004,0.08615384615384616,0.1523076923076923,310000000.0,7998000000.0,1.9678016889095307,3.2534849047660828,3.5288939762115477,1.1346853771805763,3.414048571586609,2.0304106318950654,2.4461870408058166,2.199821743965149
0.08615384615384616,0.21846153846153848,0.08615384615384616,0.35076923076923083,0.020000000000000004,0.08615384615384616,0.1523076923076923,310000000.0,9998000000.0,1.9285278332233429,3.1827818655967715,3.4608538246154783,1.0993990936875344,3.34775004863739,1.9978995490074158,2.357288135290146,2.1287855303287504
0.08615384615384616,0.21846153846153848,0.08615384615384616,0.35076923076923083,0.020000000000000004,0.08615384615384616,0.1523076923076923,310000000.0,11998000000.0,1.9070890867710113,3.1529510545730592,3.4186925315856933,1.0684909927845,3.2986872839927672,1.9632373189926147,2.296924828290939,2.080978207588196
0.08615384615384616,0.21846153846153848,0.08615384615384616,0.35076923076923083,0.020000000000000004,0.08615384615384616,0.1523076923076923,310000000.0,13998000000.0,1.8824200022220612,3.1101999950408934,3.379372298717499,1.049643344283104,3.270413463115692,1.9364155614376068,2.2745314908027647,2.044488830566406
0.08615384615384616,0.21846153846153848,0.08615384615384616,0.35076923076923083,0.020000000000000004,0.08615384615384616,0.1523076923076923,310000000.0,15998000000.0,1.854414644241333,3.080168445110321,3.3450549626350403,1.0360493120551109,3.2281819415092468,1.9326346075534822,2.223007371425629,2.007651934623718
0.08615384615384616,0.21846153846153848,0.08615384615384616,0.35076923076923083,0.020000000000000004,0.08615384615384616,0.1523076923076923,310000000.0,17998000000.0,1.8524716663360596,3.0653414154052734,3.32861444234848,1.0216439107060433,3.2105086779594423,1.90884894490242,2.205042202472687,1.9821708071231843
0.08615384615384616,0.21846153846153848,0.08615384615384616,0.35076923076923083,0.020000000000000004,0.08615384615384616,0.1523076923076923,310000000.0,19998000000.0,1.831605612039566,3.057031345367432,3.3270403432846067,1.0126055750250815,3.1970865297317506,1.8915434300899505,2.209211589097977,1.9776630926132202
0.08615384615384616,0.21846153846153848,0.08615384615384616,0.35076923076923083,0.020000000000000004,0.08615384615384616,0.1523076923076923,310000000.0,20000000000.0,1.831605612039566,3.057031345367432,3.3270403432846067,1.0126055750250815,3.1970865297317506,1.8915434300899505,2.209211589097977,1.9776630926132202
0.02,0.2846153846153846,0.02,0.02,0.2846153846153846,0.21846153846153843,0.15230769230769228,310000000.0,1998000000.0,2.845339891910553,3.9737517929077146,4.338995423316955,2.1360452580451965,4.156927092075348,2.7648957419395446,3.4687377500534056,3.3057492089271547
0.02,0.2846153846153846,0.02,0.02,0.2846153846153846,0.21846153846153843,0.15230769230769228,310000000.0,3998000000.0,2.321988192796707,3.4246131873130796,3.737813804149628,1.5995360350608825,3.5102095651626586,2.2523254668712616,2.751657633781433,2.48823543548584
0.02,0.2846153846153846,0.02,0.02,0.2846153846153846,0.21846153846153843,0.15230769230769228,310000000.0,5998000000.0,2.1675321209430694,3.2276494121551513,3.5181907033920288,1.415683875977993,3.276625475883484,2.0694914948940277,2.5112996923923494,2.2234818732738493
0.02,0.2846153846153846,0.02,0.02,0.2846153846153846,0.21846153846153843,0.15230769230769228,310000000.0,7998000000.0,2.1512053072452546,3.143888142108917,3.4415104269981383,1.3668798735737802,3.2052863454818725,2.009994888305664,2.4068748319149016,2.142720863819122
0.02,0.2846153846153846,0.02,0.02,0.2846153846153846,0.21846153846153843,0.15230769230769228,310000000.0,9998000000.0,2.0411133325099944,3.0802629828453063,3.37357430934906,1.29737054169178,3.13077819108963,1.945189882516861,2.3039023971557615,2.052949512004852
0.02,0.2846153846153846,0.02,0.02,0.2846153846153846,0.21846153846153843,0.15230769230769228,310000000.0,11998000000.0,2.051671450138092,3.0511658072471617,3.3450658178329467,1.2867053109407425,3.0945958590507505,1.9219223129749299,2.2580662417411803,2.0175742757320405
0.02,0.2846153846153846,0.02,0.02,0.2846153846153846,0.21846153846153843,0.15230769230769228,310000000.0,13998000000.0,2.005979359149933,3.024066541194916,3.3135801672935488,1.249858287870884,3.0608212518692017,1.8986070621013642,2.234822708368301,1.977973906993866
0.02,0.2846153846153846,0.02,0.02,0.2846153846153846,0.21846153846153843,0.15230769230769228,310000000.0,15998000000.0,1.9981769168376922,2.9947877287864686,3.2826034235954284,1.255676526427269,3.033037269115448,1.8895780444145203,2.1882851195335387,1.9475566625595093
0.02,0.2846153846153846,0.02,0.02,0.2846153846153846,0.21846153846153843,0.15230769230769228,310000000.0,17998000000.0,1.9809798908233642,2.981712658405304,3.266166293621063,1.2229516535997391,3.0144593715667725,1.8643188452720643,2.169688006639481,1.9293618214130401
0.02,0.2846153846153846,0.02,0.02,0.2846153846153846,0.21846153846153843,0.15230769230769228,310000000.0,19998000000.0,1.9558144319057464,2.9669266080856325,3.2602222967147827,1.216933293044567,3.0031686449050903,1.8506364905834198,2.170373387336731,1.9154454278945923
0.02,0.2846153846153846,0.02,0.02,0.2846153846153846,0.21846153846153843,0.15230769230769228,310000000.0,20000000000.0,1.9558144319057464,2.9669266080856325,3.2602222967147827,1.216933293044567,3.0031686449050903,1.8506364905834198,2.170373387336731,1.9154454278945923
0.08615384615384615,0.28461538461538466,0.1523076923076923,0.1523076923076923,0.08615384615384616,0.21846153846153848,0.020000000000000004,310000000.0,1998000000.0,2.6081727004051207,4.0132286167144775,4.310559787750244,1.854553638100624,4.244609854221344,2.7112527799606325,4.179884400367737,3.2469183373451234
0.08615384615384615,0.28461538461538466,0.1523076923076923,0.1523076923076923,0.08615384615384616,0.21846153846153848,0.020000000000000004,310000000.0,3998000000.0,2.1701085436344147,3.4741894125938417,3.711193959712982,1.40182113468647,3.6160852026939394,2.196914746761322,3.448682813644409,2.4810712242126467
0.08615384615384615,0.28461538461538466,0.1523076923076923,0.1523076923076923,0.08615384615384616,0.21846153846153848,0.020000000000000004,310000000.0,5998000000.0,2.020193167924881,3.262739052772522,3.472060832977295,1.259724899828434,3.3672591185569765,2.0379569733142855,3.0437185955047608,2.21638929605484
0.08615384615384615,0.28461538461538466,0.1523076923076923,0.1523076923076923,0.08615384615384616,0.21846153846153848,0.020000000000000004,310000000.0,7998000000.0,1.9504815256595611,3.1715177631378175,3.3840749049186707,1.1907133486866952,3.2672576832771303,1.9586206877231598,2.898131330013275,2.113021124601364
0.08615384615384615,0.28461538461538466,0.1523076923076923,0.1523076923076923,0.08615384615384616,0.21846153846153848,0.020000000000000004,310000000.0,9998000000.0,1.9032310092449187,3.1092742323875426,3.3189600133895873,1.150464451611042,3.2039478182792664,1.9046586990356444,2.850441439151764,2.035257786512375
0.08615384615384615,0.28461538461538466,0.1523076923076923,0.1523076923076923,0.08615384615384616,0.21846153846153848,0.020000000000000004,310000000.0,11998000000.0,1.8761848998069763,3.0730706691741942,3.2716472864151003,1.1214582532644273,3.1574472999572754,1.8757097685337067,2.742398362159729,1.9781169664859772
0.08615384615384615,0.28461538461538466,0.1523076923076923,0.1523076923076923,0.08615384615384616,0.21846153846153848,0.020000000000000004,310000000.0,13998000000.0,1.8557604825496674,3.0450221824645998,3.255970072746277,1.1037351822853088,3.135448775291443,1.848075441122055,2.6572519445419314,1.9552909696102143
0.08615384615384615,0.28461538461538466,0.1523076923076923,0.1523076923076923,0.08615384615384616,0.21846153846153848,0.020000000000000004,310000000.0,15998000000.0,1.8397944676876068,3.0146795892715454,3.2352712178230285,1.092556808590889,3.1079352617263796,1.838585412502289,2.595647518634796,1.9296890103816986
0.08615384615384615,0.28461538461538466,0.1523076923076923,0.1523076923076923,0.08615384615384616,0.21846153846153848,0.020000000000000004,310000000.0,17998000000.0,1.8320070588588715,3.0023913645744322,3.212807283401489,1.0740390780568123,3.083479475975037,1.8168766486644745,2.6299783384799955,1.906551606655121
0.08615384615384615,0.28461538461538466,0.1523076923076923,0.1523076923076923,0.08615384615384616,0.21846153846153848,0.020000000000000004,310000000.0,19998000000.0,1.8186497104167938,2.982206838130951,3.196322784423828,1.0631407845020293,3.070625104904175,1.8057965457439422,2.6273007154464723,1.8886343383789062
0.08615384615384615,0.28461538461538466,0.1523076923076923,0.1523076923076923,0.08615384615384616,0.21846153846153848,0.020000000000000004,310000000.0,20000000000.0,1.8186497104167938,2.982206838130951,3.196322784423828,1.0631407845020293,3.070625104904175,1.8057965457439422,2.6273007154464723,1.8886343383789062
0.02,0.02,0.21846153846153846,0.2846153846153846,0.1523076923076923,0.1523076923076923,0.15230769230769228,310000000.0,1998000000.0,2.8468780422210695,4.205478420257569,4.271947746276855,1.7917590606212617,4.195416815280915,2.716854655742645,3.47082905292511,3.237460849285126
0.02,0.02,0.21846153846153846,0.2846153846153846,0.1523076923076923,0.1523076923076923,0.15230769230769228,310000000.0,3998000000.0,2.317963453531265,3.6486910128593446,3.6583814787864686,1.34186685860157,3.563017451763153,2.2205503726005555,2.780781123638153,2.4809979796409607
0.02,0.02,0.21846153846153846,0.2846153846153846,0.1523076923076923,0.1523076923076923,0.15230769230769228,310000000.0,5998000000.0,2.189429395198822,3.4671086406707765,3.4644834351539613,1.2103806227445602,3.357358820438385,2.07237965464592,2.5581037640571593,2.241903876066208
0.02,0.02,0.21846153846153846,0.2846153846153846,0.1523076923076923,0.1523076923076923,0.15230769230769228,310000000.0,7998000000.0,2.1277270817756655,3.365203959941864,3.3619096660614014,1.1413935750722886,3.246349623203278,1.9785720312595367,2.4213024759292603,2.112065749168396
0.02,0.02,0.21846153846153846,0.2846153846153846,0.1523076923076923,0.1523076923076923,0.15230769230769228,310000000.0,9998000000.0,2.0536309826374053,3.2859178805351257,3.2984311461448668,1.1068701219558716,3.176861836910248,1.9329586851596832,2.3424700617790224,2.0504663240909577
0.02,0.02,0.21846153846153846,0.2846153846153846,0.1523076923076923,0.1523076923076923,0.15230769230769228,310000000.0,11998000000.0,2.015276508331299,3.2555520868301393,3.2578835558891295,1.0792800503969193,3.140032563209534,1.9091262710094452,2.293581770658493,2.0150355100631714
0.02,0.02,0.21846153846153846,0.2846153846153846,0.1523076923076923,0.1523076923076923,0.15230769230769228,310000000.0,13998000000.0,2.001390266418457,3.231577982902527,3.2294661378860474,1.0599241349101067,3.1087386560440065,1.888009580373764,2.2647737777233123,1.9772581446170807
0.02,0.02,0.21846153846153846,0.2846153846153846,0.1523076923076923,0.1523076923076923,0.15230769230769228,310000000.0,15998000000.0,1.9987594056129456,3.2110944819450378,3.2085843801498415,1.043517354130745,3.086377112865448,1.860373375415802,2.234577159881592,1.9495733213424682
0.02,0.02,0.21846153846153846,0.2846153846153846,0.1523076923076923,0.1523076923076923,0.15230769230769228,310000000.0,17998000000.0,1.9569934272766114,3.182516403198242,3.185567202568054,1.0341931203007697,3.0605550408363342,1.8491133153438568,2.201801096200943,1.9242925822734833
0.02,0.02,0.21846153846153846,0.2846153846153846,0.1523076923076923,0.1523076923076923,0.15230769230769228,310000000.0,19998000000.0,1.9712408924102782,3.171430425643921,3.1685995721817015,1.0252535310387612,3.0447630715370178,1.8348376953601837,2.17560178399086,1.9078692722320556
0.02,0.02,0.21846153846153846,0.2846153846153846,0.1523076923076923,0.1523076923076923,0.15230769230769228,310000000.0,20000000000.0,1.9712408924102782,3.171430425643921,3.1685995721817015,1.0252535310387612,3.0447630715370178,1.8348376953601837,2.17560178399086,1.9078692722320556
0.020000000000000004,0.08615384615384618,0.416923076923077,0.08615384615384618,0.08615384615384616,0.08615384615384616,0.21846153846153848,310000000.0,1998000000.0,2.87291300535202,4.031571569442749,4.137296729087829,2.0507360833883284,4.1106374955177305,2.8742732858657836,3.3172946691513063,3.221292953491211
0.020000000000000004,0.08615384615384618,0.416923076923077,0.08615384615384618,0.08615384615384616,0.08615384615384616,0.21846153846153848,310000000.0,3998000000.0,2.334206382036209,3.50835524559021,3.56680641412735,1.5040007191896438,3.508951623439789,2.3427174520492553,2.633358918428421,2.4602695894241333
0.020000000000000004,0.08615384615384618,0.416923076923077,0.08615384615384618,0.08615384615384616,0.08615384615384616,0.21846153846153848,310000000.0,5998000000.0,2.185889112949371,3.29452556848526,3.3317713069915773,1.3539657682180404,3.2668076014518737,2.160577800273895,2.4074646031856535,2.202717722654343
0.020000000000000004,0.08615384615384618,0.416923076923077,0.08615384615384618,0.08615384615384616,0.08615384615384616,0.21846153846153848,310000000.0,7998000000.0,2.1421345293521883,3.205115439891815,3.250938820838928,1.2765058735013008,3.178918035030365,2.0743407011032104,2.2844245088100434,2.0971832942962645
0.020000000000000004,0.08615384615384618,0.416923076923077,0.08615384615384618,0.08615384615384616,0.08615384615384616,0.21846153846153848,310000000.0,9998000000.0,2.069846659898758,3.159515628814697,3.1991188406944273,1.241255039870739,3.120546231269836,2.023617236614227,2.23473223567009,2.0353346848487854
0.020000000000000004,0.08615384615384618,0.416923076923077,0.08615384615384618,0.08615384615384616,0.08615384615384616,0.21846153846153848,310000000.0,11998000000.0,2.0292618560791014,3.123763153553009,3.1617167711257936,1.213866794705391,3.0853985381126403,2.006549469232559,2.188459928035736,1.9945019948482514
0.020000000000000004,0.08615384615384618,0.416923076923077,0.08615384615384618,0.08615384615384616,0.08615384615384616,0.21846153846153848,310000000.0,13998000000.0,2.0159376204013824,3.100396389961243,3.1309437942504883,1.1962329271435737,3.05633953332901,1.980454022884369,2.1595322418212892,1.9605400919914246
0.020000000000000004,0.08615384615384618,0.416923076923077,0.08615384615384618,0.08615384615384616,0.08615384615384616,0.21846153846153848,310000000.0,15998000000.0,2.0208850502967834,3.0741557002067568,3.1146602177619935,1.1756097021698952,3.038416805267334,1.957254602909088,2.1269850766658784,1.9378303396701813
0.020000000000000004,0.08615384615384618,0.416923076923077,0.08615384615384618,0.08615384615384616,0.08615384615384616,0.21846153846153848,310000000.0,17998000000.0,1.9787423455715178,3.0618532299995422,3.097841348648071,1.162352787554264,3.018656840324402,1.945452666282654,2.1124301493167876,1.9216785752773284
0.020000000000000004,0.08615384615384618,0.416923076923077,0.08615384615384618,0.08615384615384616,0.08615384615384616,0.21846153846153848,310000000.0,19998000000.0,1.9933033561706544,3.051986837387085,3.0871346759796143,1.1484737932682036,3.008745331764221,1.9268601715564728,2.090229583978653,1.9024460375308991
0.020000000000000004,0.08615384615384618,0.416923076923077,0.08615384615384618,0.08615384615384616,0.08615384615384616,0.21846153846153848,310000000.0,20000000000.0,1.9933033561706544,3.051986837387085,3.0871346759796143,1.1484737932682036,3.008745331764221,1.9268601715564728,2.090229583978653,1.9024460375308991
0.21846153846153846,0.08615384615384615,0.08615384615384615,0.3507692307692308,0.08615384615384615,0.02,0.15230769230769228,310000000.0,1998000000.0,2.4647337186336515,4.248973085880279,4.484041290283203,1.7926252925395965,4.371400272846222,2.9650046110153196,3.502212278842926,3.360311930179596
0.21846153846153846,0.08615384615384615,0.08615384615384615,0.3507692307692308,0.08615384615384615,0.02,0.15230769230769228,310000000.0,3998000000.0,2.07334609746933,3.6394410037994387,3.8377123522758483,1.345846094787121,3.7026840329170225,2.4058445250988005,2.796067752838135,2.5447529196739196
0.21846153846153846,0.08615384615384615,0.08615384615384615,0.3507692307692308,0.08615384615384615,0.02,0.15230769230769228,310000000.0,5998000000.0,1.9245863163471222,3.443099970817566,3.601366791725159,1.2055095887184144,3.4556004929542543,2.2474625182151793,2.5598888981342314,2.297737411260605
0.21846153846153846,0.08615384615384615,0.08615384615384615,0.3507692307692308,0.08615384615384615,0.02,0.15230769230769228,310000000.0,7998000000.0,1.865068027973175,3.321461136341095,3.5039976119995115,1.143695681989193,3.342687213420868,2.1450260102748873,2.434827207326889,2.1801846981048585
0.21846153846153846,0.08615384615384615,0.08615384615384615,0.3507692307692308,0.08615384615384615,0.02,0.15230769230769228,310000000.0,9998000000.0,1.816424469947815,3.2618810677528383,3.43988844871521,1.1039074105024338,3.2850962615013124,2.101579554080963,2.34984375834465,2.102287598848343
0.21846153846153846,0.08615384615384615,0.08615384615384615,0.3507692307692308,0.08615384615384615,0.02,0.15230769230769228,310000000.0,11998000000.0,1.7909612488746642,3.23332763671875,3.3855521082878113,1.0782458445429801,3.2295763158798216,2.097381615638733,2.2993278276920317,2.050455458164215
0.21846153846153846,0.08615384615384615,0.08615384615384615,0.3507692307692308,0.08615384615384615,0.02,0.15230769230769228,310000000.0,13998000000.0,1.7698401606082916,3.199356870651245,3.3602666687965392,1.0526857417821884,3.2071284079551696,2.0385182738304137,2.2611239743232727,2.019256774187088
0.21846153846153846,0.08615384615384615,0.08615384615384615,0.3507692307692308,0.08615384615384615,0.02,0.15230769230769228,310000000.0,15998000000.0,1.753927481174469,3.1833843994140625,3.330938980579376,1.0370438104867936,3.1742942094802857,2.0276512944698335,2.242561773061752,1.9936014664173127
0.21846153846153846,0.08615384615384615,0.08615384615384615,0.3507692307692308,0.08615384615384615,0.02,0.15230769230769228,310000000.0,17998000000.0,1.7433419001102448,3.1440867161750794,3.309285705089569,1.0260471346974374,3.146159586906433,1.9977873063087463,2.2141797339916227,1.9637223494052887
0.21846153846153846,0.08615384615384615,0.08615384615384615,0.3507692307692308,0.08615384615384615,0.02,0.15230769230769228,310000000.0,19998000000.0,1.7349499773979187,3.138170006275177,3.3034381532669066,1.022924670279026,3.1465358996391295,1.9964619302749633,2.1942842090129853,1.95906458735466
0.21846153846153846,0.08615384615384615,0.08615384615384615,0.3507692307692308,0.08615384615384615,0.02,0.15230769230769228,310000000.0,20000000000.0,1.7349499773979187,3.138170006275177,3.3034381532669066,1.022924670279026,3.1465358996391295,1.9964619302749633,2.1942842090129853,1.95906458735466
0.2846153846153846,0.08615384615384615,0.02,0.02,0.21846153846153843,0.08615384615384614,0.2846153846153846,310000000.0,1998000000.0,2.416653437614441,4.1080864548683165,4.412932667732239,2.231229192018509,4.203783600330353,2.910422205924988,3.2174865865707396,3.3104045033454894
0.2846153846153846,0.08615384615384615,0.02,0.02,0.21846153846153843,0.08615384615384614,0.2846153846153846,310000000.0,3998000000.0,2.0535370075702666,3.577604296207428,3.814407024383545,1.6698649728298187,3.582129557132721,2.413856644630432,2.6064656734466554,2.550990779399872
0.2846153846153846,0.08615384615384615,0.02,0.02,0.21846153846153843,0.08615384615384614,0.2846153846153846,310000000.0,5998000000.0,1.8958721578121185,3.364920697212219,3.5817625427246096,1.4788119351863862,3.341564440727234,2.215310150384903,2.363477985858917,2.263737759590149
0.2846153846153846,0.08615384615384615,0.02,0.02,0.21846153846153843,0.08615384615384614,0.2846153846153846,310000000.0,7998000000.0,1.8327225995063783,3.271654493808746,3.503990716934204,1.411186796426773,3.2514296650886534,2.133857387304306,2.245910093784332,2.1615079832077027
0.2846153846153846,0.08615384615384615,0.02,0.02,0.21846153846153843,0.08615384615384614,0.2846153846153846,310000000.0,9998000000.0,1.7960710382461549,3.219426054954529,3.4577737140655516,1.3639185777306557,3.1964561438560484,2.0728926384449005,,2.092684211730957
0.2846153846153846,0.08615384615384615,0.02,0.02,0.21846153846153843,0.08615384615384614,0.2846153846153846,310000000.0,11998000000.0,1.7720921885967256,3.183864643573761,3.40275728225708,1.3405439707636833,3.146770033836365,2.0343861186504366,2.1449734270572662,2.0377980411052703
0.2846153846153846,0.08615384615384615,0.02,0.02,0.21846153846153843,0.08615384615384614,0.2846153846153846,310000000.0,13998000000.0,1.7504944264888764,3.1562071800231934,3.373499162197113,1.3033849376440048,3.119711081981659,2.0135666024684906,2.123402490615845,1.999880074262619
0.2846153846153846,0.08615384615384615,0.02,0.02,0.21846153846153843,0.08615384615384614,0.2846153846153846,310000000.0,15998000000.0,1.7354092371463776,3.1306649804115296,3.3400617980957032,1.2887581780552864,3.087407341003418,1.998243101835251,2.0916713750362397,1.9740632104873657
0.2846153846153846,0.08615384615384615,0.02,0.02,0.21846153846153843,0.08615384615384614,0.2846153846153846,310000000.0,17998000000.0,1.7221011292934418,3.112397139072418,3.3341588830947875,1.276011099219322,3.0752746939659117,1.9819832026958466,2.066327692270279,1.9589552724361419
0.2846153846153846,0.08615384615384615,0.02,0.02,0.21846153846153843,0.08615384615384614,0.2846153846153846,310000000.0,19998000000.0,1.7141190838813782,3.0979448986053466,3.3291258692741392,1.2668243482708932,3.064234130382538,1.9655186033248901,2.054611439704895,1.9385325300693512
0.2846153846153846,0.08615384615384615,0.02,0.02,0.21846153846153843,0.08615384615384614,0.2846153846153846,310000000.0,20000000000.0,1.7141190838813782,3.0979448986053466,3.3291258692741392,1.2668243482708932,3.064234130382538,1.9655186033248901,2.054611439704895,1.9385325300693512
0.020000000000000004,0.020000000000000004,0.28461538461538466,0.21846153846153848,0.28461538461538466,0.020000000000000004,0.1523076923076923,310000000.0,1998000000.0,2.907945954799652,4.13017959356308,4.1897248578071595,1.9060694867372512,4.093816692829132,3.0401934504508974,3.444178292751312,3.2550917530059813
0.020000000000000004,0.020000000000000004,0.28461538461538466,0.21846153846153848,0.28461538461538466,0.020000000000000004,0.1523076923076923,310000000.0,3998000000.0,2.3387469100952147,3.5622301197052,3.561290397644043,1.4265268325805665,3.442517204284668,2.442174246311188,2.738118906021118,2.449022345542908
0.020000000000000004,0.020000000000000004,0.28461538461538466,0.21846153846153848,0.28461538461538466,0.020000000000000004,0.1523076923076923,310000000.0,5998000000.0,2.2128176248073577,3.3828397488594053,3.3698382639884947,1.2729859948158264,3.237944664955139,2.290020686388016,2.515686159133911,2.217625603675842
0.020000000000000004,0.020000000000000004,0.28461538461538466,0.21846153846153848,0.28461538461538466,0.020000000000000004,0.1523076923076923,310000000.0,7998000000.0,2.170488655567169,3.287784502506256,3.272868299484253,1.21043827354908,3.1396646738052367,2.1846135699748994,2.3854000198841097,2.107766181230545
0.020000000000000004,0.020000000000000004,0.28461538461538466,0.21846153846153848,0.28461538461538466,0.020000000000000004,0.1523076923076923,310000000.0,9998000000.0,2.07033194899559,3.2304375672340395,3.2193724870681764,1.173827443420887,3.082277536392212,2.142333546876907,2.3080710756778715,2.0458692729473116
0.020000000000000004,0.020000000000000004,0.28461538461538466,0.21846153846153848,0.28461538461538466,0.020000000000000004,0.1523076923076923,310000000.0,11998000000.0,2.0859183859825134,3.1943058729171754,3.1814591455459595,1.1428554940223694,3.0392776703834534,2.115785926580429,2.2505271446704866,1.9974494469165802
0.020000000000000004,0.020000000000000004,0.28461538461538466,0.21846153846153848,0.28461538461538466,0.020000000000000004,0.1523076923076923,310000000.0,13998000000.0,2.0380909490585326,3.175967450141907,3.1541311931610108,1.1261770138144493,3.016741547584534,2.082093050479889,2.232925661802292,1.9720165264606475
0.020000000000000004,0.020000000000000004,0.28461538461538466,0.21846153846153848,0.28461538461538466,0.020000000000000004,0.1523076923076923,310000000.0,15998000000.0,2.0270066356658933,3.1449668645858764,3.1316780185699464,1.1041178527474402,2.9977385210990906,2.081429177522659,2.1907495892047884,1.9491812515258788
0.020000000000000004,0.020000000000000004,0.28461538461538466,0.21846153846153848,0.28461538461538466,0.020000000000000004,0.1523076923076923,310000000.0,17998000000.0,2.012929216623306,3.133201756477356,3.116341814994812,1.0846727570891381,2.980249502658844,2.0462036871910096,2.1712185192108153,1.929510897397995
0.020000000000000004,0.020000000000000004,0.28461538461538466,0.21846153846153848,0.28461538461538466,0.020000000000000004,0.1523076923076923,310000000.0,19998000000.0,1.9802038860321045,3.1178287172317507,3.101563820838928,1.0794758379459382,2.962581956386566,2.0255389547348024,2.167192703485489,1.9016462314128875
0.020000000000000004,0.020000000000000004,0.28461538461538466,0.21846153846153848,0.28461538461538466,0.020000000000000004,0.1523076923076923,310000000.0,20000000000.0,1.9802038860321045,3.1178287172317507,3.101563820838928,1.0794758379459382,2.962581956386566,2.0255389547348024,2.167192703485489,1.9016462314128875
0.2184615384615385,0.020000000000000004,0.08615384615384615,0.15230769230769234,0.08615384615384615,0.28461538461538466,0.1523076923076923,310000000.0,1998000000.0,2.4258197569847106,4.34771027803421,4.493945698738099,1.7993760800361633,4.3778720116615295,2.610591158866882,3.497985825538635,3.3014258098602296
0.2184615384615385,0.020000000000000004,0.08615384615384615,0.15230769230769234,0.08615384615384615,0.28461538461538466,0.1523076923076923,310000000.0,3998000000.0,2.034770393371582,3.7090907740592955,3.8038310980796814,1.356475844681263,3.6743051981925965,2.1227557575702667,2.763003213405609,2.459842028617859
0.2184615384615385,0.020000000000000004,0.08615384615384615,0.15230769230769234,0.08615384615384615,0.28461538461538466,0.1523076923076923,310000000.0,5998000000.0,1.8933537602424622,3.526833953857422,3.6045179963111877,1.2106107971072197,3.454359517097473,1.966347268819809,2.546687649488449,2.2234948754310606
0.2184615384615385,0.020000000000000004,0.08615384615384615,0.15230769230769234,0.08615384615384615,0.28461538461538466,0.1523076923076923,310000000.0,7998000000.0,1.843523097038269,3.4348158192634584,3.493353719711304,1.1754203823208809,3.357070555686951,1.905362957715988,2.437698419094086,2.1170845782756804
0.2184615384615385,0.020000000000000004,0.08615384615384615,0.15230769230769234,0.08615384615384615,0.28461538461538466,0.1523076923076923,310000000.0,9998000000.0,1.7966355848312379,3.36741037607193,3.427070758342743,1.1325519716739654,3.2867135763168336,1.859045042991638,2.34034411072731,2.0476127684116365
0.2184615384615385,0.020000000000000004,0.08615384615384615,0.15230769230769234,0.08615384615384615,0.28461538461538466,0.1523076923076923,310000000.0,11998000000.0,1.7767675018310547,3.3239328360557554,3.397411723136902,1.1082061100006104,3.2456403827667235,1.8288131737709046,2.2867654359340666,2.017377734184265
0.2184615384615385,0.020000000000000004,0.08615384615384615,0.15230769230769234,0.08615384615384615,0.28461538461538466,0.1523076923076923,310000000.0,13998000000.0,1.762686253786087,3.290884213447571,3.3549256324768066,1.092690385878086,3.211243772506714,1.8171719336509704,2.265351518392563,1.9727330327033996
0.2184615384615385,0.020000000000000004,0.08615384615384615,0.15230769230769234,0.08615384615384615,0.28461538461538466,0.1523076923076923,310000000.0,15998000000.0,1.7385212862491608,3.267931356430054,3.3314429831504824,1.0772185999155044,3.1798191976547243,1.8061356019973756,2.2207227873802187,1.9475181567668916
0.2184615384615385,0.020000000000000004,0.08615384615384615,0.15230769230769234,0.08615384615384615,0.28461538461538466,0.1523076923076923,310000000.0,17998000000.0,1.7278244984149933,3.2538785219192503,3.3128933191299437,1.0577435547113418,3.1602691769599915,1.782897664308548,2.199272156953812,1.926391612291336
0.2184615384615385,0.020000000000000004,0.08615384615384615,0.15230769230769234,0.08615384615384615,0.28461538461538466,0.1523076923076923,310000000.0,19998000000.0,1.7174019765853883,3.245560872554779,3.3147919750213624,1.0494512149691582,3.1586122155189513,1.7697758400440216,2.201566218137741,1.9241850066184998
0.2184615384615385,0.020000000000000004,0.08615384615384615,0.15230769230769234,0.08615384615384615,0.28461538461538466,0.1523076923076923,310000000.0,20000000000.0,1.7174019765853883,3.245560872554779,3.3147919750213624,1.0494512149691582,3.1586122155189513,1.7697758400440216,2.201566218137741,1.9241850066184998
0.02,0.08615384615384614,0.21846153846153843,0.02,0.3507692307692308,0.1523076923076923,0.15230769230769228,310000000.0,1998000000.0,2.8610244727134706,4.022556869983673,4.174761657714844,2.1921639931201935,4.054913153648377,2.8369789814949034,3.4325726318359373,3.211031997203827
0.02,0.08615384615384614,0.21846153846153843,0.02,0.3507692307692308,0.1523076923076923,0.15230769230769228,310000000.0,3998000000.0,2.314265201091766,3.4715209937095644,3.5652549862861633,1.6262347054481507,3.421246166229248,2.290029721260071,2.7246207427978515,2.437902328968048
0.02,0.08615384615384614,0.21846153846153843,0.02,0.3507692307692308,0.1523076923076923,0.15230769230769228,310000000.0,5998000000.0,2.173997834920883,3.282712824344635,3.365142192840576,1.4395722198486327,3.206829721927643,2.116132274866104,2.495019783973694,2.1869483375549317
0.02,0.08615384615384614,0.21846153846153843,0.02,0.3507692307692308,0.1523076923076923,0.15230769230769228,310000000.0,7998000000.0,2.1309216344356536,3.188513219356537,3.275117838382721,1.3556722754240036,3.1167630434036253,2.0252069067955016,2.3704372954368593,2.0765851628780365
0.02,0.08615384615384614,0.21846153846153843,0.02,0.3507692307692308,0.1523076923076923,0.15230769230769228,310000000.0,9998000000.0,2.041789323091507,3.1429970049858094,3.2183176469802857,1.3147523906826972,3.0611073184013367,1.9825831270217895,2.292282997369766,2.014516894817352
0.02,0.08615384615384614,0.21846153846153843,0.02,0.3507692307692308,0.1523076923076923,0.15230769230769228,310000000.0,11998000000.0,2.065904403924942,3.1158030319213865,3.1909691071510315,1.3167396423220634,3.033192720413208,1.9720166432857513,2.248008230924606,1.9826533579826355
0.02,0.08615384615384614,0.21846153846153843,0.02,0.3507692307692308,0.1523076923076923,0.15230769230769228,310000000.0,13998000000.0,2.005593830347061,3.078452820777893,3.1499446988105775,1.2641457444429398,2.992284061908722,1.9328781652450562,2.21985102891922,1.9382327783107758
0.02,0.08615384615384614,0.21846153846153843,0.02,0.3507692307692308,0.1523076923076923,0.15230769230769228,310000000.0,15998000000.0,2.0029557716846464,3.052207176685333,3.131854076385498,1.2822662165760994,2.9728769278526306,1.940549145936966,2.17965637922287,1.9273359441757203
0.02,0.08615384615384614,0.21846153846153843,0.02,0.3507692307692308,0.1523076923076923,0.15230769230769228,310000000.0,17998000000.0,1.9871330392360687,3.0449191617965696,3.116827907562256,1.242690526843071,2.954511570930481,1.9017349350452424,2.1599408650398253,1.8966330015659332
0.02,0.08615384615384614,0.21846153846153843,0.02,0.3507692307692308,0.1523076923076923,0.15230769230769228,310000000.0,19998000000.0,1.9618385791778565,3.0281149339675903,3.1072283792495727,1.2389153799414634,2.9443764686584473,1.8894587385654449,2.16005252122879,1.8868318450450898
0.02,0.08615384615384614,0.21846153846153843,0.02,0.3507692307692308,0.1523076923076923,0.15230769230769228,310000000.0,20000000000.0,1.9618385791778565,3.0281149339675903,3.1072283792495727,1.2389153799414634,2.9443764686584473,1.8894587385654449,2.16005252122879,1.8868318450450898
0.21846153846153846,0.1523076923076923,0.15230769230769228,0.08615384615384616,0.08615384615384615,0.21846153846153843,0.08615384615384615,310000000.0,1998000000.0,2.428271815776825,4.093718247413635,4.31450541973114,1.9274154818058014,4.239223597049713,2.686129207611084,3.825498113632202,3.2179386258125304
0.21846153846153846,0.1523076923076923,0.15230769230769228,0.08615384615384616,0.08615384615384615,0.21846153846153843,0.08615384615384615,310000000.0,3998000000.0,2.0573235988616942,3.521225712299347,3.70388325214386,1.4386758825182915,3.6069856309890747,2.190358827114105,2.9157022881507872,2.4581924867630005
0.21846153846153846,0.1523076923076923,0.15230769230769228,0.08615384615384616,0.08615384615384615,0.21846153846153843,0.08615384615384615,310000000.0,5998000000.0,1.895326565504074,3.3100440812110903,3.4695738101005555,1.2861338686943053,3.3617574620246886,2.015408364534378,2.66897616147995,2.187117553949356
0.21846153846153846,0.1523076923076923,0.15230769230769228,0.08615384615384616,0.08615384615384615,0.21846153846153843,0.08615384615384615,310000000.0,7998000000.0,1.8504718363285064,3.230632977485657,3.406213526725769,1.228385694026947,3.2869421005249024,1.9488098740577697,2.549572641849518,2.0940335059165953
0.21846153846153846,0.1523076923076923,0.15230769230769228,0.08615384615384616,0.08615384615384615,0.21846153846153843,0.08615384615384615,310000000.0,9998000000.0,1.8030535137653352,3.1686032819747925,3.3442890787124635,1.1870549088716507,3.2174768042564392,1.9089712595939636,2.4446637189388274,2.025912615060806
0.21846153846153846,0.1523076923076923,0.15230769230769228,0.08615384615384616,0.08615384615384615,0.21846153846153843,0.08615384615384615,310000000.0,11998000000.0,1.785079265832901,3.147120187282562,3.3088955640792848,1.1598987066745758,3.184863941669464,1.8755985045433043,2.3910165345668792,1.993539296388626
0.21846153846153846,0.1523076923076923,0.15230769230769228,0.08615384615384616,0.08615384615384615,0.21846153846153843,0.08615384615384615,310000000.0,13998000000.0,1.7651094353199006,3.102238302230835,3.272169749736786,1.1393255287408828,3.1474253845214846,1.8544416737556457,2.3855699944496154,1.9477588534355164
0.21846153846153846,0.1523076923076923,0.15230769230769228,0.08615384615384616,0.08615384615384615,0.21846153846153843,0.08615384615384615,310000000.0,15998000000.0,1.7417318284511567,3.0787609004974366,3.2441276335716247,1.1226762181520462,3.117008476257324,1.8391758298873901,2.3264644241333006,1.9204249477386475
0.21846153846153846,0.1523076923076923,0.15230769230769228,0.08615384615384616,0.08615384615384615,0.21846153846153843,0.08615384615384615,310000000.0,17998000000.0,1.7321330571174622,3.0649485063552855,3.2178773260116578,1.1087246164679527,3.097594699859619,1.820976997613907,2.312215087413788,1.8984332728385924
0.21846153846153846,0.1523076923076923,0.15230769230769228,0.08615384615384616,0.08615384615384615,0.21846153846153843,0.08615384615384615,310000000.0,19998000000.0,1.720476588010788,3.059988753795624,3.206828122138977,1.1022418227791786,3.0803107810020447,1.8107956767082214,2.2967364811897277,1.8903008234500884
0.21846153846153846,0.1523076923076923,0.15230769230769228,0.08615384615384616,0.08615384615384615,0.21846153846153843,0.08615384615384615,310000000.0,20000000000.0,1.720476588010788,3.059988753795624,3.206828122138977,1.1022418227791786,3.0803107810020447,1.8107956767082214,2.2967364811897277,1.8903008234500884
0.2846153846153846,0.2846153846153846,0.02,0.08615384615384614,0.02,0.02,0.2846153846153846,310000000.0,1998000000.0,2.45082882642746,4.061052725315094,4.625879144668579,2.0982545512914657,4.483009829521179,3.1305082130432127,3.2826599931716918,3.472337245941162
0.2846153846153846,0.2846153846153846,0.02,0.08615384615384614,0.02,0.02,0.2846153846153846,310000000.0,3998000000.0,2.074537278413773,3.5375747537612914,3.984027442932129,1.619490693807602,3.8259606695175172,2.569571490287781,2.6757036662101745,2.679457883834839
0.2846153846153846,0.2846153846153846,0.02,0.08615384615384614,0.02,0.02,0.2846153846153846,310000000.0,5998000000.0,1.923860273361206,3.325938265323639,3.749682078361511,1.4399442490935326,3.573758182525635,2.4036862111091613,2.4177778458595274,2.389813504219055
0.2846153846153846,0.2846153846153846,0.02,0.08615384615384614,0.02,0.02,0.2846153846153846,310000000.0,7998000000.0,1.8561821389198303,3.230604202747345,3.653839647769928,1.3680444541573524,3.4677835655212403,2.3075496768951416,2.3001833140850065,2.277044175863266
0.2846153846153846,0.2846153846153846,0.02,0.08615384615384614,0.02,0.02,0.2846153846153846,310000000.0,9998000000.0,1.819297924041748,3.18120521068573,3.5828196525573732,1.3027067613601684,3.387356390953064,2.2355890214443206,2.235474965572357,2.197978352308273
0.2846153846153846,0.2846153846153846,0.02,0.08615384615384614,0.02,0.02,0.2846153846153846,310000000.0,11998000000.0,1.794134737253189,3.134457266330719,3.5200420880317687,1.2707695442438125,3.3306852626800536,2.1849530827999115,2.179284858703613,2.128847543001175
0.2846153846153846,0.2846153846153846,0.02,0.08615384615384614,0.02,0.02,0.2846153846153846,310000000.0,13998000000.0,1.7662575721740723,3.099613251686096,3.4926951837539675,1.2450649946928025,3.3009588742256164,2.1885013365745545,2.1487092196941378,2.0948983240127563
0.2846153846153846,0.2846153846153846,0.02,0.08615384615384614,0.02,0.02,0.2846153846153846,310000000.0,15998000000.0,1.7465178310871123,3.068988711833954,3.4800959777832032,1.2203724694252014,3.276102645397186,2.1441745388507845,2.1203290152549745,2.05260622382164
0.2846153846153846,0.2846153846153846,0.02,0.08615384615384614,0.02,0.02,0.2846153846153846,310000000.0,17998000000.0,1.7383958148956298,3.0518550205230714,3.4500920820236205,1.2123310247063637,3.261505517959595,2.1208691668510435,2.0994034206867216,2.0340639507770537
0.2846153846153846,0.2846153846153846,0.02,0.08615384615384614,0.02,0.02,0.2846153846153846,310000000.0,19998000000.0,1.7241937232017517,3.041621835231781,3.443996558189392,1.1878934442996978,3.241242244243622,2.091637668609619,2.081240029335022,2.008222979307175
0.2846153846153846,0.2846153846153846,0.02,0.08615384615384614,0.02,0.02,0.2846153846153846,310000000.0,20000000000.0,1.7241937232017517,3.041621835231781,3.443996558189392,1.1878934442996978,3.241242244243622,2.091637668609619,2.081240029335022,2.008222979307175
0.020000000000000004,0.08615384615384615,0.020000000000000004,0.35076923076923083,0.1523076923076923,0.1523076923076923,0.21846153846153848,310000000.0,1998000000.0,2.8475306963920595,4.168623971939087,4.4867959976196286,1.7434905308485031,4.301592662334442,2.700216727256775,3.3552622199058533,3.3654291248321533
0.020000000000000004,0.08615384615384615,0.020000000000000004,0.35076923076923083,0.1523076923076923,0.1523076923076923,0.21846153846153848,310000000.0,3998000000.0,2.3209992265701294,3.6026714491844176,3.868061981201172,1.316988549530506,3.6521166563034058,2.235343199968338,2.6788838934898376,2.5640280437469483
0.020000000000000004,0.08615384615384615,0.020000000000000004,0.35076923076923083,0.1523076923076923,0.1523076923076923,0.21846153846153848,310000000.0,5998000000.0,2.1978863286972046,3.4306920266151426,3.695546131134033,1.1931117576360704,3.457496883869171,2.0791482985019685,2.4820247721672057,2.348205968141556
0.020000000000000004,0.08615384615384615,0.020000000000000004,0.35076923076923083,0.1523076923076923,0.1523076923076923,0.21846153846153848,310000000.0,7998000000.0,2.1389428186416626,3.3118797874450685,3.5595629096031187,1.1254978954792023,3.3313338470458986,1.992873102426529,2.3364223623275757,2.203891636133194
0.020000000000000004,0.08615384615384615,0.020000000000000004,0.35076923076923083,0.1523076923076923,0.1523076923076923,0.21846153846153848,310000000.0,9998000000.0,2.051638705730438,3.2638081455230714,3.497809910774231,1.0870528900623322,3.2644360089302062,1.939813987016678,2.2734903609752655,2.128327033519745
0.020000000000000004,0.08615384615384615,0.020000000000000004,0.35076923076923083,0.1523076923076923,0.1523076923076923,0.21846153846153848,310000000.0,11998000000.0,2.052946858406067,3.2210433864593506,3.457437665462494,1.0619416108727455,3.2146239423751832,1.910803645849228,2.2173072576522825,2.0720619237422944
0.020000000000000004,0.08615384615384615,0.020000000000000004,0.35076923076923083,0.1523076923076923,0.1523076923076923,0.21846153846153848,310000000.0,13998000000.0,2.0115614628791807,3.189290587902069,3.415539562702179,1.0403170615434647,3.1822566056251524,1.891413676738739,2.1880982196331025,2.0392165958881376
0.020000000000000004,0.08615384615384615,0.020000000000000004,0.35076923076923083,0.1523076923076923,0.1523076923076923,0.21846153846153848,310000000.0,15998000000.0,1.9948832428455352,3.1607142281532288,3.396313102245331,1.022008583545685,3.157212278842926,1.8724168288707732,2.1598590302467344,2.010656510591507
0.020000000000000004,0.08615384615384615,0.020000000000000004,0.35076923076923083,0.1523076923076923,0.1523076923076923,0.21846153846153848,310000000.0,17998000000.0,1.990768610239029,3.1456134963035582,3.3849892091751097,1.0167776355147362,3.1384428477287294,1.8577364313602447,2.141853847503662,1.990335910320282
0.020000000000000004,0.08615384615384615,0.020000000000000004,0.35076923076923083,0.1523076923076923,0.1523076923076923,0.21846153846153848,310000000.0,19998000000.0,1.9625804150104522,3.1292046976089476,3.3647591567039488,1.0053255996108055,3.1226436161994933,1.8453955829143525,2.124050935506821,1.9765935039520264
0.020000000000000004,0.08615384615384615,0.020000000000000004,0.35076923076923083,0.1523076923076923,0.1523076923076923,0.21846153846153848,310000000.0,20000000000.0,1.9625804150104522,3.1292046976089476,3.3647591567039488,1.0053255996108055,3.1226436161994933,1.8453955829143525,2.124050935506821,1.9765935039520264
0.21846153846153843,0.02,0.3507692307692308,0.15230769230769228,0.21846153846153843,0.02,0.02,310000000.0,1998000000.0,2.4542288470268248,4.188560965061188,4.175941116809845,1.9516675996780395,4.117241761684418,3.052185263633728,4.2305221843719485,3.196818428039551
0.21846153846153843,0.02,0.3507692307692308,0.15230769230769228,0.21846153846153843,0.02,0.02,310000000.0,3998000000.0,2.0753985011577605,3.611847577095032,3.570890326499939,1.4766306707262993,3.4807171988487244,2.468091415166855,3.5238055205345153,2.430579378604889
0.21846153846153843,0.02,0.3507692307692308,0.15230769230769228,0.21846153846153843,0.02,0.02,310000000.0,5998000000.0,1.910557918548584,3.4063159942626955,3.346621217727661,1.3061324933171272,3.2506842589378357,2.277524700164795,3.099909636974335,2.187139229774475
0.21846153846153843,0.02,0.3507692307692308,0.15230769230769228,0.21846153846153843,0.02,0.02,310000000.0,7998000000.0,1.851036217212677,3.310540027618408,3.2510526633262633,1.2488340184092521,3.144820148944855,2.1927127122879027,2.8593983483314513,2.066217759847641
0.21846153846153843,0.02,0.3507692307692308,0.15230769230769228,0.21846153846153843,0.02,0.02,310000000.0,9998000000.0,1.8047680139541626,3.255629346370697,3.200958876609802,1.1941879034042358,3.092865700721741,2.1322927355766295,2.745524518489838,2.00228951215744
0.21846153846153843,0.02,0.3507692307692308,0.15230769230769228,0.21846153846153843,0.02,0.02,310000000.0,11998000000.0,1.7836267745494843,3.2151750326156616,3.1644503617286683,1.1613540795445443,3.051931850910187,2.0814261507987974,2.787346341609955,1.9599794220924378
0.21846153846153843,0.02,0.3507692307692308,0.15230769230769228,0.21846153846153843,0.02,0.02,310000000.0,13998000000.0,1.7685392940044402,3.1889922642707824,3.1378799796104433,1.1471615275740623,3.0259607100486754,2.0731623089313507,2.767095351219177,1.9238736140727997
0.21846153846153843,0.02,0.3507692307692308,0.15230769230769228,0.21846153846153843,0.02,0.02,310000000.0,15998000000.0,1.745329041481018,3.16647136926651,3.1134119701385496,1.1357253649830819,3.0029483819007874,2.039563146829605,2.667483401298523,1.9006248378753663
0.21846153846153843,0.02,0.3507692307692308,0.15230769230769228,0.21846153846153843,0.02,0.02,310000000.0,17998000000.0,1.7362144434452056,3.1507528901100157,3.0941723370552063,1.1200740212202072,2.983031725883484,2.044999883174896,2.634753292798996,1.874900200366974
0.21846153846153843,0.02,0.3507692307692308,0.15230769230769228,0.21846153846153843,0.02,0.02,310000000.0,19998000000.0,1.7260535430908204,3.1357250428199768,3.08683367729187,1.1079957213997842,2.973411571979523,2.0255539560317994,2.594446362257004,1.8679069399833679
0.21846153846153843,0.02,0.3507692307692308,0.15230769230769228,0.21846153846153843,0.02,0.02,310000000.0,20000000000.0,1.7260535430908204,3.1357250428199768,3.08683367729187,1.1079957213997842,2.973411571979523,2.0255539560317994,2.594446362257004,1.8679069399833679
0.08615384615384614,0.02,0.2184615384615384,0.3507692307692308,0.2846153846153846,0.02,0.02,680000000.0,2590000000.0,2.3926180529594423,3.883936321735382,3.925965142250061,1.5386728158593177,3.8018475699424745,2.626225354671478,3.755174560546875,2.817509150505066
0.08615384615384614,0.02,0.2184615384615384,0.3507692307692308,0.2846153846153846,0.02,0.02,680000000.0,5182000000.0,2.0409055340290068,3.4067472052574157,3.3982828783988954,1.2126287007331848,3.2593979716300963,2.2501065492630006,3.028380000591278,2.2047954916954042
0.08615384615384614,0.02,0.2184615384615384,0.3507692307692308,0.2846153846153846,0.02,0.02,680000000.0,7774000000.0,1.9076154184341432,3.249920470714569,3.230669014453888,1.0950130292773246,3.090217664241791,2.0883293080329897,2.8476127552986146,2.009056899547577
0.08615384615384614,0.02,0.2184615384615384,0.3507692307692308,0.2846153846153846,0.02,0.02,680000000.0,10366000000.0,1.850422921180725,3.1794916582107544,3.1520736956596376,1.0483706447482108,3.005634620189667,2.021489633321762,2.702643246650696,1.9272710990905761
0.08615384615384614,0.02,0.2184615384615384,0.3507692307692308,0.2846153846153846,0.02,0.02,680000000.0,12958000000.0,1.8155755746364592,3.1171205973625185,3.0923095107078553,1.0105761459469795,2.946466131210327,1.9816765224933623,2.6049440407752993,1.8621622335910797
0.08615384615384614,0.02,0.2184615384615384,0.3507692307692308,0.2846153846153846,0.02,0.02,680000000.0,15550000000.0,1.7899775564670564,3.084968886375427,3.06482923746109,0.986578768491745,2.916689703464508,1.931471277475357,2.5503960597515105,1.8264458632469178
0.08615384615384614,0.02,0.2184615384615384,0.3507692307692308,0.2846153846153846,0.02,0.02,680000000.0,18142000000.0,1.7765565967559815,3.055518641471863,3.036902599334717,0.9641509348154068,2.8915651297569274,1.9107091295719147,2.513450698852539,1.7942528545856475
0.08615384615384614,0.02,0.2184615384615384,0.3507692307692308,0.2846153846153846,0.02,0.02,680000000.0,20734000000.0,1.7546096122264863,3.0447896099090577,3.013357605934143,0.9474201735854149,2.866686406135559,1.9048674345016479,2.4933412873744967,1.7721045470237733
0.08615384615384614,0.02,0.2184615384615384,0.3507692307692308,0.2846153846153846,0.02,0.02,680000000.0,23326000000.0,1.7341457259655,3.0146050882339477,2.9970904064178465,0.9410269512236118,2.8453481221199035,1.884836893081665,2.4471317970752717,1.7549100375175477
0.08615384615384614,0.02,0.2184615384615384,0.3507692307692308,0.2846153846153846,0.02,0.02,680000000.0,25918000000.0,1.7295865714550018,2.991921966075897,2.9727290582656862,0.9341612672805786,2.823316469192505,1.8656711566448212,2.43211051940918,1.7311649215221405
0.08615384615384614,0.02,0.2184615384615384,0.3507692307692308,0.2846153846153846,0.02,0.02,680000000.0,25920000000.0,1.7295865714550018,2.991921966075897,2.9727290582656862,0.9341612672805786,2.823316469192505,1.8656711566448212,2.43211051940918,1.7311649215221405
0.02,0.02,0.21846153846153843,0.2846153846153846,0.08615384615384615,0.08615384615384614,0.2846153846153846,680000000.0,2590000000.0,2.5458941292762756,3.8895880794525146,3.9472071385383605,1.5312526154518127,3.8714148211479187,2.5354860603809355,2.8374476170539857,2.8472486615180967
0.02,0.02,0.21846153846153843,0.2846153846153846,0.08615384615384615,0.08615384615384614,0.2846153846153846,680000000.0,5182000000.0,2.214163726568222,3.458806104660034,3.4720380473136903,1.2208970174193383,3.373300688266754,2.1315670919418337,2.3593184316158293,2.267719086408615
0.02,0.02,0.21846153846153843,0.2846153846153846,0.08615384615384615,0.08615384615384614,0.2846153846153846,680000000.0,7774000000.0,2.111422765254974,3.283573956489563,3.2930678510665894,1.115642713010311,3.187617824077606,2.005248899459839,2.1931779646873473,2.080992245674133
0.02,0.02,0.21846153846153843,0.2846153846153846,0.08615384615384615,0.08615384615384614,0.2846153846153846,680000000.0,10366000000.0,2.0213341867923735,3.1900064873695375,3.2093556904792786,1.0620197781920433,3.0999478840827943,1.9316055047512055,2.0924181115627287,1.980122809410095
0.02,0.02,0.21846153846153843,0.2846153846153846,0.08615384615384615,0.08615384615384614,0.2846153846153846,680000000.0,12958000000.0,1.969774864912033,3.1435398054122925,3.1514990758895873,1.017575710117817,3.0420908904075623,1.8810170555114747,2.024355250597,1.9040098762512208
0.02,0.02,0.21846153846153843,0.2846153846153846,0.08615384615384615,0.08615384615384614,0.2846153846153846,680000000.0,15550000000.0,1.9448543512821197,3.1264106130599973,3.1197967624664305,0.9976272290945053,3.01387181520462,1.8465822076797485,1.9922045266628265,1.8765581130981446
0.02,0.02,0.21846153846153843,0.2846153846153846,0.08615384615384615,0.08615384615384614,0.2846153846153846,680000000.0,18142000000.0,1.9451440632343293,3.0853834629058836,3.0860706043243407,0.9832634299993515,2.9787367725372316,1.8356137442588807,1.9638930225372315,1.8341124141216278
0.02,0.02,0.21846153846153843,0.2846153846153846,0.08615384615384615,0.08615384615384614,0.2846153846153846,680000000.0,20734000000.0,1.9157433235645294,3.063377022743225,3.0591737389564515,0.96965596139431,2.950735206604004,1.8131782066822053,1.938869217634201,1.8128105413913727
0.02,0.02,0.21846153846153843,0.2846153846153846,0.08615384615384615,0.08615384615384614,0.2846153846153846,680000000.0,23326000000.0,1.8849305284023286,3.039854021072388,3.0467866921424864,0.9498358982801437,2.938131377696991,1.7988201677799225,1.9203912508487702,1.792487120628357
0.02,0.02,0.21846153846153843,0.2846153846153846,0.08615384615384615,0.08615384615384614,0.2846153846153846,680000000.0,25918000000.0,1.8719973850250244,3.0306963205337523,3.033702299594879,0.9409558755159378,2.9243816351890564,1.7894400429725648,1.9045650231838227,1.7853592002391816
0.02,0.02,0.21846153846153843,0.2846153846153846,0.08615384615384615,0.08615384615384614,0.2846153846153846,680000000.0,25920000000.0,1.8719973850250244,3.0306963205337523,3.033702299594879,0.9409558755159378,2.9243816351890564,1.7894400429725648,1.9045650231838227,1.7853592002391816
0.15230769230769234,0.15230769230769234,0.15230769230769234,0.020000000000000004,0.1523076923076923,0.1523076923076923,0.21846153846153848,680000000.0,2590000000.0,2.296425892114639,3.730916020870209,3.934270875453949,1.8888553756475448,3.82125634431839,2.555643414258957,2.905694980621338,2.8439418292045593
0.15230769230769234,0.15230769230769234,0.15230769230769234,0.020000000000000004,0.1523076923076923,0.1523076923076923,0.21846153846153848,680000000.0,5182000000.0,1.9777762937545775,3.2957933831214903,3.4546781945228577,1.4498109427094459,3.3136668372154237,2.1263795268535612,2.402858431339264,2.2258029735088347
0.15230769230769234,0.15230769230769234,0.15230769230769234,0.020000000000000004,0.1523076923076923,0.1523076923076923,0.21846153846153848,680000000.0,7774000000.0,1.8454324233531951,3.1168968296051025,3.2771800351142883,1.3263558909296989,3.1279058337211607,1.9868690407276153,2.227722017765045,2.0218902695178986
0.15230769230769234,0.15230769230769234,0.15230769230769234,0.020000000000000004,0.1523076923076923,0.1523076923076923,0.21846153846153848,680000000.0,10366000000.0,1.7945193719863892,3.0398264288902284,3.1952530264854433,1.2627011987566947,3.044639708995819,1.9097020101547242,2.1247501730918885,1.9298307275772095
0.15230769230769234,0.15230769230769234,0.15230769230769234,0.020000000000000004,0.1523076923076923,0.1523076923076923,0.21846153846153848,680000000.0,12958000000.0,1.7574451446533204,2.996072790622711,3.147396433353424,1.2123379349708556,2.993864560127258,1.8635647928714751,2.0644894397258757,1.8749249362945557
0.15230769230769234,0.15230769230769234,0.15230769230769234,0.020000000000000004,0.1523076923076923,0.1523076923076923,0.21846153846153848,680000000.0,15550000000.0,1.7313026201725006,2.9644388270378115,3.108315281867981,1.1919033020734786,2.9582902717590334,1.8317096710205079,2.026645814180374,1.8376130807399749
0.15230769230769234,0.15230769230769234,0.15230769230769234,0.020000000000000004,0.1523076923076923,0.1523076923076923,0.21846153846153848,680000000.0,18142000000.0,1.714898443222046,2.939426544904709,3.0790523386001585,1.1733042567968368,2.925521194934845,1.8170658040046692,2.0011999821662902,1.8001119649410249
0.15230769230769234,0.15230769230769234,0.15230769230769234,0.020000000000000004,0.1523076923076923,0.1523076923076923,0.21846153846153848,680000000.0,20734000000.0,1.7001943147182466,2.9131548726558685,3.057001676559448,1.165125974714756,2.903160047531128,1.799174236059189,1.9739567494392396,1.777974900007248
0.15230769230769234,0.15230769230769234,0.15230769230769234,0.020000000000000004,0.1523076923076923,0.1523076923076923,0.21846153846153848,680000000.0,23326000000.0,1.6829885065555572,2.895928307771683,3.0370942759513855,1.1478589871525764,2.884634726047516,1.784661785364151,1.9512746405601502,1.7571045207977294
0.15230769230769234,0.15230769230769234,0.15230769230769234,0.020000000000000004,0.1523076923076923,0.1523076923076923,0.21846153846153848,680000000.0,25918000000.0,1.6807391691207885,2.878777277469635,3.0238852214813234,1.1447589072585105,2.869505190849304,1.7758422553539277,1.9342576575279236,1.7379945635795593
0.15230769230769234,0.15230769230769234,0.15230769230769234,0.020000000000000004,0.1523076923076923,0.1523076923076923,0.21846153846153848,680000000.0,25920000000.0,1.6807391691207885,2.878777277469635,3.0238852214813234,1.1447589072585105,2.869505190849304,1.7758422553539277,1.9342576575279236,1.7379945635795593
0.08615384615384616,0.21846153846153848,0.08615384615384616,0.08615384615384615,0.3507692307692308,0.020000000000000004,0.1523076923076923,680000000.0,2590000000.0,2.407321081161499,3.6603736591339113,3.9196264958381652,1.8007364958524703,3.737686791419983,2.787108860015869,3.0143255519866945,2.859487793445587
0.08615384615384616,0.21846153846153848,0.08615384615384616,0.08615384615384615,0.3507692307692308,0.020000000000000004,0.1523076923076923,680000000.0,5182000000.0,2.062845777273178,3.2288911366462707,3.4288986229896548,1.4147232261300087,3.229135012626648,2.3304153096675875,2.4759684729576112,2.242761013507843
0.08615384615384616,0.21846153846153848,0.08615384615384616,0.08615384615384615,0.3507692307692308,0.020000000000000004,0.1523076923076923,680000000.0,7774000000.0,1.9254991257190703,3.0674975419044497,3.2666371202468873,1.2840909358859063,3.0574373984336853,2.202240093946457,2.288499188423157,2.0462962210178377
0.08615384615384616,0.21846153846153848,0.08615384615384616,0.08615384615384615,0.3507692307692308,0.020000000000000004,0.1523076923076923,680000000.0,10366000000.0,1.8996280145645141,3.0014519906044006,3.2006147646903993,1.254744119644165,2.993526222705841,2.1535055589675904,2.205681756734848,1.977584947347641
0.08615384615384616,0.21846153846153848,0.08615384615384616,0.08615384615384615,0.3507692307692308,0.020000000000000004,0.1523076923076923,680000000.0,12958000000.0,1.8292108869552612,2.9419997000694273,3.1381949973106384,1.1854679480195045,2.9238373184204103,2.068847575187683,2.1199366092681884,1.8955972409248352
0.08615384615384616,0.21846153846153848,0.08615384615384616,0.08615384615384615,0.3507692307692308,0.020000000000000004,0.1523076923076923,680000000.0,15550000000.0,1.8007144033908844,2.9114615988731383,3.0969990348815917,1.1567732927203178,2.887689681053162,2.06026281952858,2.07256818652153,1.8543811225891114
0.08615384615384616,0.21846153846153848,0.08615384615384616,0.08615384615384615,0.3507692307692308,0.020000000000000004,0.1523076923076923,680000000.0,18142000000.0,1.788185248374939,2.8818982100486754,3.0700740361213685,1.135259836614132,2.8595339679718017,2.0160689008235932,2.042800312042236,1.8183085763454436
0.08615384615384616,0.21846153846153848,0.08615384615384616,0.08615384615384615,0.3507692307692308,0.020000000000000004,0.1523076923076923,680000000.0,20734000000.0,1.7641123461723327,2.8589436554908754,3.0486130356788634,1.1134939363598824,2.832286262512207,1.9859677541255951,2.0192702293395994,1.7964787757396699
0.08615384615384616,0.21846153846153848,0.08615384615384616,0.08615384615384615,0.3507692307692308,0.020000000000000004,0.1523076923076923,680000000.0,23326000000.0,1.7469883906841277,2.849000825881958,3.0354602551460266,1.1033074149489404,2.8202775001525877,1.9785533368587493,1.9967569267749787,1.7769938349723815
0.08615384615384616,0.21846153846153848,0.08615384615384616,0.08615384615384615,0.3507692307692308,0.020000000000000004,0.1523076923076923,680000000.0,25918000000.0,1.7449566304683686,2.8275772702693938,3.013149516582489,1.0920250764489174,2.80083545923233,1.9493312668800353,1.9841048061847686,1.7540974640846252
0.08615384615384616,0.21846153846153848,0.08615384615384616,0.08615384615384615,0.3507692307692308,0.020000000000000004,0.1523076923076923,680000000.0,25920000000.0,1.7449566304683686,2.8275772702693938,3.013149516582489,1.0920250764489174,2.80083545923233,1.9493312668800353,1.9841048061847686,1.7540974640846252
0.08615384615384614,0.020000000000000004,0.020000000000000004,0.28461538461538466,0.1523076923076923,0.28461538461538466,0.1523076923076923,680000000.0,2590000000.0,2.3550270318984987,3.998797857761383,4.192067396640778,1.4759446376562118,4.0098615074157715,2.336714779138565,3.0646474456787107,2.907583408355713
0.08615384615384614,0.020000000000000004,0.020000000000000004,0.28461538461538466,0.1523076923076923,0.28461538461538466,0.1523076923076923,680000000.0,5182000000.0,2.023082427978516,3.5195456552505493,3.6643031787872316,1.1768337041139603,3.4516725039482115,1.9709242808818817,2.541183669567108,2.266903700828552
0.08615384615384614,0.020000000000000004,0.020000000000000004,0.28461538461538466,0.1523076923076923,0.28461538461538466,0.1523076923076923,680000000.0,7774000000.0,1.8945152938365937,3.3440543007850647,3.4829587173461913,1.0723381942510606,3.2586144828796386,1.8516264426708222,2.345989565849304,2.066139180660248
0.08615384615384614,0.020000000000000004,0.020000000000000004,0.28461538461538466,0.1523076923076923,0.28461538461538466,0.1523076923076923,680000000.0,10366000000.0,1.8339204323291778,3.2729590058326723,3.402476351261139,1.02382956802845,3.1752270698547362,1.788362283706665,2.2403711426258086,1.9788510274887086
0.08615384615384614,0.020000000000000004,0.020000000000000004,0.28461538461538466,0.1523076923076923,0.28461538461538466,0.1523076923076923,680000000.0,12958000000.0,1.812858271598816,3.2393389248847964,3.370067820549011,0.9919590684771538,3.1385495233535767,1.7592178297042846,2.1944249176979067,1.938654341697693
0.08615384615384614,0.020000000000000004,0.020000000000000004,0.28461538461538466,0.1523076923076923,0.28461538461538466,0.1523076923076923,680000000.0,15550000000.0,1.771368579864502,3.173444845676422,3.3125754618644714,0.961785015463829,3.0702712965011596,1.7251933121681213,2.1180262088775637,1.8752114510536193
0.08615384615384614,0.020000000000000004,0.020000000000000004,0.28461538461538466,0.1523076923076923,0.28461538461538466,0.1523076923076923,680000000.0,18142000000.0,1.7592565572261811,3.134009337425232,3.275920584201813,0.9493560773134232,3.0333202338218688,1.7087821877002716,2.0874474155902862,1.837841271162033
0.08615384615384614,0.020000000000000004,0.020000000000000004,0.28461538461538466,0.1523076923076923,0.28461538461538466,0.1523076923076923,680000000.0,20734000000.0,1.7387510824203491,3.126992862224579,3.2479081773757934,0.9371038231253624,3.0136353898048402,1.6895227301120759,2.069271980524063,1.8189753198623657
0.08615384615384614,0.020000000000000004,0.020000000000000004,0.28461538461538466,0.1523076923076923,0.28461538461538466,0.1523076923076923,680000000.0,23326000000.0,1.7192789316177368,3.093892288208008,3.223399739265442,0.9232190400362015,2.9853246998786926,1.678808834552765,2.0360563838481904,1.7893819224834442
0.08615384615384614,0.020000000000000004,0.020000000000000004,0.28461538461538466,0.1523076923076923,0.28461538461538466,0.1523076923076923,680000000.0,25918000000.0,1.718630508184433,3.079774854183197,3.213154902458191,0.9114935725927353,2.970931828022003,1.6673788034915924,2.027267408370972,1.7764489090442657
0.08615384615384614,0.020000000000000004,0.020000000000000004,0.28461538461538466,0.1523076923076923,0.28461538461538466,0.1523076923076923,680000000.0,25920000000.0,1.718630508184433,3.079774854183197,3.213154902458191,0.9114935725927353,2.970931828022003,1.6673788034915924,2.027267408370972,1.7764489090442657
0.020000000000000004,0.020000000000000004,0.28461538461538466,0.08615384615384615,0.1523076923076923,0.1523076923076923,0.28461538461538466,680000000.0,2590000000.0,2.584270133972168,3.9146526432037354,3.9388410687446593,1.7172207975387572,3.860800247192383,2.56408837556839,2.9971518659591676,2.870607099533081
0.020000000000000004,0.020000000000000004,0.28461538461538466,0.08615384615384615,0.1523076923076923,0.1523076923076923,0.28461538461538466,680000000.0,5182000000.0,2.1904572224617005,3.4087883377075197,3.4040547037124633,1.3215340960025788,3.3001307320594786,2.0877395355701447,2.3418757367134093,2.220290318727493
0.020000000000000004,0.020000000000000004,0.28461538461538466,0.08615384615384615,0.1523076923076923,0.1523076923076923,0.28461538461538466,680000000.0,7774000000.0,2.060871365070343,3.221269755363464,3.2098543739318846,1.2077158191800117,3.1034748482704164,1.9522169876098632,2.166125398874283,2.01391622543335
0.020000000000000004,0.020000000000000004,0.28461538461538466,0.08615384615384615,0.1523076923076923,0.1523076923076923,0.28461538461538466,680000000.0,10366000000.0,1.994912986755371,3.1397196149826048,3.1380649042129516,1.1460646665096283,3.0276525688171385,1.88122208237648,2.0727687668800354,1.9257897961139678
0.020000000000000004,0.020000000000000004,0.28461538461538466,0.08615384615384615,0.1523076923076923,0.1523076923076923,0.28461538461538466,680000000.0,12958000000.0,1.9649873745441437,3.1057788562774657,3.1166641449928285,1.1482072886824608,2.9902645897865296,1.8540917801856995,2.0280383324623106,1.9058660972118378
0.020000000000000004,0.020000000000000004,0.28461538461538466,0.08615384615384615,0.1523076923076923,0.1523076923076923,0.28461538461538466,680000000.0,15550000000.0,1.9305059444904327,3.0699040365219115,3.0506234192848205,1.0880220675468444,2.938786768913269,1.8152714252471924,1.9763487935066224,1.8316901314258576
0.020000000000000004,0.020000000000000004,0.28461538461538466,0.08615384615384615,0.1523076923076923,0.1523076923076923,0.28461538461538466,680000000.0,18142000000.0,1.9169230020046235,3.03844135761261,3.0232465624809266,1.0640880426764487,2.908819329738617,1.7974578070640563,1.9504045176506042,1.7962939977645873
0.020000000000000004,0.020000000000000004,0.28461538461538466,0.08615384615384615,0.1523076923076923,0.1523076923076923,0.28461538461538466,680000000.0,20734000000.0,1.900071724653244,3.021858882904053,3.0050574779510497,1.0606999152898788,2.8913216400146484,1.7797141659259796,1.9407351982593537,1.7815846955776216
0.020000000000000004,0.020000000000000004,0.28461538461538466,0.08615384615384615,0.1523076923076923,0.1523076923076923,0.28461538461538466,680000000.0,23326000000.0,1.8748604440689087,2.9955437064170836,2.988925232887268,1.051261124610901,2.8704282355308535,1.77170902967453,1.9104595601558685,1.764297865629196
0.020000000000000004,0.020000000000000004,0.28461538461538466,0.08615384615384615,0.1523076923076923,0.1523076923076923,0.28461538461538466,680000000.0,25918000000.0,1.860132018327713,2.9879988074302672,2.9720940470695494,1.0424202981591224,2.8578566908836365,1.761664972305298,1.894414212703705,1.7458570146560668
0.020000000000000004,0.020000000000000004,0.28461538461538466,0.08615384615384615,0.1523076923076923,0.1523076923076923,0.28461538461538466,680000000.0,25920000000.0,1.860132018327713,2.9879988074302672,2.9720940470695494,1.0424202981591224,2.8578566908836365,1.761664972305298,1.894414212703705,1.7458570146560668
0.21846153846153848,0.21846153846153848,0.1523076923076923,0.1523076923076923,0.020000000000000004,0.020000000000000004,0.21846153846153848,680000000.0,2590000000.0,2.24762708067894,3.7305846548080446,4.021594653129577,1.8042545199394227,3.9464003252983093,2.822747461795807,2.908363697528839,2.938792834281921
0.21846153846153848,0.21846153846153848,0.1523076923076923,0.1523076923076923,0.020000000000000004,0.020000000000000004,0.21846153846153848,680000000.0,5182000000.0,1.9480504274368287,3.320205023288727,3.5497880125045778,1.333544585108757,3.4686405873298645,2.318064296245575,2.4430748629570007,2.3052742302417757
0.21846153846153848,0.21846153846153848,0.1523076923076923,0.1523076923076923,0.020000000000000004,0.020000000000000004,0.21846153846153848,680000000.0,7774000000.0,1.8232341039180755,3.139600293636322,3.350432863235474,1.2182722294330597,3.259671869277954,2.1762354731559754,2.2553471994400023,2.0862429201602937
0.21846153846153848,0.21846153846153848,0.1523076923076923,0.1523076923076923,0.020000000000000004,0.020000000000000004,0.21846153846153848,680000000.0,10366000000.0,1.7647787809371949,3.0466591787338255,3.2605651354789735,1.1444121915102006,3.1655437397956847,2.0891149067878723,2.1438656389713286,1.9907304239273071
0.21846153846153848,0.21846153846153848,0.1523076923076923,0.1523076923076923,0.020000000000000004,0.020000000000000004,0.21846153846153848,680000000.0,12958000000.0,1.729848176240921,2.996286449432373,3.200805034637451,1.109555158019066,3.097231593132019,2.0252592158317566,2.0796885323524474,1.925105801820755
0.21846153846153848,0.21846153846153848,0.1523076923076923,0.1523076923076923,0.020000000000000004,0.020000000000000004,0.21846153846153848,680000000.0,15550000000.0,1.7040103578567505,2.9580750143527985,3.163122923374176,1.0863779717683792,3.057741627693176,1.9916527223587037,2.0393968486785887,1.87599818110466
0.21846153846153848,0.21846153846153848,0.1523076923076923,0.1523076923076923,0.020000000000000004,0.020000000000000004,0.21846153846153848,680000000.0,18142000000.0,1.6881818056106568,2.9294634580612184,3.130464539527893,1.0644969618320466,3.02952054977417,1.9650497543811798,2.011480504274368,1.8417363381385803
0.21846153846153848,0.21846153846153848,0.1523076923076923,0.1523076923076923,0.020000000000000004,0.020000000000000004,0.21846153846153848,680000000.0,20734000000.0,1.67298468708992,2.91452743768692,3.1121484518051146,1.043200804591179,3.0152614951133727,1.9604045915603638,1.9860491859912872,1.8249058771133422
0.21846153846153848,0.21846153846153848,0.1523076923076923,0.1523076923076923,0.020000000000000004,0.020000000000000004,0.21846153846153848,680000000.0,23326000000.0,1.6560343182086945,2.8914587128162386,3.0860832929611206,1.0417052283883095,2.983457102775574,1.9425897705554962,1.9630688297748566,1.7984203159809113
0.21846153846153848,0.21846153846153848,0.1523076923076923,0.1523076923076923,0.020000000000000004,0.020000000000000004,0.21846153846153848,680000000.0,25918000000.0,1.653991494178772,2.873773192167282,3.0727634406089783,1.024444535970688,2.96718337059021,1.9365488219261169,1.942798193693161,1.7811881768703461
0.21846153846153848,0.21846153846153848,0.1523076923076923,0.1523076923076923,0.020000000000000004,0.020000000000000004,0.21846153846153848,680000000.0,25920000000.0,1.653991494178772,2.873773192167282,3.0727634406089783,1.024444535970688,2.96718337059021,1.9365488219261169,1.942798193693161,1.7811881768703461
0.21846153846153846,0.08615384615384615,0.08615384615384615,0.08615384615384614,0.08615384615384614,0.15230769230769228,0.2846153846153846,680000000.0,2590000000.0,2.2256251120567323,3.822164468765259,4.04641471862793,1.651187574863434,3.912466366291046,2.4970910859107973,2.833540778160095,2.844648244380951
0.21846153846153846,0.08615384615384615,0.08615384615384615,0.08615384615384614,0.08615384615384614,0.15230769230769228,0.2846153846153846,680000000.0,5182000000.0,1.9163129806518555,3.383443419933319,3.5521927285194397,1.3194787108898163,3.4059195351600646,2.0796282470226286,2.3533090996742247,2.240010565519333
0.21846153846153846,0.08615384615384615,0.08615384615384615,0.08615384615384614,0.08615384615384614,0.15230769230769228,0.2846153846153846,680000000.0,7774000000.0,1.8027451717853546,3.2021574997901916,3.376833896636963,1.2044057655334472,3.2183442449569704,1.9474017465114593,2.1774288284778596,2.0537837517261504
0.21846153846153846,0.08615384615384615,0.08615384615384615,0.08615384615384614,0.08615384615384614,0.15230769230769228,0.2846153846153846,680000000.0,10366000000.0,1.7507791936397552,3.127480583190918,3.29059175491333,1.1498535615205765,3.1359192442893984,1.8803176760673523,2.088080188035965,1.952885389328003
0.21846153846153846,0.08615384615384615,0.08615384615384615,0.08615384615384614,0.08615384615384614,0.15230769230769228,0.2846153846153846,680000000.0,12958000000.0,1.718996695280075,3.080154824256897,3.245640368461609,1.1196163523197173,3.0842169094085694,1.8389751505851746,2.024969980716705,1.901201869249344
0.21846153846153846,0.08615384615384615,0.08615384615384615,0.08615384615384614,0.08615384615384614,0.15230769230769228,0.2846153846153846,680000000.0,15550000000.0,1.6921866357326507,3.0412657403945924,3.1963821721076964,1.0886203905940055,3.0364372611045836,1.8123018479347228,1.9875534677505493,1.8495391297340393
0.21846153846153846,0.08615384615384615,0.08615384615384615,0.08615384615384614,0.08615384615384614,0.15230769230769228,0.2846153846153846,680000000.0,18142000000.0,1.678737598657608,3.016619484424591,3.1675766944885253,1.0744365379214287,3.005117621421814,1.793749202489853,1.9621399199962617,1.810344796180725
0.21846153846153846,0.08615384615384615,0.08615384615384615,0.08615384615384614,0.08615384615384614,0.15230769230769228,0.2846153846153846,680000000.0,20734000000.0,1.6641105973720551,2.998681995868683,3.1501566433906554,1.061605453789234,2.9868725728988648,1.778306884765625,1.9394518053531646,1.7980388724803924
0.21846153846153846,0.08615384615384615,0.08615384615384615,0.08615384615384614,0.08615384615384614,0.15230769230769228,0.2846153846153846,680000000.0,23326000000.0,1.6471342170238494,2.9825956535339357,3.132698562145233,1.0465595814585686,2.9687727737426757,1.7634918367862702,1.9190810132026672,1.7739179563522338
0.21846153846153846,0.08615384615384615,0.08615384615384615,0.08615384615384614,0.08615384615384614,0.15230769230769228,0.2846153846153846,680000000.0,25918000000.0,1.6448101425170898,2.958491461277008,3.1058343935012815,1.0398821541666985,2.9464236736297607,1.7556583094596863,1.9005386853218078,1.7549891233444215
0.21846153846153846,0.08615384615384615,0.08615384615384615,0.08615384615384614,0.08615384615384614,0.15230769230769228,0.2846153846153846,680000000.0,25920000000.0,1.6448101425170898,2.958491461277008,3.1058343935012815,1.0398821541666985,2.9464236736297607,1.7556583094596863,1.9005386853218078,1.7549891233444215
0.02,0.15230769230769228,0.08615384615384615,0.02,0.3507692307692308,0.08615384615384614,0.2846153846153846,680000000.0,2590000000.0,2.576891751289368,3.6739846730232237,3.906092867851257,2.111543630361557,3.717009654045105,2.8025942754745485,2.809833505153656,2.898599786758423
0.02,0.15230769230769228,0.08615384615384615,0.02,0.3507692307692308,0.08615384615384614,0.2846153846153846,680000000.0,5182000000.0,2.218193225860596,3.232737798690796,3.41713054895401,1.4862393352389336,3.2098624157905578,2.2075199806690216,2.3022868275642394,2.228841187953949
0.02,0.15230769230769228,0.08615384615384615,0.02,0.3507692307692308,0.08615384615384614,0.2846153846153846,680000000.0,7774000000.0,2.1203136324882506,3.087094478607178,3.270445921421051,1.3650567466020584,3.05745968580246,2.0870636427402496,2.1547972881793975,2.0555911898612975
0.02,0.15230769230769228,0.08615384615384615,0.02,0.3507692307692308,0.08615384615384614,0.2846153846153846,680000000.0,10366000000.0,2.0524690568447115,3.0215992283821107,3.1902660155296325,1.331784420311451,2.9828706884384157,2.0234606754779816,2.0701373863220214,1.9693002498149872
0.02,0.15230769230769228,0.08615384615384615,0.02,0.3507692307692308,0.08615384615384614,0.2846153846153846,680000000.0,12958000000.0,1.983251622915268,2.9724895262718203,3.142256669998169,1.2589374166727065,2.9293113708496095,1.9572831284999848,2.0006795728206637,1.8923261260986328
0.02,0.15230769230769228,0.08615384615384615,0.02,0.3507692307692308,0.08615384615384614,0.2846153846153846,680000000.0,15550000000.0,1.9519007837772369,2.9338150930404665,3.1052028799057005,1.2368549546599388,2.889079189300537,1.9173863744735717,1.9653580951690675,1.851561917066574
0.02,0.15230769230769228,0.08615384615384615,0.02,0.3507692307692308,0.08615384615384614,0.2846153846153846,680000000.0,18142000000.0,1.956627781391144,2.907159849405289,3.0714202237129213,1.2360719582438469,2.8579389095306396,1.9088342916965484,1.93768208026886,1.820845514535904
0.02,0.15230769230769228,0.08615384615384615,0.02,0.3507692307692308,0.08615384615384614,0.2846153846153846,680000000.0,20734000000.0,1.9294539034366607,2.88578511595726,3.0503265476226806,1.2161591121554374,2.838689968585968,1.884138011932373,1.914560854434967,1.8035357987880707
0.02,0.15230769230769228,0.08615384615384615,0.02,0.3507692307692308,0.08615384615384614,0.2846153846153846,680000000.0,23326000000.0,1.8952576923370361,2.867118091583252,3.0349281454086303,1.2016180628538131,2.8208616399765014,1.8707770359516145,1.8966034078598022,1.7879548501968383
0.02,0.15230769230769228,0.08615384615384615,0.02,0.3507692307692308,0.08615384615384614,0.2846153846153846,680000000.0,25918000000.0,1.8853666067123414,2.862959722280502,3.020454878807068,1.1911547949910164,2.8058788990974426,1.8611772954463959,1.8814464330673217,1.7627662134170532
0.02,0.15230769230769228,0.08615384615384615,0.02,0.3507692307692308,0.08615384615384614,0.2846153846153846,680000000.0,25920000000.0,1.8853666067123414,2.862959722280502,3.020454878807068,1.1911547949910164,2.8058788990974426,1.8611772954463959,1.8814464330673217,1.7627662134170532
0.21846153846153843,0.02,0.2846153846153846,0.15230769230769228,0.02,0.02,0.2846153846153846,680000000.0,2590000000.0,2.258009275197983,3.9298157024383547,3.952891664505005,1.784282369017601,3.926939649581909,2.788165121078491,2.860418539047241,2.8980260848999024
0.21846153846153843,0.02,0.2846153846153846,0.15230769230769228,0.02,0.02,0.2846153846153846,680000000.0,5182000000.0,1.9255828475952148,3.465560805797577,3.442409105300903,1.3005496522784232,3.3949025893211364,2.272713428735733,2.352850637435913,2.2380970585346223
0.21846153846153843,0.02,0.2846153846153846,0.15230769230769228,0.02,0.02,0.2846153846153846,680000000.0,7774000000.0,1.8092731761932372,3.286991515159607,3.2681667256355285,1.1910036757588387,3.2104244446754455,2.1451079487800597,2.1794438588619234,2.050911202430725
0.21846153846153843,0.02,0.2846153846153846,0.15230769230769228,0.02,0.02,0.2846153846153846,680000000.0,10366000000.0,1.7527463233470917,3.199581310749054,3.184526789188385,1.126755656003952,3.1188031101226805,2.0619191479682923,2.083712545633316,1.9563954651355744
0.21846153846153843,0.02,0.2846153846153846,0.15230769230769228,0.02,0.02,0.2846153846153846,680000000.0,12958000000.0,1.721102432012558,3.1572356247901916,3.136552791595459,1.09364280462265,3.072845711708069,2.016491277217865,2.02337330698967,1.9015581071376801
0.21846153846153843,0.02,0.2846153846153846,0.15230769230769228,0.02,0.02,0.2846153846153846,680000000.0,15550000000.0,1.696045045852661,3.117636811733246,3.09703093290329,1.0775428652763366,3.0325069355964662,1.9720743882656098,1.987239146232605,1.856347690820694
0.21846153846153843,0.02,0.2846153846153846,0.15230769230769228,0.02,0.02,0.2846153846153846,680000000.0,18142000000.0,1.6826790547370911,3.0864126014709474,3.0676074528694155,1.0527349495887757,3.0060785531997682,1.963892263174057,1.9617824506759645,1.8252648055553435
0.21846153846153843,0.02,0.2846153846153846,0.15230769230769228,0.02,0.02,0.2846153846153846,680000000.0,20734000000.0,1.6662858819961548,3.071279993057251,3.049909162521362,1.0358404985070229,2.9841137814521788,1.9466743862628937,1.9361010336875915,1.8097544753551482
0.21846153846153843,0.02,0.2846153846153846,0.15230769230769228,0.02,0.02,0.2846153846153846,680000000.0,23326000000.0,1.6523098611831666,3.051720745563507,3.03151198387146,1.0326674273610115,2.9656035184860228,1.9350058841705322,1.9210389506816865,1.790159628391266
0.21846153846153843,0.02,0.2846153846153846,0.15230769230769228,0.02,0.02,0.2846153846153846,680000000.0,25918000000.0,1.6500374639034272,3.0269984340667726,3.0129857301712035,1.0181463035941123,2.9504313588142397,1.9180636250972747,1.9023908400535583,1.7699658071994782
0.21846153846153843,0.02,0.2846153846153846,0.15230769230769228,0.02,0.02,0.2846153846153846,680000000.0,25920000000.0,1.6500374639034272,3.0269984340667726,3.0129857301712035,1.0181463035941123,2.9504313588142397,1.9180636250972747,1.9023908400535583,1.7699658071994782
0.1523076923076923,0.020000000000000004,0.020000000000000004,0.35076923076923083,0.1523076923076923,0.08615384615384616,0.21846153846153848,680000000.0,2590000000.0,2.3672210538387297,4.106181349754333,4.3122003507614135,1.5722795364260673,4.104086744785309,2.589717198610306,3.090452790260315,3.0282575416564943
0.1523076923076923,0.020000000000000004,0.020000000000000004,0.35076923076923083,0.1523076923076923,0.08615384615384616,0.21846153846153848,680000000.0,5182000000.0,1.9840777492523194,3.5368255734443665,3.707911958694458,1.2060416930913924,3.4663358092308045,2.1366506350040435,2.4617208886146544,2.3199306309223173
0.1523076923076923,0.020000000000000004,0.020000000000000004,0.35076923076923083,0.1523076923076923,0.08615384615384616,0.21846153846153848,680000000.0,7774000000.0,1.8586999344825745,3.3647033023834227,3.509721426963806,1.0974724555015565,3.272929840087891,1.9969682967662812,2.2795337784290313,2.110193974971771
0.1523076923076923,0.020000000000000004,0.020000000000000004,0.35076923076923083,0.1523076923076923,0.08615384615384616,0.21846153846153848,680000000.0,10366000000.0,1.801934348344803,3.269341585636139,3.4051924538612366,1.0380915096402168,3.1706954193115235,1.9224577975273132,2.1678263759613037,2.005572944879532
0.1523076923076923,0.020000000000000004,0.020000000000000004,0.35076923076923083,0.1523076923076923,0.08615384615384616,0.21846153846153848,680000000.0,12958000000.0,1.7620527958869934,3.215107088088989,3.359140214920044,0.9985827422142028,3.1117873787879944,1.871875423192978,2.100436645746231,1.9466187953948975
0.1523076923076923,0.020000000000000004,0.020000000000000004,0.35076923076923083,0.1523076923076923,0.08615384615384616,0.21846153846153848,680000000.0,15550000000.0,1.737196582555771,3.1773059725761414,3.315875313282013,0.9747263860702514,3.0730653190612793,1.8436085748672486,2.0602760410308836,1.8981087851524352
0.1523076923076923,0.020000000000000004,0.020000000000000004,0.35076923076923083,0.1523076923076923,0.08615384615384616,0.21846153846153848,680000000.0,18142000000.0,1.7187892138957976,3.147769875526428,3.288633270263672,0.9572055017948151,3.041196019649506,1.8243508315086365,2.0323877394199372,1.8670630991458892
0.1523076923076923,0.020000000000000004,0.020000000000000004,0.35076923076923083,0.1523076923076923,0.08615384615384616,0.21846153846153848,680000000.0,20734000000.0,1.7044034731388091,3.1198042321205137,3.2542632699012755,0.9446095359325409,3.0102605772018434,1.8100160980224609,2.0038294661045075,1.8392299723625183
0.1523076923076923,0.020000000000000004,0.020000000000000004,0.35076923076923083,0.1523076923076923,0.08615384615384616,0.21846153846153848,680000000.0,23326000000.0,1.6856690168380737,3.1091737008094786,3.2415932536125185,0.9318912567198276,2.992767450809479,1.7949249303340913,1.9812196004390716,1.8161718404293061
0.1523076923076923,0.020000000000000004,0.020000000000000004,0.35076923076923083,0.1523076923076923,0.08615384615384616,0.21846153846153848,680000000.0,25918000000.0,1.6850869381427764,3.0987021493911744,3.2248243951797484,0.9293550680577755,2.9822423911094664,1.7887965309619904,1.963197113275528,1.7992407608032226
0.1523076923076923,0.020000000000000004,0.020000000000000004,0.35076923076923083,0.1523076923076923,0.08615384615384616,0.21846153846153848,680000000.0,25920000000.0,1.6850869381427764,3.0987021493911744,3.2248243951797484,0.9293550680577755,2.9822423911094664,1.7887965309619904,1.963197113275528,1.7992407608032226
0.15230769230769228,0.15230769230769228,0.02,0.21846153846153843,0.15230769230769228,0.02,0.2846153846153846,680000000.0,2590000000.0,2.312035759687424,3.805713667869568,4.18518027305603,1.6319664520025254,3.955165786743164,2.729652419090271,2.869961178302765,2.9589702010154726
0.15230769230769228,0.15230769230769228,0.02,0.21846153846153843,0.15230769230769228,0.02,0.2846153846153846,680000000.0,5182000000.0,1.995184987783432,3.3512647914886475,3.627094531059265,1.291360973715782,3.4029282617568968,2.2986292958259584,2.3728218817710878,2.311343266963959
0.15230769230769228,0.15230769230769228,0.02,0.21846153846153843,0.15230769230769228,0.02,0.2846153846153846,680000000.0,7774000000.0,1.861994800567627,3.1657602429389953,3.4427133274078368,1.1647731631994247,3.205843575000763,2.1602066922187806,2.1884731996059417,2.107724069356918
0.15230769230769228,0.15230769230769228,0.02,0.21846153846153843,0.15230769230769228,0.02,0.2846153846153846,680000000.0,10366000000.0,1.81048752784729,3.083408606052399,3.3606241011619566,1.1127435490489006,3.115537543296814,2.0780690085887907,2.0910268104076386,2.003526026010513
0.15230769230769228,0.15230769230769228,0.02,0.21846153846153843,0.15230769230769228,0.02,0.2846153846153846,680000000.0,12958000000.0,1.7738539135456086,3.036435060501099,3.30088357925415,1.0772079420089722,3.06023565530777,2.0309857964515685,2.0251355493068695,1.936932829618454
0.15230769230769228,0.15230769230769228,0.02,0.21846153846153843,0.15230769230769228,0.02,0.2846153846153846,680000000.0,15550000000.0,1.7431481218338012,2.9975601601600648,3.2580613017082216,1.0489533472061157,3.018241093158722,1.9796380889415741,1.9860783696174622,1.8956890904903412
0.15230769230769228,0.15230769230769228,0.02,0.21846153846153843,0.15230769230769228,0.02,0.2846153846153846,680000000.0,18142000000.0,1.7279302275180817,2.9768439984321593,3.241393744945526,1.0209592047333718,2.9939888954162597,1.9718424487113952,1.9635572493076325,1.8622373294830323
0.15230769230769228,0.15230769230769228,0.02,0.21846153846153843,0.15230769230769228,0.02,0.2846153846153846,680000000.0,20734000000.0,1.7119592034816742,2.949750702381134,3.2149582505226135,1.0119671526551246,2.9643109130859373,1.955629173517227,1.937708810567856,1.8401117157936095
0.15230769230769228,0.15230769230769228,0.02,0.21846153846153843,0.15230769230769228,0.02,0.2846153846153846,680000000.0,23326000000.0,1.6950143826007844,2.9333718752861024,3.19726655960083,1.0015522137284278,2.946574583053589,1.9414037299156188,1.9178239274024964,1.811644572019577
0.15230769230769228,0.15230769230769228,0.02,0.21846153846153843,0.15230769230769228,0.02,0.2846153846153846,680000000.0,25918000000.0,1.6908615744113922,2.915091588497162,3.1820885825157164,0.9895863324403763,2.9324401307106016,1.922514717578888,1.900631968975067,1.7964152240753173
0.15230769230769228,0.15230769230769228,0.02,0.21846153846153843,0.15230769230769228,0.02,0.2846153846153846,680000000.0,25920000000.0,1.6908615744113922,2.915091588497162,3.1820885825157164,0.9895863324403763,2.9324401307106016,1.922514717578888,1.900631968975067,1.7964152240753173
0.1523076923076923,0.08615384615384616,0.020000000000000004,0.020000000000000004,0.35076923076923083,0.08615384615384615,0.28461538461538466,680000000.0,2590000000.0,2.300080224275589,3.758141791820526,4.003634169101715,2.0590461075305937,3.7637263441085818,2.771932430267334,2.8176760053634644,2.8929296922683716
0.1523076923076923,0.08615384615384616,0.020000000000000004,0.020000000000000004,0.35076923076923083,0.08615384615384615,0.28461538461538466,680000000.0,5182000000.0,1.969399917125702,3.3131383752822874,3.5019284152984618,1.4792745491862298,3.251630573272705,2.2017149317264555,2.3213123691082003,2.230704313516617
0.1523076923076923,0.08615384615384616,0.020000000000000004,0.020000000000000004,0.35076923076923083,0.08615384615384615,0.28461538461538466,680000000.0,7774000000.0,1.8484504580497743,3.1456991910934446,3.3521250915527343,1.3484155198931693,3.08245596408844,2.068901754617691,2.155977623462677,2.050138405561447
0.1523076923076923,0.08615384615384616,0.020000000000000004,0.020000000000000004,0.35076923076923083,0.08615384615384615,0.28461538461538466,680000000.0,10366000000.0,1.8216547000408172,3.074235808849335,3.2740309262275695,1.3241975623369218,3.0108965635299683,2.016062009334564,2.073736492395401,1.9640580594539643
0.1523076923076923,0.08615384615384616,0.020000000000000004,0.020000000000000004,0.35076923076923083,0.08615384615384615,0.28461538461538466,680000000.0,12958000000.0,1.7665149676799774,3.0281394124031067,3.223855378627777,1.25010613322258,2.9590859627723693,1.9482231605052949,2.0098572409152986,1.897936736345291
0.1523076923076923,0.08615384615384616,0.020000000000000004,0.020000000000000004,0.35076923076923083,0.08615384615384615,0.28461538461538466,680000000.0,15550000000.0,1.7397381913661958,2.993618679046631,3.1934826016426086,1.2288206440210343,2.919246561527252,1.9083298194408416,1.973005895614624,1.8542221546173097
0.1523076923076923,0.08615384615384616,0.020000000000000004,0.020000000000000004,0.35076923076923083,0.08615384615384615,0.28461538461538466,680000000.0,18142000000.0,1.7212406504154205,2.9671865701675415,3.1554377031326295,1.2253047400712966,2.8858383250236512,1.89750137925148,1.9454852259159088,1.8137840461730956
0.1523076923076923,0.08615384615384616,0.020000000000000004,0.020000000000000004,0.35076923076923083,0.08615384615384615,0.28461538461538466,680000000.0,20734000000.0,1.7045660948753356,2.942816343307495,3.1317917561531066,1.2035941231250762,2.8628302812576294,1.8740003943443297,1.9172432017326355,1.7975627946853638
0.1523076923076923,0.08615384615384616,0.020000000000000004,0.020000000000000004,0.35076923076923083,0.08615384615384615,0.28461538461538466,680000000.0,23326000000.0,1.6924094676971435,2.9297057008743286,3.121679890155792,1.1935173958539962,2.850409345626831,1.8613700342178345,1.904422024488449,1.7816212058067322
0.1523076923076923,0.08615384615384616,0.020000000000000004,0.020000000000000004,0.35076923076923083,0.08615384615384615,0.28461538461538466,680000000.0,25918000000.0,1.6902173638343811,2.9154089665412903,3.109183928966522,1.181941269338131,2.832862389087677,1.8527221596240997,1.8879869985580444,1.7588520538806915
0.1523076923076923,0.08615384615384616,0.020000000000000004,0.020000000000000004,0.35076923076923083,0.08615384615384615,0.28461538461538466,680000000.0,25920000000.0,1.6902173638343811,2.9154089665412903,3.109183928966522,1.181941269338131,2.832862389087677,1.8527221596240997,1.8879869985580444,1.7588520538806915
0.2846153846153846,0.08615384615384615,0.15230769230769228,0.08615384615384615,0.08615384615384614,0.2846153846153846,0.02,680000000.0,2590000000.0,2.1804033195972443,3.853588523864746,3.9935803866386412,1.5976331675052642,3.926676709651947,2.338946417570114,3.7115678668022154,2.7810625195503236
0.2846153846153846,0.08615384615384615,0.15230769230769228,0.08615384615384615,0.08615384615384614,0.2846153846153846,0.02,680000000.0,5182000000.0,1.8650332403182983,3.377207455635071,3.4847073316574098,1.266387418806553,3.3825310492515563,1.9654732167720794,3.0162578654289245,2.181412864923477
0.2846153846153846,0.08615384615384615,0.15230769230769228,0.08615384615384615,0.08615384615384614,0.2846153846153846,0.02,680000000.0,7774000000.0,1.7525684320926667,3.2148663115501406,3.320683777332306,1.158098768889904,3.211910457611084,1.8513626039028168,2.8446874904632566,1.9994419705867768
0.2846153846153846,0.08615384615384615,0.15230769230769228,0.08615384615384615,0.08615384615384614,0.2846153846153846,0.02,680000000.0,10366000000.0,1.712153537273407,3.1304157733917237,3.2402770924568176,1.108081604540348,3.125382559299469,1.7979948222637177,2.7081211841106416,1.9027644038200378
0.2846153846153846,0.08615384615384615,0.15230769230769228,0.08615384615384615,0.08615384615384614,0.2846153846153846,0.02,680000000.0,12958000000.0,1.6727815580368042,3.081198658943176,3.1816877841949465,1.0725555694103241,3.0678765869140623,1.750456804037094,2.6133141314983366,1.8438300049304963
0.2846153846153846,0.08615384615384615,0.15230769230769228,0.08615384615384615,0.08615384615384614,0.2846153846153846,0.02,680000000.0,15550000000.0,1.6488204610347748,3.0383427786827086,3.139120283126831,1.0521789249777793,3.0220283842086793,1.7252277112007142,2.5376292657852173,1.7966463911533355
0.2846153846153846,0.08615384615384615,0.15230769230769228,0.08615384615384615,0.08615384615384614,0.2846153846153846,0.02,680000000.0,18142000000.0,1.6358618712425232,3.015576660633087,3.108806109428406,1.0299234867095948,2.9961239004135134,1.7092077207565308,2.510319048166275,1.7697325623035431
0.2846153846153846,0.08615384615384615,0.15230769230769228,0.08615384615384615,0.08615384615384614,0.2846153846153846,0.02,680000000.0,20734000000.0,1.619638751745224,2.9948380279541014,3.085403926372528,1.0211983504891395,2.967067315578461,1.69316211104393,2.466946922540665,1.75128760099411
0.2846153846153846,0.08615384615384615,0.15230769230769228,0.08615384615384615,0.08615384615384614,0.2846153846153846,0.02,680000000.0,23326000000.0,1.604681453704834,2.9798034369945525,3.064799952507019,1.007994624376297,2.9520777893066406,1.6792029631137848,2.4443932580947876,1.7271815633773804
0.2846153846153846,0.08615384615384615,0.15230769230769228,0.08615384615384615,0.08615384615384614,0.2846153846153846,0.02,680000000.0,25918000000.0,1.5980236959457397,2.955216304063797,3.053608725070953,1.0021808072924614,2.935338635444641,1.6673866319656372,2.435184655189514,1.7117927420139312
0.2846153846153846,0.08615384615384615,0.15230769230769228,0.08615384615384615,0.08615384615384614,0.2846153846153846,0.02,680000000.0,25920000000.0,1.5980236959457397,2.955216304063797,3.053608725070953,1.0021808072924614,2.935338635444641,1.6673866319656372,2.435184655189514,1.7117927420139312
0.21846153846153843,0.02,0.02,0.2846153846153846,0.15230769230769228,0.02,0.2846153846153846,680000000.0,2590000000.0,2.3312915909290313,4.148988873958587,4.326611437797546,1.6424757289886474,4.105562648773193,2.761995677947998,3.0293533110618593,3.087954680919647
0.21846153846153843,0.02,0.02,0.2846153846153846,0.15230769230769228,0.02,0.2846153846153846,680000000.0,5182000000.0,1.941092039346695,3.536752655506134,3.6850591897964478,1.2479681167006493,3.4526908707618715,2.273299731016159,2.3915595388412476,2.3205785977840425
0.21846153846153843,0.02,0.02,0.2846153846153846,0.15230769230769228,0.02,0.2846153846153846,680000000.0,7774000000.0,1.8191342902183534,3.3479456996917722,3.513129460811615,1.1275878503918648,3.2557661843299868,2.134780877828598,2.205737565755844,2.12405322432518
0.21846153846153843,0.02,0.02,0.2846153846153846,0.15230769230769228,0.02,0.2846153846153846,680000000.0,10366000000.0,1.761885826587677,3.259011011123657,3.406346182823181,1.0758873721957207,3.1588366293907164,2.056777491569519,2.103268471956253,2.0137829148769377
0.21846153846153843,0.02,0.02,0.2846153846153846,0.15230769230769228,0.02,0.2846153846153846,680000000.0,12958000000.0,1.7275107502937317,3.207833483219147,3.35146986246109,1.0318540459871293,3.102856833934784,2.0060103225708006,2.0392373931407928,1.9546399164199828
0.21846153846153843,0.02,0.02,0.2846153846153846,0.15230769230769228,0.02,0.2846153846153846,680000000.0,15550000000.0,1.7028879702091217,3.1728596329689025,3.323735556602478,1.0101367089152335,3.0655944633483885,1.9591066861152648,2.0039051222801207,1.9055893683433534
0.21846153846153843,0.02,0.02,0.2846153846153846,0.15230769230769228,0.02,0.2846153846153846,680000000.0,18142000000.0,1.6869592571258545,3.136270356178284,3.285311243534088,0.9950890389084815,3.0332343125343324,1.9507794451713563,1.976453014612198,1.8732351911067964
0.21846153846153843,0.02,0.02,0.2846153846153846,0.15230769230769228,0.02,0.2846153846153846,680000000.0,20734000000.0,1.6699781966209413,3.115867068767548,3.2535573077201843,0.9810027113556862,3.0019828367233274,1.9366992950439452,1.949683529138565,1.849938131570816
0.21846153846153843,0.02,0.02,0.2846153846153846,0.15230769230769228,0.02,0.2846153846153846,680000000.0,23326000000.0,1.654654849767685,3.0980158138275145,3.2422100114822388,0.9600563448667526,2.9861172914505003,1.9193023598194123,1.9307607066631318,1.8250885367393495
0.21846153846153843,0.02,0.02,0.2846153846153846,0.15230769230769228,0.02,0.2846153846153846,680000000.0,25918000000.0,1.6529632902145386,3.074098470211029,3.2287066650390623,0.9497207418084145,2.9725953006744383,1.9021238040924073,1.9126803398132324,1.8117190730571746
0.21846153846153843,0.02,0.02,0.2846153846153846,0.15230769230769228,0.02,0.2846153846153846,680000000.0,25920000000.0,1.6529632902145386,3.074098470211029,3.2287066650390623,0.9497207418084145,2.9725953006744383,1.9021238040924073,1.9126803398132324,1.8117190730571746
0.020000000000000004,0.020000000000000004,0.416923076923077,0.020000000000000004,0.3507692307692308,0.020000000000000004,0.1523076923076923,680000000.0,2590000000.0,2.584128189086914,3.7434154415130614,3.7342050957679747,2.113042417764664,3.6400588393211364,2.8908981490135193,2.96508376121521,2.8280361771583555
0.020000000000000004,0.020000000000000004,0.416923076923077,0.020000000000000004,0.3507692307692308,0.020000000000000004,0.1523076923076923,680000000.0,5182000000.0,2.22484494805336,3.3024164509773253,3.2661148381233214,1.5820463281869888,3.1493659663200377,2.3791318011283873,2.4466991174221038,2.21675479888916
0.020000000000000004,0.020000000000000004,0.416923076923077,0.020000000000000004,0.3507692307692308,0.020000000000000004,0.1523076923076923,680000000.0,7774000000.0,2.1356885135173798,3.1555292630195617,3.1174936270713807,1.4963537335395813,2.9944075965881347,2.2914057540893555,2.2776290833950044,2.0551192843914032
0.020000000000000004,0.020000000000000004,0.416923076923077,0.020000000000000004,0.3507692307692308,0.020000000000000004,0.1523076923076923,680000000.0,10366000000.0,2.1309293723106384,3.106566469669342,3.0733678936958313,1.4792071533203126,2.9416755771636964,2.259243950843811,2.2087953078746794,1.9798317384719848
0.020000000000000004,0.020000000000000004,0.416923076923077,0.020000000000000004,0.3507692307692308,0.020000000000000004,0.1523076923076923,680000000.0,12958000000.0,1.9952846026420594,3.0377857756614683,3.0016496849060057,1.319956056177616,2.8740325784683227,2.111732565164566,2.1202736473083497,1.8916990840435028
0.020000000000000004,0.020000000000000004,0.416923076923077,0.020000000000000004,0.3507692307692308,0.020000000000000004,0.1523076923076923,680000000.0,15550000000.0,1.986446441411972,3.0143905520439147,2.9656833004951477,1.3124102374911308,2.8392245602607726,2.111640216112137,2.066848124265671,1.8610790634155274
0.020000000000000004,0.020000000000000004,0.416923076923077,0.020000000000000004,0.3507692307692308,0.020000000000000004,0.1523076923076923,680000000.0,18142000000.0,1.9677548539638519,2.9753682589530945,2.9366639709472655,1.2761690324544908,2.810305132865906,2.0625100564956664,2.036548877954483,1.8213731575012206
0.020000000000000004,0.020000000000000004,0.416923076923077,0.020000000000000004,0.3507692307692308,0.020000000000000004,0.1523076923076923,680000000.0,20734000000.0,1.95011021733284,2.95831086397171,2.9155699038505554,1.2686306843161583,2.786929497718811,2.03495547413826,2.0171247935295105,1.8005014300346374
0.020000000000000004,0.020000000000000004,0.416923076923077,0.020000000000000004,0.3507692307692308,0.020000000000000004,0.1523076923076923,680000000.0,23326000000.0,1.9214308607578277,2.939749052524567,2.9042024040222167,1.2612402948737145,2.7754457211494445,2.036739466190338,1.9933811187744142,1.7850056457519532
0.020000000000000004,0.020000000000000004,0.416923076923077,0.020000000000000004,0.3507692307692308,0.020000000000000004,0.1523076923076923,680000000.0,25918000000.0,1.9089301669597625,2.931148406267166,2.892190759181976,1.2503316247463225,2.763629710674286,2.009112113714218,1.9866630232334137,1.764341378211975
0.020000000000000004,0.020000000000000004,0.416923076923077,0.020000000000000004,0.3507692307692308,0.020000000000000004,0.1523076923076923,680000000.0,25920000000.0,1.9089301669597625,2.931148406267166,2.892190759181976,1.2503316247463225,2.763629710674286,2.009112113714218,1.9866630232334137,1.764341378211975
0.21846153846153848,0.21846153846153848,0.08615384615384616,0.1523076923076923,0.08615384615384616,0.21846153846153848,0.020000000000000004,680000000.0,2590000000.0,2.2168667459487916,3.752762897014618,4.057361209392548,1.5695991337299346,3.950920467376709,2.365939838886261,3.678867177963257,2.834082999229431
0.21846153846153848,0.21846153846153848,0.08615384615384616,0.1523076923076923,0.08615384615384616,0.21846153846153848,0.020000000000000004,680000000.0,5182000000.0,1.9136300277709961,3.317903048992157,3.5766272068023683,1.2446244516968727,3.4418623065948486,2.0193129026889802,3.058200979232788,2.2388675236701965
0.21846153846153848,0.21846153846153848,0.08615384615384616,0.1523076923076923,0.08615384615384616,0.21846153846153848,0.020000000000000004,680000000.0,7774000000.0,1.8020003676414489,3.1498651838302614,3.3850582337379453,1.142397588789463,3.243949990272522,1.8958667957782744,2.8455240678787233,2.034719384908676
0.21846153846153848,0.21846153846153848,0.08615384615384616,0.1523076923076923,0.08615384615384616,0.21846153846153848,0.020000000000000004,680000000.0,10366000000.0,1.7459741997718812,3.0570500326156616,3.2907191061973573,1.0837985715270042,3.1450675249099733,1.831126571893692,2.6880567383766176,1.9317229032516479
0.21846153846153848,0.21846153846153848,0.08615384615384616,0.1523076923076923,0.08615384615384616,0.21846153846153848,0.020000000000000004,680000000.0,12958000000.0,1.7110711717605591,3.0079013776779173,3.232525248527527,1.048515336215496,3.0880156922340394,1.786449271440506,2.6159531915187837,1.8797102129459382
0.21846153846153848,0.21846153846153848,0.08615384615384616,0.1523076923076923,0.08615384615384616,0.21846153846153848,0.020000000000000004,680000000.0,15550000000.0,1.6840722203254699,2.9628404068946836,3.189673376083374,1.0324462589621544,3.0395737171173094,1.7593454468250274,2.5256338465213775,1.8263758385181428
0.21846153846153848,0.21846153846153848,0.08615384615384616,0.1523076923076923,0.08615384615384616,0.21846153846153848,0.020000000000000004,680000000.0,18142000000.0,1.6668206691741942,2.932671047449112,3.1545123744010923,1.0062326496839524,3.012222657203674,1.736173334121704,2.487637598514557,1.7979274415969848
0.21846153846153848,0.21846153846153848,0.08615384615384616,0.1523076923076923,0.08615384615384616,0.21846153846153848,0.020000000000000004,680000000.0,20734000000.0,1.6508047819137572,2.914580456018448,3.1348549270629884,0.9889530444145203,2.9845657181739806,1.7204814732074738,2.456062251329422,1.7715729928016664
0.21846153846153848,0.21846153846153848,0.08615384615384616,0.1523076923076923,0.08615384615384616,0.21846153846153848,0.020000000000000004,680000000.0,23326000000.0,1.637214354276657,2.8956768786907197,3.112602500915527,0.9860447895526886,2.965520989894867,1.709315379858017,2.4367674601078035,1.7448241102695465
0.21846153846153848,0.21846153846153848,0.08615384615384616,0.1523076923076923,0.08615384615384616,0.21846153846153848,0.020000000000000004,680000000.0,25918000000.0,1.6337398612499237,2.878227664232254,3.099587073326111,0.9701419660449028,2.9512904024124147,1.6947102284431457,2.4259821832180024,1.7338481426239014
0.21846153846153848,0.21846153846153848,0.08615384615384616,0.1523076923076923,0.08615384615384616,0.21846153846153848,0.020000000000000004,680000000.0,25920000000.0,1.6337398612499237,2.878227664232254,3.099587073326111,0.9701419660449028,2.9512904024124147,1.6947102284431457,2.4259821832180024,1.7338481426239014
0.21846153846153846,0.08615384615384615,0.08615384615384615,0.15230769230769228,0.08615384615384615,0.2846153846153846,0.08615384615384615,680000000.0,2590000000.0,2.217340704202652,3.8698663401603697,4.074273662567139,1.548786672949791,3.966984763145447,2.336487807035446,3.2194782280921936,2.831597988605499
0.21846153846153846,0.08615384615384615,0.08615384615384615,0.15230769230769228,0.08615384615384615,0.2846153846153846,0.08615384615384615,680000000.0,5182000000.0,1.899156448841095,3.4024347472190857,3.552868330478668,1.2201489469408988,3.4207343578338625,1.966821494102478,2.662017846107483,2.208470561504364
0.21846153846153846,0.08615384615384615,0.08615384615384615,0.15230769230769228,0.08615384615384615,0.2846153846153846,0.08615384615384615,680000000.0,7774000000.0,1.7933192503452302,3.225967228412628,3.3854505395889283,1.131980476975441,3.2408411955833434,1.8660088336467744,2.4670235300064087,2.034056941270828
0.21846153846153846,0.08615384615384615,0.08615384615384615,0.15230769230769228,0.08615384615384615,0.2846153846153846,0.08615384615384615,680000000.0,10366000000.0,1.7364947390556336,3.1371796226501463,3.285464136600494,1.0706735101342202,3.1420213651657103,1.7913837051391601,2.327333256006241,1.9193185186386108
0.21846153846153846,0.08615384615384615,0.08615384615384615,0.15230769230769228,0.08615384615384615,0.2846153846153846,0.08615384615384615,680000000.0,12958000000.0,1.7028755307197572,3.091175889968872,3.2439540433883667,1.0392732512950897,3.0923486661911013,1.7512012565135955,2.2811658906936647,1.8750087070465087
0.21846153846153846,0.08615384615384615,0.08615384615384615,0.15230769230769228,0.08615384615384615,0.2846153846153846,0.08615384615384615,680000000.0,15550000000.0,1.6763578069210052,3.053174695968628,3.1945539784431456,1.0180325031280517,3.052811977863312,1.7238430345058442,2.218897840976715,1.818848135471344
0.21846153846153846,0.08615384615384615,0.08615384615384615,0.15230769230769228,0.08615384615384615,0.2846153846153846,0.08615384615384615,680000000.0,18142000000.0,1.6621439588069915,3.0287633824348448,3.1653516840934754,0.9955260545015335,3.019872691631317,1.7091613566875459,2.1802992594242094,1.7875820875167847
0.21846153846153846,0.08615384615384615,0.08615384615384615,0.15230769230769228,0.08615384615384615,0.2846153846153846,0.08615384615384615,680000000.0,20734000000.0,1.6471968460083009,3.0061789846420286,3.1432225704193115,0.9829279011487961,2.991961216926575,1.6923290085792542,2.1555290853977205,1.7745020031929015
0.21846153846153846,0.08615384615384615,0.08615384615384615,0.15230769230769228,0.08615384615384615,0.2846153846153846,0.08615384615384615,680000000.0,23326000000.0,1.6326609694957732,2.9933992719650266,3.1305905842781065,0.97441162109375,2.982536017894745,1.6798268556594849,2.131473753452301,1.752991614341736
0.21846153846153846,0.08615384615384615,0.08615384615384615,0.15230769230769228,0.08615384615384615,0.2846153846153846,0.08615384615384615,680000000.0,25918000000.0,1.6282405531406403,2.9679711389541628,3.1046720695495607,0.960816217660904,2.958710334300995,1.6673671627044677,2.1143882775306704,1.7381811428070069
0.21846153846153846,0.08615384615384615,0.08615384615384615,0.15230769230769228,0.08615384615384615,0.2846153846153846,0.08615384615384615,680000000.0,25920000000.0,1.6282405531406403,2.9679711389541628,3.1046720695495607,0.960816217660904,2.958710334300995,1.6673671627044677,2.1143882775306704,1.7381811428070069
0.020000000000000004,0.21846153846153848,0.020000000000000004,0.08615384615384615,0.28461538461538466,0.1523076923076923,0.21846153846153848,680000000.0,2590000000.0,2.5385451889038086,3.6838775157928465,3.996491942405701,1.6921938771009446,3.7810049724578856,2.5268972229957583,2.884640142917633,2.8526576828956602
0.020000000000000004,0.21846153846153848,0.020000000000000004,0.08615384615384615,0.28461538461538466,0.1523076923076923,0.21846153846153848,680000000.0,5182000000.0,2.200905158519745,3.2511199641227724,3.514299352169037,1.3235025823116302,3.279044144153595,2.1040937077999113,2.386427356004715,2.240538707971573
0.020000000000000004,0.21846153846153848,0.020000000000000004,0.08615384615384615,0.28461538461538466,0.1523076923076923,0.21846153846153848,680000000.0,7774000000.0,2.0726508367061616,3.0884231400489806,3.359950520992279,1.2096532952785493,3.1060108017921446,1.97446218252182,2.2211376810073853,2.0355089890956877
0.020000000000000004,0.21846153846153848,0.020000000000000004,0.08615384615384615,0.28461538461538466,0.1523076923076923,0.21846153846153848,680000000.0,10366000000.0,1.9974085247516633,3.0055166935920714,3.2740678572654724,1.1614922586083412,3.023917644023895,1.9082054805755615,2.1187852597236634,1.9522622668743133
0.020000000000000004,0.21846153846153848,0.020000000000000004,0.08615384615384615,0.28461538461538466,0.1523076923076923,0.21846153846153848,680000000.0,12958000000.0,1.9690376722812652,2.957979214191437,3.2228635215759276,1.1293444284796714,2.9714620542526244,1.864994604587555,2.056555461883545,1.8865912210941316
0.020000000000000004,0.21846153846153848,0.020000000000000004,0.08615384615384615,0.28461538461538466,0.1523076923076923,0.21846153846153848,680000000.0,15550000000.0,1.9366837334632874,2.930166788101196,3.1996042132377625,1.097842623591423,2.9403084349632262,1.830171754360199,2.0227861511707306,1.8520691168308259
0.020000000000000004,0.21846153846153848,0.020000000000000004,0.08615384615384615,0.28461538461538466,0.1523076923076923,0.21846153846153848,680000000.0,18142000000.0,1.9325502717494965,2.9006652879714965,3.16013263463974,1.0806633678078652,2.904001488685608,1.8164114546775818,1.992976771593094,1.818834615945816
0.020000000000000004,0.21846153846153848,0.020000000000000004,0.08615384615384615,0.28461538461538466,0.1523076923076923,0.21846153846153848,680000000.0,20734000000.0,1.90988396525383,2.8790601539611815,3.134380187988281,1.0710195955634116,2.8801091575622557,1.7948378098011017,1.9667052900791169,1.7901894378662109
0.020000000000000004,0.21846153846153848,0.020000000000000004,0.08615384615384615,0.28461538461538466,0.1523076923076923,0.21846153846153848,680000000.0,23326000000.0,1.8754036712646485,2.8586567878723144,3.1180504250526426,1.0603799977898598,2.8596479725837707,1.7815726172924042,1.944550302028656,1.7725831043720246
0.020000000000000004,0.21846153846153848,0.020000000000000004,0.08615384615384615,0.28461538461538466,0.1523076923076923,0.21846153846153848,680000000.0,25918000000.0,1.8644290101528167,2.8522827196121217,3.1090361070632935,1.0491536024212837,2.8466017413139344,1.7738825297355652,1.9274741125106811,1.7529767870903015
0.020000000000000004,0.21846153846153848,0.020000000000000004,0.08615384615384615,0.28461538461538466,0.1523076923076923,0.21846153846153848,680000000.0,25920000000.0,1.8644290101528167,2.8522827196121217,3.1090361070632935,1.0491536024212837,2.8466017413139344,1.7738825297355652,1.9274741125106811,1.7529767870903015
0.2846153846153846,0.08615384615384615,0.15230769230769228,0.08615384615384615,0.15230769230769228,0.02,0.21846153846153843,680000000.0,2590000000.0,2.2212005150318146,3.8064857172966002,3.971217062473297,1.8444169533252717,3.8558375024795533,2.847448184490204,2.9148533582687377,2.900117657184601
0.2846153846153846,0.08615384615384615,0.15230769230769228,0.08615384615384615,0.15230769230769228,0.02,0.21846153846153843,680000000.0,5182000000.0,1.9097716426849365,3.3656913232803345,3.4848406529426574,1.4073776751756668,3.342178647518158,2.3441891193389894,2.4234077525138855,2.275091850757599
0.2846153846153846,0.08615384615384615,0.15230769230769228,0.08615384615384615,0.15230769230769228,0.02,0.21846153846153843,680000000.0,7774000000.0,1.7853239226341246,3.1882204723358156,3.312713131904602,1.2634302136301994,3.160628159046173,2.1839746725559235,2.2434251523017883,2.0618914484977724
0.2846153846153846,0.08615384615384615,0.15230769230769228,0.08615384615384615,0.15230769230769228,0.02,0.21846153846153843,680000000.0,10366000000.0,1.7408580410480499,3.100771884918213,3.2241421484947206,1.2080210000276566,3.0715868711471557,2.1215493857860563,2.1355143451690672,1.9621053302288056
0.2846153846153846,0.08615384615384615,0.15230769230769228,0.08615384615384615,0.15230769230769228,0.02,0.21846153846153843,680000000.0,12958000000.0,1.6986065542697906,3.052623589038849,3.166322422027588,1.1662066820263863,3.0119643950462343,2.0467299044132234,2.07306938290596,1.8933280539512634
0.2846153846153846,0.08615384615384615,0.15230769230769228,0.08615384615384615,0.15230769230769228,0.02,0.21846153846153843,680000000.0,15550000000.0,1.6733214461803436,3.0110949897766113,3.1285444784164427,1.1447865369915962,2.9732076072692872,2.016682462692261,2.0324491930007933,1.8612039601802826
0.2846153846153846,0.08615384615384615,0.15230769230769228,0.08615384615384615,0.15230769230769228,0.02,0.21846153846153843,680000000.0,18142000000.0,1.6594302308559419,2.9893134593963624,3.096858057975769,1.1124064657092094,2.9445020246505735,1.9871026813983916,2.0079935073852537,1.8240494620800018
0.2846153846153846,0.08615384615384615,0.15230769230769228,0.08615384615384615,0.15230769230769228,0.02,0.21846153846153843,680000000.0,20734000000.0,1.6419039452075959,2.9694025182723998,3.074870018959045,1.1065855807065963,2.9184696221351625,1.9829912400245666,1.976695294380188,1.8029291641712188
0.2846153846153846,0.08615384615384615,0.15230769230769228,0.08615384615384615,0.15230769230769228,0.02,0.21846153846153843,680000000.0,23326000000.0,1.630645718574524,2.9557273495197296,3.0558829712867737,1.0926858639717103,2.903380868434906,1.9662228953838348,1.9590614426136017,1.7773837852478027
0.2846153846153846,0.08615384615384615,0.15230769230769228,0.08615384615384615,0.15230769230769228,0.02,0.21846153846153843,680000000.0,25918000000.0,1.6218668925762176,2.9328093791007994,3.044158787727356,1.091766364276409,2.8872593307495116,1.965848014354706,1.940320030450821,1.7656023573875428
0.2846153846153846,0.08615384615384615,0.15230769230769228,0.08615384615384615,0.15230769230769228,0.02,0.21846153846153843,680000000.0,25920000000.0,1.6218668925762176,2.9328093791007994,3.044158787727356,1.091766364276409,2.8872593307495116,1.965848014354706,1.940320030450821,1.7656023573875428
0.28461538461538466,0.21846153846153848,0.08615384615384618,0.08615384615384616,0.08615384615384616,0.21846153846153848,0.020000000000000004,680000000.0,2590000000.0,2.1914534866809845,3.749571883678436,4.054864070415497,1.6416859012842178,3.9506961369514464,2.3929741275310517,3.686839475631714,2.837834973335266
0.28461538461538466,0.21846153846153848,0.08615384615384618,0.08615384615384616,0.08615384615384616,0.21846153846153848,0.020000000000000004,680000000.0,5182000000.0,1.8891270506381987,3.3057826924324036,3.566009485721588,1.3061793342232704,3.4308778166770937,2.0293420577049255,3.0459423208236696,2.236889731884003
0.28461538461538466,0.21846153846153848,0.08615384615384618,0.08615384615384616,0.08615384615384616,0.21846153846153848,0.020000000000000004,680000000.0,7774000000.0,1.7701687443256378,3.14683012008667,3.3715923404693604,1.2016529873013497,3.23425035238266,1.9069244980812072,2.8485400104522705,2.0334324550628664
0.28461538461538466,0.21846153846153848,0.08615384615384618,0.08615384615384616,0.08615384615384616,0.21846153846153848,0.020000000000000004,680000000.0,10366000000.0,1.7240027320384979,3.0604206824302675,3.2805902433395384,1.1436703598499298,3.142590067386627,1.8465159130096436,2.6958952832221983,1.9333018505573272
0.28461538461538466,0.21846153846153848,0.08615384615384618,0.08615384615384616,0.08615384615384616,0.21846153846153848,0.020000000000000004,680000000.0,12958000000.0,1.6799023807048798,2.998786282539368,3.220025947093964,1.0959353318810463,3.076891374588013,1.7929795598983764,2.587881760597229,1.8587535560131072
0.28461538461538466,0.21846153846153848,0.08615384615384618,0.08615384615384616,0.08615384615384616,0.21846153846153848,0.020000000000000004,680000000.0,15550000000.0,1.656917198896408,2.9597771227359773,3.1827534651756286,1.0656573963165283,3.0316322660446167,1.7618909001350402,2.527715413570404,1.8146774435043336
0.28461538461538466,0.21846153846153848,0.08615384615384618,0.08615384615384616,0.08615384615384616,0.21846153846153848,0.020000000000000004,680000000.0,18142000000.0,1.6430133199691772,2.931597752571106,3.1559544229507446,1.052220651805401,3.0111227941513063,1.7449027025699615,2.48734410405159,1.794173183441162
0.28461538461538466,0.21846153846153848,0.08615384615384618,0.08615384615384616,0.08615384615384616,0.21846153846153848,0.020000000000000004,680000000.0,20734000000.0,1.6285986328125,2.91361833691597,3.1323525166511534,1.0372933262586594,2.984347286224365,1.7334759390354157,2.4530872452259063,1.7708114027976989
0.28461538461538466,0.21846153846153848,0.08615384615384618,0.08615384615384616,0.08615384615384616,0.21846153846153848,0.020000000000000004,680000000.0,23326000000.0,1.6132521736621857,2.894445403814316,3.1075006341934204,1.0278006395697594,2.96062534570694,1.7167604792118072,2.4370093750953674,1.748037610054016
0.28461538461538466,0.21846153846153848,0.08615384615384618,0.08615384615384616,0.08615384615384616,0.21846153846153848,0.020000000000000004,680000000.0,25918000000.0,1.6044132220745086,2.876660978794098,3.093124043941498,1.0163143503665923,2.9469210577011107,1.7009691441059112,2.424544279575348,1.7343764102458954
0.28461538461538466,0.21846153846153848,0.08615384615384618,0.08615384615384616,0.08615384615384616,0.21846153846153848,0.020000000000000004,680000000.0,25920000000.0,1.6044132220745086,2.876660978794098,3.093124043941498,1.0163143503665923,2.9469210577011107,1.7009691441059112,2.424544279575348,1.7343764102458954
0.21846153846153848,0.08615384615384614,0.15230769230769234,0.08615384615384614,0.1523076923076923,0.1523076923076923,0.15230769230769228,680000000.0,2590000000.0,2.2337912940979003,3.806582627296448,3.962401075363159,1.6742775338888167,3.851655459403992,2.474805325269699,3.0263388395309447,2.8055522775650026
0.21846153846153848,0.08615384615384614,0.15230769230769234,0.08615384615384614,0.1523076923076923,0.1523076923076923,0.15230769230769228,680000000.0,5182000000.0,1.911279296875,3.342599503993988,3.4537190771102906,1.3155607870221138,3.316782886981964,2.07043772816658,2.4946778094768525,2.185594961643219
0.21846153846153848,0.08615384615384614,0.15230769230769234,0.08615384615384614,0.1523076923076923,0.1523076923076923,0.15230769230769228,680000000.0,7774000000.0,1.7964908719062804,3.163701355457306,3.2798527836799622,1.2024406480789185,3.1367330026626585,1.9520513939857482,2.2967207157611846,2.0017626023292543
0.21846153846153848,0.08615384615384614,0.15230769230769234,0.08615384615384614,0.1523076923076923,0.1523076923076923,0.15230769230769228,680000000.0,10366000000.0,1.7401161074638367,3.0858474802970886,3.1942915987968443,1.1416679045557976,3.0474519181251525,1.8735464763641358,2.189786139726639,1.9018299436569215
0.21846153846153848,0.08615384615384614,0.15230769230769234,0.08615384615384614,0.1523076923076923,0.1523076923076923,0.15230769230769228,680000000.0,12958000000.0,1.7090633261203765,3.043192148208618,3.1530395698547364,1.1082997941970825,3.003764183521271,1.8303216004371643,2.136669626235962,1.854036568403244
0.21846153846153848,0.08615384615384614,0.15230769230769234,0.08615384615384614,0.1523076923076923,0.1523076923076923,0.15230769230769228,680000000.0,15550000000.0,1.6850078368186951,3.0060681986808775,3.109188153743744,1.0834481093287467,2.962735161781311,1.8094110298156738,2.08402024269104,1.8105315232276917
0.21846153846153848,0.08615384615384614,0.15230769230769234,0.08615384615384614,0.1523076923076923,0.1523076923076923,0.15230769230769228,680000000.0,18142000000.0,1.6702846443653108,2.984542577266693,3.081559319496155,1.0600024038553237,2.934804174900055,1.7892701935768127,2.0551630425453187,1.7755816054344178
0.21846153846153848,0.08615384615384614,0.15230769230769234,0.08615384615384614,0.1523076923076923,0.1523076923076923,0.15230769230769228,680000000.0,20734000000.0,1.6548124647140503,2.963593318462372,3.061017804145813,1.0517521062493325,2.9102734756469726,1.7693574154376983,2.035734088420868,1.7614477670192719
0.21846153846153848,0.08615384615384614,0.15230769230769234,0.08615384615384614,0.1523076923076923,0.1523076923076923,0.15230769230769228,680000000.0,23326000000.0,1.6397740983963012,2.947732698917389,3.0408936524391175,1.0389946988224983,2.8915079283714293,1.7609307324886323,2.0093671679496765,1.7308892655372619
0.21846153846153848,0.08615384615384614,0.15230769230769234,0.08615384615384614,0.1523076923076923,0.1523076923076923,0.15230769230769228,680000000.0,25918000000.0,1.6379579079151154,2.9295627558231354,3.0277891325950623,1.031781325340271,2.8795975136756895,1.7441300654411316,2.0000087249279024,1.7180188179016114
0.21846153846153848,0.08615384615384614,0.15230769230769234,0.08615384615384614,0.1523076923076923,0.1523076923076923,0.15230769230769228,680000000.0,25920000000.0,1.6379579079151154,2.9295627558231354,3.0277891325950623,1.031781325340271,2.8795975136756895,1.7441300654411316,2.0000087249279024,1.7180188179016114
0.1523076923076923,0.1523076923076923,0.21846153846153848,0.08615384615384616,0.1523076923076923,0.21846153846153848,0.020000000000000004,680000000.0,2590000000.0,2.265663856267929,3.7478194522857664,3.899342873096466,1.6222382348775863,3.820406205654144,2.3835598361492156,3.658125536441803,2.7485336756706236
0.1523076923076923,0.1523076923076923,0.21846153846153848,0.08615384615384616,0.1523076923076923,0.21846153846153848,0.020000000000000004,680000000.0,5182000000.0,1.9408419358730316,3.2815257787704466,3.4028611946105958,1.2852083718776703,3.2929843401908876,2.011351956129074,2.988526470661163,2.164382680654526
0.1523076923076923,0.1523076923076923,0.21846153846153848,0.08615384615384616,0.1523076923076923,0.21846153846153848,0.020000000000000004,680000000.0,7774000000.0,1.8229141986370088,3.113242905139923,3.2311999201774597,1.1732210701704024,3.1141805052757263,1.8880205523967744,2.7947335124015806,1.9713645148277283
0.1523076923076923,0.1523076923076923,0.21846153846153848,0.08615384615384616,0.1523076923076923,0.21846153846153848,0.020000000000000004,680000000.0,10366000000.0,1.772173237800598,3.0310506510734556,3.1478275227546693,1.1192326885461807,3.029048409461975,1.828612470626831,2.6503588974475862,1.8708101201057434
0.1523076923076923,0.1523076923076923,0.21846153846153848,0.08615384615384616,0.1523076923076923,0.21846153846153848,0.020000000000000004,680000000.0,12958000000.0,1.7376192820072174,2.9926981806755064,3.098903431892395,1.0870335373282431,2.9774760007858276,1.7846001875400543,2.555947139263153,1.8153602766990662
0.1523076923076923,0.1523076923076923,0.21846153846153848,0.08615384615384616,0.1523076923076923,0.21846153846153848,0.020000000000000004,680000000.0,15550000000.0,1.7122433042526246,2.9564183354377747,3.059357249736786,1.0670365700125695,2.9363335013389587,1.759276361465454,2.4965965759754183,1.7830334293842316
0.1523076923076923,0.1523076923076923,0.21846153846153848,0.08615384615384616,0.1523076923076923,0.21846153846153848,0.020000000000000004,680000000.0,18142000000.0,1.6966519916057587,2.9341416645050047,3.0338248467445372,1.0424466070532799,2.9124826216697692,1.740659704208374,2.467559529542923,1.752850683927536
0.1523076923076923,0.1523076923076923,0.21846153846153848,0.08615384615384616,0.1523076923076923,0.21846153846153848,0.020000000000000004,680000000.0,20734000000.0,1.6818274295330047,2.909124997854233,3.0121127724647523,1.0343350824713706,2.8880179953575134,1.7257671964168548,2.4325840675830843,1.7330779600143433
0.1523076923076923,0.1523076923076923,0.21846153846153848,0.08615384615384616,0.1523076923076923,0.21846153846153848,0.020000000000000004,680000000.0,23326000000.0,1.6670700311660767,2.891829625368118,2.9955530738830567,1.0217861625552178,2.872389998435974,1.7119730508327484,2.404456298351288,1.7186880922317505
0.1523076923076923,0.1523076923076923,0.21846153846153848,0.08615384615384616,0.1523076923076923,0.21846153846153848,0.020000000000000004,680000000.0,25918000000.0,1.6640170061588286,2.8760344088077545,2.9810635352134707,1.0185082238912582,2.858159694671631,1.7020431995391845,2.4001956474781037,1.6991265952587127
0.1523076923076923,0.1523076923076923,0.21846153846153848,0.08615384615384616,0.1523076923076923,0.21846153846153848,0.020000000000000004,680000000.0,25920000000.0,1.6640170061588286,2.8760344088077545,2.9810635352134707,1.0185082238912582,2.858159694671631,1.7020431995391845,2.4001956474781037,1.6991265952587127
0.08615384615384616,0.1523076923076923,0.1523076923076923,0.21846153846153848,0.21846153846153848,0.08615384615384616,0.08615384615384615,680000000.0,2590000000.0,2.370218609571457,3.728836076259613,3.923336606025696,1.5610374277830124,3.7998784804344177,2.4911251318454743,3.1766455483436586,2.8025104570388795
0.08615384615384616,0.1523076923076923,0.1523076923076923,0.21846153846153848,0.21846153846153848,0.08615384615384616,0.08615384615384615,680000000.0,5182000000.0,2.0332303428649903,3.281349387168884,3.423583116531372,1.2515753936767577,3.2800169706344606,2.1195203685760498,2.626312439441681,2.193970180749893
0.08615384615384616,0.1523076923076923,0.1523076923076923,0.21846153846153848,0.21846153846153848,0.08615384615384616,0.08615384615384615,680000000.0,7774000000.0,1.9020957016944886,3.1042297101020813,3.252320227622986,1.1292092481255531,3.099533746242523,1.991861982345581,2.4198244988918303,2.0022665107250215
0.08615384615384616,0.1523076923076923,0.1523076923076923,0.21846153846153848,0.21846153846153848,0.08615384615384616,0.08615384615384615,680000000.0,10366000000.0,1.8441638922691346,3.032719278335571,3.17266316652298,1.0817913141846658,3.0175315809249876,1.9284597778320312,2.28983084321022,1.9156552708148957
0.08615384615384616,0.1523076923076923,0.1523076923076923,0.21846153846153848,0.21846153846153848,0.08615384615384616,0.08615384615384615,680000000.0,12958000000.0,1.8096337366104125,2.9870822620391846,3.1249872279167175,1.0491798630356788,2.962975082397461,1.8806383800506592,2.237302700281143,1.8518047392368318
0.08615384615384616,0.1523076923076923,0.1523076923076923,0.21846153846153848,0.21846153846153848,0.08615384615384616,0.08615384615384615,680000000.0,15550000000.0,1.783679494857788,2.9508431231975556,3.0829430341720583,1.0255118295550347,2.923534073829651,1.8525150740146636,2.1835100054740906,1.8138775062561034
0.08615384615384616,0.1523076923076923,0.1523076923076923,0.21846153846153848,0.21846153846153848,0.08615384615384616,0.08615384615384615,680000000.0,18142000000.0,1.7741179955005646,2.9284002840518952,3.0630913257598875,0.9980324205756187,2.902921061515808,1.8305223715305328,2.152633570432663,1.788217885494232
0.08615384615384616,0.1523076923076923,0.1523076923076923,0.21846153846153848,0.21846153846153848,0.08615384615384616,0.08615384615384615,680000000.0,20734000000.0,1.75005384683609,2.9060926175117494,3.0396001815795897,0.9885700207948684,2.875618665218353,1.8148300802707673,2.1278609824180603,1.7629706633090974
0.08615384615384616,0.1523076923076923,0.1523076923076923,0.21846153846153848,0.21846153846153848,0.08615384615384616,0.08615384615384615,680000000.0,23326000000.0,1.7296059453487396,2.889359269142151,3.024472677707672,0.9772483998537064,2.8623233962059023,1.796515966653824,2.099515814781189,1.740842694044113
0.08615384615384616,0.1523076923076923,0.1523076923076923,0.21846153846153848,0.21846153846153848,0.08615384615384616,0.08615384615384615,680000000.0,25918000000.0,1.729106913805008,2.870109421014786,3.002833902835846,0.9677404034137725,2.8440417408943177,1.7846153259277344,2.083636295795441,1.7225146579742432
0.08615384615384616,0.1523076923076923,0.1523076923076923,0.21846153846153848,0.21846153846153848,0.08615384615384616,0.08615384615384615,680000000.0,25920000000.0,1.729106913805008,2.870109421014786,3.002833902835846,0.9677404034137725,2.8440417408943177,1.7846153259277344,2.083636295795441,1.7225146579742432
0.020000000000000004,0.1523076923076923,0.41692307692307695,0.21846153846153848,0.020000000000000004,0.1523076923076923,0.020000000000000004,680000000.0,2590000000.0,2.5142280662059786,3.7397125959396362,3.8357725048065188,1.5516540029644965,3.835507116317749,2.415108859539032,3.6530329990386963,2.7742454743385316
0.020000000000000004,0.1523076923076923,0.41692307692307695,0.21846153846153848,0.020000000000000004,0.1523076923076923,0.020000000000000004,680000000.0,5182000000.0,2.184174181222916,3.2996300506591796,3.3618628859519957,1.2323124465346336,3.340324366092682,2.0514050769805907,2.991952707767487,2.1969911992549895
0.020000000000000004,0.1523076923076923,0.41692307692307695,0.21846153846153848,0.020000000000000004,0.1523076923076923,0.020000000000000004,680000000.0,7774000000.0,2.0537815999984743,3.113304488658905,3.176505081653595,1.118664665222168,3.148908109664917,1.9256129801273345,2.7940196657180785,1.9911546361446382
0.020000000000000004,0.1523076923076923,0.41692307692307695,0.21846153846153848,0.020000000000000004,0.1523076923076923,0.020000000000000004,680000000.0,10366000000.0,1.9802014696598054,3.0369965958595277,3.092075960636139,1.062932162284851,3.0639677453041076,1.8523044335842132,2.6412585151195525,1.8942795157432557
0.020000000000000004,0.1523076923076923,0.41692307692307695,0.21846153846153848,0.020000000000000004,0.1523076923076923,0.020000000000000004,680000000.0,12958000000.0,1.941122840642929,2.9932215428352356,3.047002182006836,1.0250280112028123,3.009961175918579,1.8132906758785248,2.5697295653820036,1.843932899236679
0.020000000000000004,0.1523076923076923,0.41692307692307695,0.21846153846153848,0.020000000000000004,0.1523076923076923,0.020000000000000004,680000000.0,15550000000.0,1.918962117433548,2.9605574238300325,3.0163489055633543,1.0088614970445633,2.9803143692016603,1.7908789908885956,2.513355293273926,1.8070625579357147
0.020000000000000004,0.1523076923076923,0.41692307692307695,0.21846153846153848,0.020000000000000004,0.1523076923076923,0.020000000000000004,680000000.0,18142000000.0,1.911923246383667,2.929493135213852,2.9857072830200195,0.9850306686758995,2.951206147670746,1.7694398009777068,2.474307882785797,1.776300971508026
0.020000000000000004,0.1523076923076923,0.41692307692307695,0.21846153846153848,0.020000000000000004,0.1523076923076923,0.020000000000000004,680000000.0,20734000000.0,1.898190996646881,2.914219310283661,2.9678881406784057,0.974241647720337,2.927718162536621,1.7557389259338378,2.4469301986694334,1.7504885971546174
0.020000000000000004,0.1523076923076923,0.41692307692307695,0.21846153846153848,0.020000000000000004,0.1523076923076923,0.020000000000000004,680000000.0,23326000000.0,1.8605853629112243,2.8894175016880035,2.951942024230957,0.9691649344563484,2.911516797542572,1.7393798279762267,2.413465437889099,1.7425655007362366
0.020000000000000004,0.1523076923076923,0.41692307692307695,0.21846153846153848,0.020000000000000004,0.1523076923076923,0.020000000000000004,680000000.0,25918000000.0,1.8454399478435517,2.882052457332611,2.9327119612693786,0.9559207743406296,2.89108775138855,1.725927895307541,2.4069602847099305,1.7160857439041137
0.020000000000000004,0.1523076923076923,0.41692307692307695,0.21846153846153848,0.020000000000000004,0.1523076923076923,0.020000000000000004,680000000.0,25920000000.0,1.8454399478435517,2.882052457332611,2.9327119612693786,0.9559207743406296,2.89108775138855,1.725927895307541,2.4069602847099305,1.7160857439041137
0.1523076923076923,0.020000000000000004,0.21846153846153848,0.08615384615384615,0.1523076923076923,0.1523076923076923,0.21846153846153848,680000000.0,2590000000.0,2.375433175563812,4.001257545948029,4.083973453044892,1.7805261361598967,3.9690318870544434,2.6246689772605896,3.142057979106903,2.986037437915802
0.1523076923076923,0.020000000000000004,0.21846153846153848,0.08615384615384615,0.1523076923076923,0.1523076923076923,0.21846153846153848,680000000.0,5182000000.0,1.9610035610198975,3.4107971358299256,3.4189102816581727,1.3243060624599456,3.301557619571686,2.082838841676712,2.3963002598285676,2.189683713912964
0.1523076923076923,0.020000000000000004,0.21846153846153848,0.08615384615384615,0.1523076923076923,0.1523076923076923,0.21846153846153848,680000000.0,7774000000.0,1.83543679356575,3.2445592045783997,3.252317552566528,1.2055308470129966,3.1260993218421937,1.9496790385246277,2.2273605597019195,2.0030746233463286
0.1523076923076923,0.020000000000000004,0.21846153846153848,0.08615384615384615,0.1523076923076923,0.1523076923076923,0.21846153846153848,680000000.0,10366000000.0,1.7807180964946747,3.155676774978638,3.1587144684791566,1.1431177020072938,3.0342725563049315,1.8740681767463685,2.1159108304977416,1.8996538734436035
0.1523076923076923,0.020000000000000004,0.21846153846153848,0.08615384615384615,0.1523076923076923,0.1523076923076923,0.21846153846153848,680000000.0,12958000000.0,1.748102376461029,3.114205937385559,3.1180845212936403,1.115602586567402,2.9891965341567994,1.836413288116455,2.062536907196045,1.8534444153308869
0.1523076923076923,0.020000000000000004,0.21846153846153848,0.08615384615384615,0.1523076923076923,0.1523076923076923,0.21846153846153848,680000000.0,15550000000.0,1.7232805037498473,3.0828411841392516,3.080471076965332,1.0861276018619537,2.9547205853462217,1.8043495202064515,2.024565337896347,1.809939012527466
0.1523076923076923,0.020000000000000004,0.21846153846153848,0.08615384615384615,0.1523076923076923,0.1523076923076923,0.21846153846153848,680000000.0,18142000000.0,1.7070535945892333,3.05266818523407,3.0539052963256834,1.0731757533550264,2.9226454162597655,1.7927590703964233,1.9999681973457337,1.7810534298419953
0.1523076923076923,0.020000000000000004,0.21846153846153848,0.08615384615384615,0.1523076923076923,0.1523076923076923,0.21846153846153848,680000000.0,20734000000.0,1.6923239314556122,3.028910984992981,3.0305705857276917,1.0542097732424736,2.8995025825500487,1.7713434207439422,1.9726628983020782,1.7533175837993622
0.1523076923076923,0.020000000000000004,0.21846153846153848,0.08615384615384615,0.1523076923076923,0.1523076923076923,0.21846153846153848,680000000.0,23326000000.0,1.6782392156124115,3.02162850856781,3.019764294624329,1.0444014823436738,2.888046679496765,1.7603162956237792,1.9541933155059814,1.7400910019874574
0.1523076923076923,0.020000000000000004,0.21846153846153848,0.08615384615384615,0.1523076923076923,0.1523076923076923,0.21846153846153848,680000000.0,25918000000.0,1.675163482427597,3.005480923652649,2.995880076885223,1.03953017860651,2.86799551486969,1.7526997017860413,1.9351864898204802,1.7210859727859498
0.1523076923076923,0.020000000000000004,0.21846153846153848,0.08615384615384615,0.1523076923076923,0.1523076923076923,0.21846153846153848,680000000.0,25920000000.0,1.675163482427597,3.005480923652649,2.995880076885223,1.03953017860651,2.86799551486969,1.7526997017860413,1.9351864898204802,1.7210859727859498
0.02,0.08615384615384615,0.4169230769230769,0.08615384615384615,0.08615384615384614,0.02,0.2846153846153846,680000000.0,2590000000.0,2.5939404261112213,3.7405635571479796,3.8005034255981447,1.8213317394256592,3.757674443721771,2.807223312854767,2.81128497838974,2.857451319694519
0.02,0.08615384615384615,0.4169230769230769,0.08615384615384615,0.08615384615384614,0.02,0.2846153846153846,680000000.0,5182000000.0,2.2455472922325135,3.294850525856018,3.3250122261047363,1.3996562460064887,3.2539415764808655,2.33002476811409,2.314937114715576,2.241763412952423
0.02,0.08615384615384615,0.4169230769230769,0.08615384615384615,0.08615384615384614,0.02,0.2846153846153846,680000000.0,7774000000.0,2.1236831414699555,3.1240636825561525,3.1612712216377257,1.2563622280955316,3.084441928863525,2.1859776759147644,2.152095196247101,2.055871869325638
0.02,0.08615384615384615,0.4169230769230769,0.08615384615384615,0.08615384615384614,0.02,0.2846153846153846,680000000.0,10366000000.0,2.0289237666130067,3.045528221130371,3.0824701380729675,1.1983627369999885,3.002462294101715,2.1017135167121888,2.055938845872879,1.9494066178798675
0.02,0.08615384615384615,0.4169230769230769,0.08615384615384615,0.08615384615384614,0.02,0.2846153846153846,680000000.0,12958000000.0,1.9884137976169587,3.001167812347412,3.0365158915519714,1.1673138520121575,2.9565579199790957,2.0544254291057586,1.9980975878238678,1.8908614492416382
0.02,0.08615384615384615,0.4169230769230769,0.08615384615384615,0.08615384615384614,0.02,0.2846153846153846,680000000.0,15550000000.0,1.9706314539909362,2.9680764734745027,3.001860535144806,1.1468461087346078,2.919059054851532,2.012206838130951,1.9644526505470277,1.8525366461277009
0.02,0.08615384615384615,0.4169230769230769,0.08615384615384615,0.08615384615384614,0.02,0.2846153846153846,680000000.0,18142000000.0,1.9770766127109527,2.9460522651672365,2.974018406867981,1.1171905037760734,2.894617409706116,2.0053683412075043,1.9406286513805389,1.8260476088523865
0.02,0.08615384615384615,0.4169230769230769,0.08615384615384615,0.08615384615384614,0.02,0.2846153846153846,680000000.0,20734000000.0,1.9841179001331328,2.9293571281433106,2.9556483793258668,1.1100021582841872,2.871578133106232,1.991448291540146,1.9171594321727752,1.8070951068401337
0.02,0.08615384615384615,0.4169230769230769,0.08615384615384615,0.08615384615384614,0.02,0.2846153846153846,680000000.0,23326000000.0,1.9072924494743346,2.907730087041855,2.945081839561462,1.0971222195029258,2.8618674993515016,1.9743468940258027,1.9019111132621764,1.79221635222435
0.02,0.08615384615384615,0.4169230769230769,0.08615384615384615,0.08615384615384614,0.02,0.2846153846153846,680000000.0,25918000000.0,1.8989451956748962,2.9003173685073853,2.9266468143463134,1.096839720606804,2.844892156124115,1.9631339716911316,1.8848536968231202,1.7711746549606324
0.02,0.08615384615384615,0.4169230769230769,0.08615384615384615,0.08615384615384614,0.02,0.2846153846153846,680000000.0,25920000000.0,1.8989451956748962,2.9003173685073853,2.9266468143463134,1.096839720606804,2.844892156124115,1.9631339716911316,1.8848536968231202,1.7711746549606324
0.08615384615384615,0.08615384615384615,0.28461538461538466,0.020000000000000004,0.08615384615384615,0.28461538461538466,0.1523076923076923,680000000.0,2590000000.0,2.3365152215957643,3.7492132139205934,3.8604332637786865,1.746477621793747,3.803351674079895,2.3701502084732056,2.997220423221588,2.7579562211036683
0.08615384615384615,0.08615384615384615,0.28461538461538466,0.020000000000000004,0.08615384615384615,0.28461538461538466,0.1523076923076923,680000000.0,5182000000.0,2.002638431787491,3.308995041847229,3.369310097694397,1.3561574187874794,3.289250681400299,1.9802867686748504,2.469697906970978,2.15945526599884
0.08615384615384615,0.08615384615384615,0.28461538461538466,0.020000000000000004,0.08615384615384615,0.28461538461538466,0.1523076923076923,680000000.0,7774000000.0,1.8858769345283508,3.1439107561111452,3.2119681096076964,1.2572918584942818,3.124058084487915,1.8699921095371246,2.2883301162719727,1.9788364505767821
0.08615384615384615,0.08615384615384615,0.28461538461538466,0.020000000000000004,0.08615384615384615,0.28461538461538466,0.1523076923076923,680000000.0,10366000000.0,1.8268416953086852,3.075032043457031,3.131224114894867,1.20140498816967,3.0442435455322268,1.8051668798923493,2.1877678239345553,1.8911960685253144
0.08615384615384615,0.08615384615384615,0.28461538461538466,0.020000000000000004,0.08615384615384615,0.28461538461538466,0.1523076923076923,680000000.0,12958000000.0,1.793000771999359,3.02635772228241,3.0906356024742125,1.1557419809699059,2.997549731731415,1.76286762714386,2.1286683893203735,1.8376766526699067
0.08615384615384615,0.08615384615384615,0.28461538461538466,0.020000000000000004,0.08615384615384615,0.28461538461538466,0.1523076923076923,680000000.0,15550000000.0,1.7676284217834473,2.9911160850524903,3.048699791431427,1.1398928251862526,2.9572592544555665,1.7467564451694488,2.077938725948334,1.7976472318172454
0.08615384615384615,0.08615384615384615,0.28461538461538466,0.020000000000000004,0.08615384615384615,0.28461538461538466,0.1523076923076923,680000000.0,18142000000.0,1.7565490329265594,2.9631300735473634,3.0205466866493227,1.1239168593287467,2.9262202048301695,1.7264508628845214,2.0497987556457518,1.7664587354660035
0.08615384615384615,0.08615384615384615,0.28461538461538466,0.020000000000000004,0.08615384615384615,0.28461538461538466,0.1523076923076923,680000000.0,20734000000.0,1.7352647483348846,2.946463176012039,3.0013922333717344,1.1138689675927163,2.9059874749183656,1.7081572449207305,2.0321131849288943,1.7494804298877715
0.08615384615384615,0.08615384615384615,0.28461538461538466,0.020000000000000004,0.08615384615384615,0.28461538461538466,0.1523076923076923,680000000.0,23326000000.0,1.7176648783683777,2.9271020710468294,2.9839242100715637,1.102029460966587,2.8889270782470704,1.7003448331356048,2.0048882746696473,1.7265435719490052
0.08615384615384615,0.08615384615384615,0.28461538461538466,0.020000000000000004,0.08615384615384615,0.28461538461538466,0.1523076923076923,680000000.0,25918000000.0,1.7183113598823547,2.922012950181961,2.9662702083587646,1.0952960756421088,2.8737726855278014,1.6872935235500335,1.9958901143074035,1.7121772420406343
0.08615384615384615,0.08615384615384615,0.28461538461538466,0.020000000000000004,0.08615384615384615,0.28461538461538466,0.1523076923076923,680000000.0,25920000000.0,1.7183113598823547,2.922012950181961,2.9662702083587646,1.0952960756421088,2.8737726855278014,1.6872935235500335,1.9958901143074035,1.7121772420406343
0.02,0.2846153846153846,0.21846153846153843,0.2846153846153846,0.02,0.15230769230769228,0.02,680000000.0,2590000000.0,2.535001254081726,3.7150200271606444,3.96756628036499,1.5316205748915672,3.9376227974891664,2.425849447250366,3.6874812293052672,2.8685291028022766
0.02,0.2846153846153846,0.21846153846153843,0.2846153846153846,0.02,0.15230769230769228,0.02,680000000.0,5182000000.0,2.223069756031036,3.3039734029769896,3.4946098208427427,1.2287859818339348,3.4494928240776064,2.0782740545272826,3.072474110126495,2.290600254535675
0.02,0.2846153846153846,0.21846153846153843,0.2846153846153846,0.02,0.15230769230769228,0.02,680000000.0,7774000000.0,2.06788276553154,3.094733626842499,3.289274752140045,1.10336140781641,3.2330030965805054,1.9333722841739656,2.8163081789016724,2.0621618473529817
0.02,0.2846153846153846,0.21846153846153843,0.2846153846153846,0.02,0.15230769230769228,0.02,680000000.0,10366000000.0,2.009331361055374,3.021856324672699,3.214284076690674,1.057450335919857,3.155906767845154,1.8746720910072328,2.6965599274635315,1.970084284543991
0.02,0.2846153846153846,0.21846153846153843,0.2846153846153846,0.02,0.15230769230769228,0.02,680000000.0,12958000000.0,1.961507524251938,2.971718190908432,3.15574072599411,1.0099625346064567,3.088980712890625,1.8281293487548829,2.583703633546829,1.9055493187904358
0.02,0.2846153846153846,0.21846153846153843,0.2846153846153846,0.02,0.15230769230769228,0.02,680000000.0,15550000000.0,1.933680214881897,2.931878682374954,3.112849147319794,0.991755586862564,3.0481837129592897,1.7988215219974517,2.5209087312221525,1.8618166410923005
0.02,0.2846153846153846,0.21846153846153843,0.2846153846153846,0.02,0.15230769230769228,0.02,680000000.0,18142000000.0,1.9246564161777497,2.9058933842182157,3.083617570400238,0.9732890272140503,3.019349799156189,1.7794137871265412,2.489321151971817,1.8247427010536195
0.02,0.2846153846153846,0.21846153846153843,0.2846153846153846,0.02,0.15230769230769228,0.02,680000000.0,20734000000.0,1.9109937727451325,2.885047812461853,3.0624254274368288,0.9630751034617424,2.9927115273475646,1.761596212387085,2.458485060930252,1.8096067655086516
0.02,0.2846153846153846,0.21846153846153843,0.2846153846153846,0.02,0.15230769230769228,0.02,680000000.0,23326000000.0,1.868964170217514,2.8609202456474305,3.0363225531578064,0.9446726566553116,2.968054075241089,1.7429591357707976,2.4202026963233947,1.7823451459407806
0.02,0.2846153846153846,0.21846153846153843,0.2846153846153846,0.02,0.15230769230769228,0.02,680000000.0,25918000000.0,1.8583075547218322,2.8475765657424925,3.0212498760223387,0.9354731386899948,2.949288649559021,1.7307424747943878,2.4107035744190215,1.7607754373550415
0.02,0.2846153846153846,0.21846153846153843,0.2846153846153846,0.02,0.15230769230769228,0.02,680000000.0,25920000000.0,1.8583075547218322,2.8475765657424925,3.0212498760223387,0.9354731386899948,2.949288649559021,1.7307424747943878,2.4107035744190215,1.7607754373550415
0.02,0.08615384615384614,0.08615384615384614,0.3507692307692308,0.15230769230769228,0.2846153846153846,0.02,680000000.0,2590000000.0,2.510399959087372,3.8796386313438416,4.049936573505402,1.4541186818480492,3.933201639652252,2.318947662115097,3.7276030135154725,2.84898628950119
0.02,0.08615384615384614,0.08615384615384614,0.3507692307692308,0.15230769230769228,0.2846153846153846,0.02,680000000.0,5182000000.0,2.159100750684738,3.4103186297416688,3.5474895787239076,1.1541592398285865,3.3955095505714414,1.9623211896419526,3.056276195049286,2.24881796002388
0.02,0.08615384615384614,0.08615384615384614,0.3507692307692308,0.15230769230769228,0.2846153846153846,0.02,680000000.0,7774000000.0,2.0366199839115144,3.2277176141738892,3.3599301290512087,1.0612312602996825,3.2072077989578247,1.8554713332653046,2.85856826543808,2.0563566958904267
0.02,0.08615384615384614,0.08615384615384614,0.3507692307692308,0.15230769230769228,0.2846153846153846,0.02,680000000.0,10366000000.0,1.9704193544387818,3.143525409698486,3.2764310097694396,1.0088620346784591,3.1180200934410096,1.7896862840652465,2.7039717650413513,1.9599714195728302
0.02,0.08615384615384614,0.08615384615384614,0.3507692307692308,0.15230769230769228,0.2846153846153846,0.02,680000000.0,12958000000.0,1.9255655539035796,3.088329963684082,3.21902535200119,0.9705947798490524,3.0595614600181578,1.7444598162174225,2.6123855304718018,1.8872919261455536
0.02,0.08615384615384614,0.08615384615384614,0.3507692307692308,0.15230769230769228,0.2846153846153846,0.02,680000000.0,15550000000.0,1.9019060385227204,3.0510716700553893,3.1833371901512146,0.9461880180239678,3.0205660796165468,1.7184555661678313,2.5457831847667696,1.8526341319084167
0.02,0.08615384615384614,0.08615384615384614,0.3507692307692308,0.15230769230769228,0.2846153846153846,0.02,680000000.0,18142000000.0,1.8885079741477966,3.0246410536766053,3.1513609147071837,0.9312110483646393,2.989565167427063,1.7038647079467772,2.5124224710464476,1.8185788691043854
0.02,0.08615384615384614,0.08615384615384614,0.3507692307692308,0.15230769230769228,0.2846153846153846,0.02,680000000.0,20734000000.0,1.871569323539734,3.0066775465011597,3.1277786350250243,0.9206662729382515,2.964385416507721,1.6915896582603454,2.4901559960842135,1.8021581947803498
0.02,0.08615384615384614,0.08615384615384614,0.3507692307692308,0.15230769230769228,0.2846153846153846,0.02,680000000.0,23326000000.0,1.842417277097702,2.978783209323883,3.109461712837219,0.9093042194843293,2.9438684821128844,1.6737551975250244,2.449625403881073,1.772926585674286
0.02,0.08615384615384614,0.08615384615384614,0.3507692307692308,0.15230769230769228,0.2846153846153846,0.02,680000000.0,25918000000.0,1.8313961517810822,2.9760912346839903,3.103171980381012,0.9042961990833283,2.9357141137123106,1.662022866010666,2.450094599723816,1.7689267027378082
0.02,0.08615384615384614,0.08615384615384614,0.3507692307692308,0.15230769230769228,0.2846153846153846,0.02,680000000.0,25920000000.0,1.8313961517810822,2.9760912346839903,3.103171980381012,0.9042961990833283,2.9357141137123106,1.662022866010666,2.450094599723816,1.7689267027378082
0.21846153846153848,0.21846153846153848,0.020000000000000004,0.1523076923076923,0.1523076923076923,0.21846153846153848,0.020000000000000004,680000000.0,2590000000.0,2.231814361810684,3.781099977493286,4.16655960559845,1.5809099334478378,3.9712684535980225,2.3907713770866392,3.69350022315979,2.8782171273231505
0.21846153846153848,0.21846153846153848,0.020000000000000004,0.1523076923076923,0.1523076923076923,0.21846153846153848,0.020000000000000004,680000000.0,5182000000.0,1.9146937203407288,3.3152740573883057,3.629358115196228,1.251445266008377,3.4159850096702575,2.0228021717071534,3.049319224357605,2.242544369697571
0.21846153846153848,0.21846153846153848,0.020000000000000004,0.1523076923076923,0.1523076923076923,0.21846153846153848,0.020000000000000004,680000000.0,7774000000.0,1.8018011713027955,3.147082223892212,3.439503197669983,1.1411413305997848,3.2208443164825438,1.8961915922164918,2.8380648064613343,2.0348915576934816
0.21846153846153848,0.21846153846153848,0.020000000000000004,0.1523076923076923,0.1523076923076923,0.21846153846153848,0.020000000000000004,680000000.0,10366000000.0,1.74458256483078,3.0548768162727358,3.349584538936615,1.0836071395874023,3.1245720386505127,1.8319020450115204,2.6851380586624147,1.9342901527881622
0.21846153846153848,0.21846153846153848,0.020000000000000004,0.1523076923076923,0.1523076923076923,0.21846153846153848,0.020000000000000004,680000000.0,12958000000.0,1.7099448025226593,3.0034928011894224,3.2928944706916807,1.0482062244415282,3.0648890781402587,1.7858917474746705,2.603145356178284,1.8773496985435485
0.21846153846153848,0.21846153846153848,0.020000000000000004,0.1523076923076923,0.1523076923076923,0.21846153846153848,0.020000000000000004,680000000.0,15550000000.0,1.6822730672359467,2.9583834910392763,3.2497671937942503,1.031508766412735,3.0168016004562377,1.7607978641986848,2.5126784539222715,1.825681937932968
0.21846153846153848,0.21846153846153848,0.020000000000000004,0.1523076923076923,0.1523076923076923,0.21846153846153848,0.020000000000000004,680000000.0,18142000000.0,1.6677707278728484,2.931979855298996,3.220354516506195,1.00624560713768,2.9904254412651063,1.7384632921218872,2.4800871431827547,1.7939780914783479
0.21846153846153848,0.21846153846153848,0.020000000000000004,0.1523076923076923,0.1523076923076923,0.21846153846153848,0.020000000000000004,680000000.0,20734000000.0,1.6522982335090637,2.9118164730072023,3.197933785915375,0.9972812712192536,2.961992130279541,1.72589169383049,2.4478370606899262,1.7836695444583892
0.21846153846153848,0.21846153846153848,0.020000000000000004,0.1523076923076923,0.1523076923076923,0.21846153846153848,0.020000000000000004,680000000.0,23326000000.0,1.6354762148857116,2.8927639865875245,3.1740928530693053,0.9836223256587983,2.9454006719589234,1.7085655796527863,2.4242902541160585,1.7459580790996552
0.21846153846153848,0.21846153846153848,0.020000000000000004,0.1523076923076923,0.1523076923076923,0.21846153846153848,0.020000000000000004,680000000.0,25918000000.0,1.634815322160721,2.877638682126999,3.1594508266448975,0.9727638298273087,2.928640990257263,1.6976613843441009,2.420944734811783,1.735215573310852
0.21846153846153848,0.21846153846153848,0.020000000000000004,0.1523076923076923,0.1523076923076923,0.21846153846153848,0.020000000000000004,680000000.0,25920000000.0,1.634815322160721,2.877638682126999,3.1594508266448975,0.9727638298273087,2.928640990257263,1.6976613843441009,2.420944734811783,1.735215573310852
0.02,0.2846153846153846,0.08615384615384614,0.2846153846153846,0.02,0.2846153846153846,0.02,680000000.0,2590000000.0,2.512917320728302,3.765410430431366,4.121682314872742,1.4905047929286956,4.0683468508720395,2.3348044872283937,3.7245154905319215,2.949393427371979
0.02,0.2846153846153846,0.08615384615384614,0.2846153846153846,0.02,0.2846153846153846,0.02,680000000.0,5182000000.0,2.178807314634323,3.3292681217193603,3.614548428058624,1.191257694363594,3.54226753950119,1.984401354789734,3.0679701471328737,2.3284319961071014
0.02,0.2846153846153846,0.08615384615384614,0.2846153846153846,0.02,0.2846153846153846,0.02,680000000.0,7774000000.0,2.049698750972748,3.130987730026245,3.4179750967025755,1.0818410965800285,3.326190183162689,1.8617884039878845,2.8540777254104612,2.0992214608192445
0.02,0.2846153846153846,0.08615384615384614,0.2846153846153846,0.02,0.2846153846153846,0.02,680000000.0,10366000000.0,1.986822794675827,3.0513968110084533,3.3243238067626955,1.0437731501460075,3.2266552519798277,1.8086430358886718,2.7402624177932737,1.9948886919021607
0.02,0.2846153846153846,0.08615384615384614,0.2846153846153846,0.02,0.2846153846153846,0.02,680000000.0,12958000000.0,1.94405854344368,3.003049120903015,3.280725061893463,0.9939369958639145,3.18031302690506,1.7620197689533235,2.616376287937164,1.9442090690135956
0.02,0.2846153846153846,0.08615384615384614,0.2846153846153846,0.02,0.2846153846153846,0.02,680000000.0,15550000000.0,1.914342565536499,2.9601557552814484,3.2226320052146913,0.976122017800808,3.1218369102478025,1.734463392496109,2.546511223316193,1.8896102917194366
0.02,0.2846153846153846,0.08615384615384614,0.2846153846153846,0.02,0.2846153846153846,0.02,680000000.0,18142000000.0,1.903750420808792,2.935351376533508,3.198989472389221,0.9571071302890778,3.1006760573387147,1.7130994868278504,2.515728075504303,1.8576552546024323
0.02,0.2846153846153846,0.08615384615384614,0.2846153846153846,0.02,0.2846153846153846,0.02,680000000.0,20734000000.0,1.8818503069877623,2.9101685380935667,3.174560215473175,0.9447854280471801,3.0690415859222413,1.698526303768158,2.4731161010265352,1.8455120158195495
0.02,0.2846153846153846,0.08615384615384614,0.2846153846153846,0.02,0.2846153846153846,0.02,680000000.0,23326000000.0,1.8537789356708527,2.888479982614517,3.1510638046264647,0.9261856240034103,3.0465286493301393,1.6842112994194032,2.443267171382904,1.8143181252479552
0.02,0.2846153846153846,0.08615384615384614,0.2846153846153846,0.02,0.2846153846153846,0.02,680000000.0,25918000000.0,1.841179964542389,2.874774135351181,3.1322911095619204,0.9191085556149483,3.033537802696228,1.6714677441120147,2.434236443042755,1.7942797493934632
0.02,0.2846153846153846,0.08615384615384614,0.2846153846153846,0.02,0.2846153846153846,0.02,680000000.0,25920000000.0,1.841179964542389,2.874774135351181,3.1322911095619204,0.9191085556149483,3.033537802696228,1.6714677441120147,2.434236443042755,1.7942797493934632
0.21846153846153848,0.08615384615384616,0.020000000000000004,0.08615384615384616,0.21846153846153848,0.21846153846153848,0.1523076923076923,680000000.0,2590000000.0,2.2351672720909117,3.830441722869873,4.096774485111236,1.652901696562767,3.8782963824272154,2.435924929380417,3.0287518668174744,2.8410907196998596
0.21846153846153848,0.08615384615384616,0.020000000000000004,0.08615384615384616,0.21846153846153848,0.21846153846153848,0.1523076923076923,680000000.0,5182000000.0,1.9085659348964692,3.370321931838989,3.5717780327796937,1.2922455742955208,3.345943193435669,2.023882983922958,2.50135777592659,2.2056847584247588
0.21846153846153848,0.08615384615384616,0.020000000000000004,0.08615384615384616,0.21846153846153848,0.21846153846153848,0.1523076923076923,680000000.0,7774000000.0,1.7939960491657256,3.1852774834632873,3.392923877239227,1.1838212096691132,3.1563326120376587,1.9066309857368469,2.3057314443588255,2.0059851133823394
0.21846153846153848,0.08615384615384616,0.020000000000000004,0.08615384615384616,0.21846153846153848,0.21846153846153848,0.1523076923076923,680000000.0,10366000000.0,1.7410527157783509,3.110256989002228,3.3214272475242614,1.1252751010656357,3.0757812690734863,1.838687618970871,2.2017560946941375,1.9208772945404053
0.21846153846153848,0.08615384615384616,0.020000000000000004,0.08615384615384616,0.21846153846153848,0.21846153846153848,0.1523076923076923,680000000.0,12958000000.0,1.7106244778633117,3.0614096474647523,3.265136420726776,1.1061556470394134,3.021980736255646,1.7962303400039672,2.1454975378513335,1.8639865398406983
0.21846153846153848,0.08615384615384616,0.020000000000000004,0.08615384615384616,0.21846153846153848,0.21846153846153848,0.1523076923076923,680000000.0,15550000000.0,1.6849698638916015,3.0279059267044066,3.2260742473602293,1.0670690578222275,2.985610818862915,1.76891455411911,2.093456641435623,1.8206928253173829
0.21846153846153848,0.08615384615384616,0.020000000000000004,0.08615384615384616,0.21846153846153848,0.21846153846153848,0.1523076923076923,680000000.0,18142000000.0,1.6730588257312775,3.0055431294441224,3.2025059771537783,1.0482887122035027,2.955621390342712,1.7578508746623993,2.0659296131134033,1.7921674466133117
0.21846153846153848,0.08615384615384616,0.020000000000000004,0.08615384615384616,0.21846153846153848,0.21846153846153848,0.1523076923076923,680000000.0,20734000000.0,1.6552509355545044,2.982396161556244,3.1805722308158875,1.0400387224555017,2.9307438564300536,1.7352452659606934,2.0434796702861786,1.7723630630970002
0.21846153846153848,0.08615384615384616,0.020000000000000004,0.08615384615384616,0.21846153846153848,0.21846153846153848,0.1523076923076923,680000000.0,23326000000.0,1.6397045397758483,2.9632516717910766,3.1592378926277163,1.0292156726121902,2.909227178096771,1.7236867511272431,2.01469859957695,1.7491185772418976
0.21846153846153848,0.08615384615384616,0.020000000000000004,0.08615384615384616,0.21846153846153848,0.21846153846153848,0.1523076923076923,680000000.0,25918000000.0,1.63722967505455,2.94451007604599,3.1447753310203552,1.0192420613765716,2.8986825203895568,1.7103207039833068,2.0054311215877534,1.7314619374275209
0.21846153846153848,0.08615384615384616,0.020000000000000004,0.08615384615384616,0.21846153846153848,0.21846153846153848,0.1523076923076923,680000000.0,25920000000.0,1.63722967505455,2.94451007604599,3.1447753310203552,1.0192420613765716,2.8986825203895568,1.7103207039833068,2.0054311215877534,1.7314619374275209
0.08615384615384616,0.08615384615384616,0.08615384615384616,0.1523076923076923,0.21846153846153848,0.1523076923076923,0.21846153846153848,680000000.0,2590000000.0,2.3661700820922853,3.804649147987366,3.996218190193176,1.6100364935398102,3.8417205810546875,2.4846610832214355,2.9289559602737425,2.830219733715057
0.08615384615384616,0.08615384615384616,0.08615384615384616,0.1523076923076923,0.21846153846153848,0.1523076923076923,0.21846153846153848,680000000.0,5182000000.0,2.0271978425979613,3.3316280102729796,3.481763126850128,1.2542400455474854,3.295955400466919,2.071938772201538,2.384970589876175,2.209441307783127
0.08615384615384616,0.08615384615384616,0.08615384615384616,0.1523076923076923,0.21846153846153848,0.1523076923076923,0.21846153846153848,680000000.0,7774000000.0,1.9027494275569916,3.1627649879455566,3.3169033837318422,1.1567870965600013,3.125796740055084,1.9451992678642274,2.2239777755737307,2.017302941083908
0.08615384615384616,0.08615384615384616,0.08615384615384616,0.1523076923076923,0.21846153846153848,0.1523076923076923,0.21846153846153848,680000000.0,10366000000.0,1.8408719158172608,3.0910261249542237,3.231204869747162,1.0920789739489556,3.045035138130188,1.874590176343918,2.1234920608997343,1.9232797276973725
0.08615384615384616,0.08615384615384616,0.08615384615384616,0.1523076923076923,0.21846153846153848,0.1523076923076923,0.21846153846153848,680000000.0,12958000000.0,1.8059972190856934,3.037235243320465,3.1818843126296996,1.0635962936282157,2.9871742367744445,1.8307415819168091,2.060194580554962,1.8676109004020691
0.08615384615384616,0.08615384615384616,0.08615384615384616,0.1523076923076923,0.21846153846153848,0.1523076923076923,0.21846153846153848,680000000.0,15550000000.0,1.7800877559185029,3.0064965534210204,3.150273280143738,1.03981585085392,2.956912150382996,1.7997789216041564,2.0234341228008272,1.8263135480880737
0.08615384615384616,0.08615384615384616,0.08615384615384616,0.1523076923076923,0.21846153846153848,0.1523076923076923,0.21846153846153848,680000000.0,18142000000.0,1.7687000465393066,2.978828468322754,3.116241533756256,1.02493581533432,2.9244558429718017,1.7908418905735015,1.9979079914093019,1.7966258144378662
0.08615384615384616,0.08615384615384616,0.08615384615384616,0.1523076923076923,0.21846153846153848,0.1523076923076923,0.21846153846153848,680000000.0,20734000000.0,1.7481956708431243,2.9581131863594057,3.092276763916016,1.0091401559114457,2.9006627869606016,1.7696444225311279,1.9696549093723297,1.770835062265396
0.08615384615384616,0.08615384615384616,0.08615384615384616,0.1523076923076923,0.21846153846153848,0.1523076923076923,0.21846153846153848,680000000.0,23326000000.0,1.727974841594696,2.939887980222702,3.0752539348602297,1.0027422022819519,2.882323610782623,1.756798357963562,1.9484785783290863,1.755589920282364
0.08615384615384616,0.08615384615384616,0.08615384615384616,0.1523076923076923,0.21846153846153848,0.1523076923076923,0.21846153846153848,680000000.0,25918000000.0,1.72973552942276,2.9360391521453857,3.061515417098999,0.9845419451594353,2.869866943359375,1.7478760004043579,1.9317804157733918,1.7340103793144226
0.08615384615384616,0.08615384615384616,0.08615384615384616,0.1523076923076923,0.21846153846153848,0.1523076923076923,0.21846153846153848,680000000.0,25920000000.0,1.72973552942276,2.9360391521453857,3.061515417098999,0.9845419451594353,2.869866943359375,1.7478760004043579,1.9317804157733918,1.7340103793144226
0.1523076923076923,0.08615384615384615,0.3507692307692308,0.08615384615384614,0.02,0.1523076923076923,0.15230769230769228,680000000.0,2590000000.0,2.2571470510959624,3.77237512588501,3.8533687686920164,1.6633273565769195,3.840557713508606,2.4467320609092713,2.994535388946533,2.7597719073295592
0.1523076923076923,0.08615384615384615,0.3507692307692308,0.08615384615384614,0.02,0.1523076923076923,0.15230769230769228,680000000.0,5182000000.0,1.9419302690029143,3.321811134815216,3.361779417991638,1.297140168249607,3.325677206516266,2.051144837141037,2.4733955633640288,2.1665959084033966
0.1523076923076923,0.08615384615384615,0.3507692307692308,0.08615384615384614,0.02,0.1523076923076923,0.15230769230769228,680000000.0,7774000000.0,1.824553393125534,3.1502348232269286,3.1976207733154296,1.1947824332118033,3.153386399745941,1.9377328252792358,2.288470264673233,1.977754580974579
0.1523076923076923,0.08615384615384615,0.3507692307692308,0.08615384615384614,0.02,0.1523076923076923,0.15230769230769228,680000000.0,10366000000.0,1.7802648210525513,3.071145486831665,3.1193960428237917,1.1406832474470139,3.0676358675956727,1.8683686113357545,2.1839691650867463,1.8988884806632995
0.1523076923076923,0.08615384615384615,0.3507692307692308,0.08615384615384614,0.02,0.1523076923076923,0.15230769230769228,680000000.0,12958000000.0,1.741380537748337,3.0291415286064147,3.073945953845978,1.10124452739954,3.0240968251228333,1.8201342451572418,2.129216684103012,1.832774851322174
0.1523076923076923,0.08615384615384615,0.3507692307692308,0.08615384615384614,0.02,0.1523076923076923,0.15230769230769228,680000000.0,15550000000.0,1.7195686984062195,2.9965699779987336,3.037715561389923,1.0798459801077842,2.985891537666321,1.8025555038452148,2.079772999286652,1.803488792181015
0.1523076923076923,0.08615384615384615,0.3507692307692308,0.08615384615384614,0.02,0.1523076923076923,0.15230769230769228,680000000.0,18142000000.0,1.7033407247066499,2.976660817861557,3.012229113578796,1.0655496367812156,2.9627054142951965,1.7887249088287354,2.054750226736069,1.771739513874054
0.1523076923076923,0.08615384615384615,0.3507692307692308,0.08615384615384614,0.02,0.1523076923076923,0.15230769230769228,680000000.0,20734000000.0,1.6904906272888183,2.955647691488266,2.9943633317947387,1.0481539312005044,2.94065691947937,1.7662236285209656,2.0366573786735533,1.7583286380767822
0.1523076923076923,0.08615384615384615,0.3507692307692308,0.08615384615384614,0.02,0.1523076923076923,0.15230769230769228,680000000.0,23326000000.0,1.6753017973899842,2.9338152873516083,2.9744216227531433,1.0418186020851135,2.9210058665275573,1.7610788941383362,2.008398381471634,1.7327724277973175
0.1523076923076923,0.08615384615384615,0.3507692307692308,0.08615384615384614,0.02,0.1523076923076923,0.15230769230769228,680000000.0,25918000000.0,1.6713714969158173,2.923297265768051,2.9604991674423218,1.0300046449899674,2.9099624943733216,1.7413635492324828,2.00033735871315,1.7197749066352843
0.1523076923076923,0.08615384615384615,0.3507692307692308,0.08615384615384614,0.02,0.1523076923076923,0.15230769230769228,680000000.0,25920000000.0,1.6713714969158173,2.923297265768051,2.9604991674423218,1.0300046449899674,2.9099624943733216,1.7413635492324828,2.00033735871315,1.7197749066352843
0.08615384615384615,0.08615384615384615,0.08615384615384615,0.3507692307692308,0.15230769230769228,0.02,0.21846153846153843,680000000.0,2590000000.0,2.4038740301132204,3.8471130299568177,4.077466781139374,1.5433163467049598,3.9289082503318786,2.684935119152069,2.9327190780639647,2.929555742740631
0.08615384615384615,0.08615384615384615,0.08615384615384615,0.3507692307692308,0.15230769230769228,0.02,0.21846153846153843,680000000.0,5182000000.0,2.0539430165290833,3.384502966403961,3.547248909473419,1.2055621930956841,3.3734886121749876,2.2448741352558135,2.4186117208003997,2.2861790227890015
0.08615384615384615,0.08615384615384615,0.08615384615384615,0.3507692307692308,0.15230769230769228,0.02,0.21846153846153843,680000000.0,7774000000.0,1.9226979470252992,3.205301423072815,3.3773279857635496,1.1007043504714966,3.1962499690055846,2.106279802322388,2.249521199464798,2.090426958799362
0.08615384615384615,0.08615384615384615,0.08615384615384615,0.3507692307692308,0.15230769230769228,0.02,0.21846153846153843,680000000.0,10366000000.0,1.8660465848445893,3.133727939128876,3.284809024333954,1.054783311188221,3.109108076095581,2.049797701835632,2.143494349718094,1.9925657749176025
0.08615384615384615,0.08615384615384615,0.08615384615384615,0.3507692307692308,0.15230769230769228,0.02,0.21846153846153843,680000000.0,12958000000.0,1.8246160173416137,3.0747474598884583,3.2314500212669373,1.0111418467760087,3.047987015247345,1.9823119699954987,2.0799082815647125,1.9256745564937592
0.08615384615384615,0.08615384615384615,0.08615384615384615,0.3507692307692308,0.15230769230769228,0.02,0.21846153846153843,680000000.0,15550000000.0,1.7970397794246673,3.0378541016578673,3.192515516281128,0.9856202316284179,3.0074090194702148,1.9478918075561524,2.039072788953781,1.8860141229629517
0.08615384615384615,0.08615384615384615,0.08615384615384615,0.3507692307692308,0.15230769230769228,0.02,0.21846153846153843,680000000.0,18142000000.0,1.7853082525730133,3.0108930039405823,3.1605085635185244,0.9659238797426224,2.9788751363754273,1.9230131697654724,2.012620189189911,1.8488631999492646
0.08615384615384615,0.08615384615384615,0.08615384615384615,0.3507692307692308,0.15230769230769228,0.02,0.21846153846153843,680000000.0,20734000000.0,1.7629667973518373,2.988993546962738,3.1327101588249207,0.9524443686008454,2.951465759277344,1.919440779685974,1.9837568724155425,1.8300463891029357
0.08615384615384615,0.08615384615384615,0.08615384615384615,0.3507692307692308,0.15230769230769228,0.02,0.21846153846153843,680000000.0,23326000000.0,1.7439006912708281,2.971845486164093,3.1186634635925294,0.9444666671752929,2.936164972782135,1.8995356595516204,1.9624981808662414,1.806186307668686
0.08615384615384615,0.08615384615384615,0.08615384615384615,0.3507692307692308,0.15230769230769228,0.02,0.21846153846153843,680000000.0,25918000000.0,1.7447829234600067,2.969640140533447,3.1025111651420594,0.9390230083465576,2.9217987966537478,1.894553689956665,1.9464723122119905,1.8019691836833953
0.08615384615384615,0.08615384615384615,0.08615384615384615,0.3507692307692308,0.15230769230769228,0.02,0.21846153846153843,680000000.0,25920000000.0,1.7447829234600067,2.969640140533447,3.1025111651420594,0.9390230083465576,2.9217987966537478,1.894553689956665,1.9464723122119905,1.8019691836833953
0.020000000000000004,0.08615384615384615,0.35076923076923083,0.1523076923076923,0.3507692307692308,0.020000000000000004,0.020000000000000004,680000000.0,2590000000.0,2.6006673479080202,3.748451211452484,3.792542743682861,1.7043736094236375,3.691744086742401,2.7137382555007936,3.691243495941162,2.7942759156227113
0.020000000000000004,0.08615384615384615,0.35076923076923083,0.1523076923076923,0.3507692307692308,0.020000000000000004,0.020000000000000004,680000000.0,5182000000.0,2.232211683988571,3.267376308441162,3.286449258327484,1.3045845481753349,3.161452121734619,2.299810357093811,2.961651394367218,2.1715398836135864
0.020000000000000004,0.08615384615384615,0.35076923076923083,0.1523076923076923,0.3507692307692308,0.020000000000000004,0.020000000000000004,680000000.0,7774000000.0,2.1102359139919282,3.108024928569794,3.137744655609131,1.1970698976516723,3.0107392406463624,2.1486315298080445,2.7830609107017517,1.9908817827701568
0.020000000000000004,0.08615384615384615,0.35076923076923083,0.1523076923076923,0.3507692307692308,0.020000000000000004,0.020000000000000004,680000000.0,10366000000.0,2.0298779511451723,3.031498305797577,3.0603513979911803,1.1352771970629691,2.9289603137969973,2.068438321352005,2.6336538827419282,1.901260085105896
0.020000000000000004,0.08615384615384615,0.35076923076923083,0.1523076923076923,0.3507692307692308,0.020000000000000004,0.020000000000000004,680000000.0,12958000000.0,1.9817945432662964,2.988463292121887,3.018359508514404,1.1086349934339523,2.884589810371399,2.041677051782608,2.583260672092438,1.8510123252868653
0.020000000000000004,0.08615384615384615,0.35076923076923083,0.1523076923076923,0.3507692307692308,0.020000000000000004,0.020000000000000004,680000000.0,15550000000.0,1.9630918157100679,2.952819038629532,2.9796190452575684,1.0854766029119491,2.8464861130714416,1.9773078727722169,2.4924317717552187,1.8059803187847137
0.020000000000000004,0.08615384615384615,0.35076923076923083,0.1523076923076923,0.3507692307692308,0.020000000000000004,0.020000000000000004,680000000.0,18142000000.0,1.9392565310001373,2.9275884771347047,2.952691903114319,1.0573901662230492,2.818468108177185,1.9602292740345002,2.456421663761139,1.7773492705821992
0.020000000000000004,0.08615384615384615,0.35076923076923083,0.1523076923076923,0.3507692307692308,0.020000000000000004,0.020000000000000004,680000000.0,20734000000.0,1.9418399834632873,2.9134271717071534,2.9340628957748414,1.0485363346338272,2.7987126302719116,1.9622798943519593,2.436851662397385,1.7535403537750245
0.020000000000000004,0.08615384615384615,0.35076923076923083,0.1523076923076923,0.3507692307692308,0.020000000000000004,0.020000000000000004,680000000.0,23326000000.0,1.8994112348556518,2.8894866240024566,2.918512370586395,1.0348246830701828,2.7819726061820984,1.9348602998256683,2.400598957538605,1.737536655664444
0.020000000000000004,0.08615384615384615,0.35076923076923083,0.1523076923076923,0.3507692307692308,0.020000000000000004,0.020000000000000004,680000000.0,25918000000.0,1.873374924659729,2.879475169181824,2.9001763033866883,1.0227274778485298,2.765574812889099,1.917796185016632,2.398440178632736,1.7183880853652953
0.020000000000000004,0.08615384615384615,0.35076923076923083,0.1523076923076923,0.3507692307692308,0.020000000000000004,0.020000000000000004,680000000.0,25920000000.0,1.873374924659729,2.879475169181824,2.9001763033866883,1.0227274778485298,2.765574812889099,1.917796185016632,2.398440178632736,1.7183880853652953
0.020000000000000004,0.020000000000000004,0.020000000000000004,0.08615384615384615,0.416923076923077,0.28461538461538466,0.1523076923076923,680000000.0,2590000000.0,2.491955226659775,3.8410422372817994,3.988056938648224,1.6097866904735565,3.7629832005500794,2.3754396343231203,2.998052327632904,2.7955543112754824
0.020000000000000004,0.020000000000000004,0.020000000000000004,0.08615384615384615,0.416923076923077,0.28461538461538466,0.1523076923076923,680000000.0,5182000000.0,2.148509433269501,3.3820957469940187,3.4907989954948424,1.2829969716072083,3.244464490413666,1.9895832216739655,2.476150542497635,2.1896255242824556
0.020000000000000004,0.020000000000000004,0.020000000000000004,0.08615384615384615,0.416923076923077,0.28461538461538466,0.1523076923076923,680000000.0,7774000000.0,2.0330613708496093,3.2212570548057555,3.341539225578308,1.1730395290255546,3.0759865617752076,1.876530293226242,2.2968005633354185,1.9942042708396912
0.020000000000000004,0.020000000000000004,0.020000000000000004,0.08615384615384615,0.416923076923077,0.28461538461538466,0.1523076923076923,680000000.0,10366000000.0,1.9690522873401641,3.1388918018341063,3.262854459285736,1.126541051864624,2.996568579673767,1.8131355690956115,2.1960611033439634,1.9140254068374634
0.020000000000000004,0.020000000000000004,0.020000000000000004,0.08615384615384615,0.416923076923077,0.28461538461538466,0.1523076923076923,680000000.0,12958000000.0,1.9280795919895173,3.0947319436073304,3.204459855556488,1.0934614691138267,2.9452474880218507,1.770277260541916,2.133683216571808,1.8494211959838867
0.020000000000000004,0.020000000000000004,0.020000000000000004,0.08615384615384615,0.416923076923077,0.28461538461538466,0.1523076923076923,680000000.0,15550000000.0,1.9071868181228637,3.064422128200531,3.1634947562217715,1.06357932895422,2.904255065917969,1.750312602519989,2.0803780698776246,1.8069840586185455
0.020000000000000004,0.020000000000000004,0.020000000000000004,0.08615384615384615,0.416923076923077,0.28461538461538466,0.1523076923076923,680000000.0,18142000000.0,1.8975808119773865,3.031585042476654,3.1357774257659914,1.0547581040859222,2.8757318329811095,1.7310782742500306,2.053074642419815,1.7791289639472962
0.020000000000000004,0.020000000000000004,0.020000000000000004,0.08615384615384615,0.416923076923077,0.28461538461538466,0.1523076923076923,680000000.0,20734000000.0,1.869776029586792,3.0116229271888733,3.1134937024116516,1.0340415599942208,2.8510770130157472,1.710903080701828,2.0286090564727783,1.7613264906406403
0.020000000000000004,0.020000000000000004,0.020000000000000004,0.08615384615384615,0.416923076923077,0.28461538461538466,0.1523076923076923,680000000.0,23326000000.0,1.8521119523048402,2.9875689125061036,3.1010907959938048,1.0263814580440522,2.836263427734375,1.7060608673095703,2.0063760471343994,1.7408876466751098
0.020000000000000004,0.020000000000000004,0.020000000000000004,0.08615384615384615,0.416923076923077,0.28461538461538466,0.1523076923076923,680000000.0,25918000000.0,1.83493945479393,2.97582932472229,3.088784759044647,1.0195782881975175,2.818857078552246,1.6911336469650269,1.994732528924942,1.7228406763076782
0.020000000000000004,0.020000000000000004,0.020000000000000004,0.08615384615384615,0.416923076923077,0.28461538461538466,0.1523076923076923,680000000.0,25920000000.0,1.83493945479393,2.97582932472229,3.088784759044647,1.0195782881975175,2.818857078552246,1.6911336469650269,1.994732528924942,1.7228406763076782
0.02,0.08615384615384614,0.21846153846153843,0.08615384615384614,0.2846153846153846,0.1523076923076923,0.15230769230769228,680000000.0,2590000000.0,2.5181443810462953,3.7406526613235473,3.8499471282958986,1.6615412813425063,3.7277362632751463,2.4751437497138977,2.990973346233368,2.763063414096832
0.02,0.08615384615384614,0.21846153846153843,0.08615384615384614,0.2846153846153846,0.1523076923076923,0.15230769230769228,680000000.0,5182000000.0,2.1686245620250704,3.288786914348602,3.3612538719177247,1.3149498066306113,3.2179367423057554,2.0737730729579926,2.4594086742401124,2.1757065308094026
0.02,0.08615384615384614,0.21846153846153843,0.08615384615384614,0.2846153846153846,0.1523076923076923,0.15230769230769228,680000000.0,7774000000.0,2.062734167575836,3.11720166683197,3.1928160095214846,1.2046046990156174,3.046662690639496,1.9554951405525207,2.2755711555480955,1.98581716299057
0.02,0.08615384615384614,0.21846153846153843,0.08615384615384614,0.2846153846153846,0.1523076923076923,0.15230769230769228,680000000.0,10366000000.0,1.9925010001659393,3.044284629821777,3.121797242164612,1.1494227585196495,2.969262681007385,1.8876842164993286,2.1751291131973267,1.899493269920349
0.02,0.08615384615384614,0.21846153846153843,0.08615384615384614,0.2846153846153846,0.1523076923076923,0.15230769230769228,680000000.0,12958000000.0,1.9602051997184753,2.9982169032096864,3.071595528125763,1.1322830927371978,2.9227485346794126,1.850136797428131,2.122748701572418,1.8436799657344818
0.02,0.08615384615384614,0.21846153846153843,0.08615384615384614,0.2846153846153846,0.1523076923076923,0.15230769230769228,680000000.0,15550000000.0,1.9262433743476868,2.964259397983551,3.0394496726989746,1.08875707000494,2.8879292249679565,1.819978688955307,2.0697640311717986,1.8101500046253205
0.02,0.08615384615384614,0.21846153846153843,0.08615384615384614,0.2846153846153846,0.1523076923076923,0.15230769230769228,680000000.0,18142000000.0,1.922671650648117,2.9431307983398436,3.0118728995323183,1.067582488656044,2.8606851387023924,1.8050761568546294,2.044409521818161,1.7787777543067933
0.02,0.08615384615384614,0.21846153846153843,0.08615384615384614,0.2846153846153846,0.1523076923076923,0.15230769230769228,680000000.0,20734000000.0,1.894650592803955,2.9247956645488737,2.9890033984184265,1.0581905046105384,2.8361395978927613,1.7797415101528167,2.0224475586414337,1.7499018847942351
0.02,0.08615384615384614,0.21846153846153843,0.08615384615384614,0.2846153846153846,0.1523076923076923,0.15230769230769228,680000000.0,23326000000.0,1.8670122456550597,2.900240796804428,2.9748469257354735,1.0523589000105857,2.818637194633484,1.7756619596481322,1.994725604057312,1.7330264580249786
0.02,0.08615384615384614,0.21846153846153843,0.08615384615384614,0.2846153846153846,0.1523076923076923,0.15230769230769228,680000000.0,25918000000.0,1.8523949813842773,2.8941722869873048,2.9586494731903077,1.0384431633353233,2.8059194350242613,1.754917058944702,1.9863652753829957,1.7112380135059357
0.02,0.08615384615384614,0.21846153846153843,0.08615384615384614,0.2846153846153846,0.1523076923076923,0.15230769230769228,680000000.0,25920000000.0,1.8523949813842773,2.8941722869873048,2.9586494731903077,1.0384431633353233,2.8059194350242613,1.754917058944702,1.9863652753829957,1.7112380135059357
0.020000000000000004,0.08615384615384615,0.35076923076923083,0.1523076923076923,0.21846153846153848,0.020000000000000004,0.1523076923076923,680000000.0,2590000000.0,2.594635854959488,3.7498999786376954,3.8135664510726928,1.6976690530776977,3.7340553259849547,2.724463231563568,3.013076913356781,2.8180021023750306
0.020000000000000004,0.08615384615384615,0.35076923076923083,0.1523076923076923,0.21846153846153848,0.020000000000000004,0.1523076923076923,680000000.0,5182000000.0,2.228903381824493,3.293897612094879,3.334782283306122,1.3138664573431016,3.2260600781440734,2.2691283869743346,2.475133720636368,2.2208126413822176
0.020000000000000004,0.08615384615384615,0.35076923076923083,0.1523076923076923,0.21846153846153848,0.020000000000000004,0.1523076923076923,680000000.0,7774000000.0,2.1268362951278688,3.1245864915847776,3.1696863985061645,1.2040283113718033,3.0599920845031736,2.1594528472423553,2.2925725960731507,2.022841293811798
0.020000000000000004,0.08615384615384615,0.35076923076923083,0.1523076923076923,0.21846153846153848,0.020000000000000004,0.1523076923076923,680000000.0,10366000000.0,2.0360359251499176,3.0434932208061216,3.0860764932632447,1.1369986161589622,2.9727028679847716,2.074661591053009,2.180629447698593,1.9291250538825988
0.020000000000000004,0.08615384615384615,0.35076923076923083,0.1523076923076923,0.21846153846153848,0.020000000000000004,0.1523076923076923,680000000.0,12958000000.0,1.983904902935028,2.997114803791046,3.039842655658722,1.1044577226042747,2.9211690044403076,2.0228217279911043,2.1230048620700837,1.8643913650512696
0.020000000000000004,0.08615384615384615,0.35076923076923083,0.1523076923076923,0.21846153846153848,0.020000000000000004,0.1523076923076923,680000000.0,15550000000.0,1.9793329203128815,2.962266480922699,3.005665056705475,1.090875843167305,2.8860091590881347,2.0184705901145934,2.072026842832565,1.8338571572303772
0.020000000000000004,0.08615384615384615,0.35076923076923083,0.1523076923076923,0.21846153846153848,0.020000000000000004,0.1523076923076923,680000000.0,18142000000.0,1.9727260816097258,2.9444871127605436,2.98116895198822,1.0649993735551835,2.8649435877799987,1.9818750596046448,2.0502245938777923,1.8027947425842286
0.020000000000000004,0.08615384615384615,0.35076923076923083,0.1523076923076923,0.21846153846153848,0.020000000000000004,0.1523076923076923,680000000.0,20734000000.0,1.9429415249824524,2.9229366362094877,2.9583606910705567,1.0481287628412246,2.8400353002548218,1.9526231849193574,2.0283624005317686,1.7843703365325927
0.020000000000000004,0.08615384615384615,0.35076923076923083,0.1523076923076923,0.21846153846153848,0.020000000000000004,0.1523076923076923,680000000.0,23326000000.0,1.903941994905472,2.901583571434021,2.9430406355857848,1.0382963183522225,2.8251001119613646,1.9424883043766021,2.0004748618602752,1.7580423164367676
0.020000000000000004,0.08615384615384615,0.35076923076923083,0.1523076923076923,0.21846153846153848,0.020000000000000004,0.1523076923076923,680000000.0,25918000000.0,1.883656063079834,2.8931167197227476,2.925572307109833,1.022941033244133,2.8088665127754213,1.9161736130714417,1.9904056930541991,1.7403146278858186
0.020000000000000004,0.08615384615384615,0.35076923076923083,0.1523076923076923,0.21846153846153848,0.020000000000000004,0.1523076923076923,680000000.0,25920000000.0,1.883656063079834,2.8931167197227476,2.925572307109833,1.022941033244133,2.8088665127754213,1.9161736130714417,1.9904056930541991,1.7403146278858186
0.21846153846153846,0.08615384615384615,0.08615384615384615,0.15230769230769228,0.08615384615384615,0.2846153846153846,0.08615384615384615,937000000.0,3526000000.0,2.0309005534648894,3.600212278366089,3.764561986923218,1.3529110106825828,3.6403444838523864,2.1197804474830626,2.896645972728729,2.4686622524261477
0.21846153846153846,0.08615384615384615,0.08615384615384615,0.15230769230769228,0.08615384615384615,0.2846153846153846,0.08615384615384615,937000000.0,7054000000.0,1.7921026492118834,3.226336703300476,3.392683744430542,1.123293475806713,3.24403968334198,1.8475498676300048,2.4740443658828735,2.027751240730286
0.21846153846153846,0.08615384615384615,0.08615384615384615,0.15230769230769228,0.08615384615384615,0.2846153846153846,0.08615384615384615,937000000.0,10582000000.0,1.709838457107544,3.0875142192840577,3.238396124839783,1.0426593160629272,3.091377625465393,1.7613951277732849,2.2794683492183685,1.878074767589569
0.21846153846153846,0.08615384615384615,0.08615384615384615,0.15230769230769228,0.08615384615384615,0.2846153846153846,0.08615384615384615,937000000.0,14110000000.0,1.6693635201454162,3.028046805858612,3.178077437877655,1.006756842136383,3.033636145591736,1.711487228870392,2.224842493534088,1.8088456416130065
0.21846153846153846,0.08615384615384615,0.08615384615384615,0.15230769230769228,0.08615384615384615,0.2846153846153846,0.08615384615384615,937000000.0,17638000000.0,1.6439477074146271,2.990787422657013,3.129411635398865,0.9790420737862587,2.9809948325157167,1.6861292493343354,2.146249333620071,1.75937464594841
0.21846153846153846,0.08615384615384615,0.08615384615384615,0.15230769230769228,0.08615384615384615,0.2846153846153846,0.08615384615384615,937000000.0,21166000000.0,1.6184309685230256,2.962779612541199,3.1009330272674562,0.9612937581539154,2.9496641874313356,1.6607669878005982,2.1049619829654693,1.73137109875679
0.21846153846153846,0.08615384615384615,0.08615384615384615,0.15230769230769228,0.08615384615384615,0.2846153846153846,0.08615384615384615,937000000.0,24694000000.0,1.6058617615699768,2.9360525834560396,3.0743818640708924,0.9395447075366974,2.925951533317566,1.6456801903247833,2.0803074371814727,1.7030707609653473
0.21846153846153846,0.08615384615384615,0.08615384615384615,0.15230769230769228,0.08615384615384615,0.2846153846153846,0.08615384615384615,937000000.0,28222000000.0,1.5940998446941377,2.914824239015579,3.049857931137085,0.935051316022873,2.901853685379028,1.636347291469574,2.048588944673538,1.6858753013610839
0.21846153846153846,0.08615384615384615,0.08615384615384615,0.15230769230769228,0.08615384615384615,0.2846153846153846,0.08615384615384615,937000000.0,31750000000.0,1.5803306949138642,2.8997714531421663,3.0452034997940065,0.9241923156380654,2.895213644504547,1.6190307414531708,2.0298404264450074,1.667391654253006
0.21846153846153846,0.08615384615384615,0.08615384615384615,0.15230769230769228,0.08615384615384615,0.2846153846153846,0.08615384615384615,937000000.0,35278000000.0,1.5723968136310578,2.883659245967865,3.030275764465332,0.9191998487710953,2.87086722612381,1.6101726746559144,2.022782624959946,1.6586119139194488
0.21846153846153846,0.08615384615384615,0.08615384615384615,0.15230769230769228,0.08615384615384615,0.2846153846153846,0.08615384615384615,937000000.0,35280000000.0,1.5723968136310578,2.883659245967865,3.030275764465332,0.9191998487710953,2.87086722612381,1.6101726746559144,2.022782624959946,1.6586119139194488
0.1523076923076923,0.020000000000000004,0.020000000000000004,0.35076923076923083,0.1523076923076923,0.08615384615384616,0.21846153846153848,937000000.0,3526000000.0,2.132494696378708,3.767185673713684,3.9339226984977724,1.3427001759409904,3.7093019890785217,2.300007526874542,2.674469392299652,2.610232164859772
0.1523076923076923,0.020000000000000004,0.020000000000000004,0.35076923076923083,0.1523076923076923,0.08615384615384616,0.21846153846153848,937000000.0,7054000000.0,1.8646372961997986,3.36177508354187,3.5061562514305114,1.0995255053043365,3.2770591592788696,1.991520766019821,2.279125052690506,2.1208213102817535
0.1523076923076923,0.020000000000000004,0.020000000000000004,0.35076923076923083,0.1523076923076923,0.08615384615384616,0.21846153846153848,937000000.0,10582000000.0,1.779614610671997,3.2370608139038084,3.3747972893714904,1.013040834069252,3.132608962059021,1.8995116817951203,2.123839038610458,1.971674234867096
0.1523076923076923,0.020000000000000004,0.020000000000000004,0.35076923076923083,0.1523076923076923,0.08615384615384616,0.21846153846153848,937000000.0,14110000000.0,1.732632795572281,3.1685199785232543,3.300575542449951,0.9679066801071167,3.0605359482765198,1.829581059217453,2.0478834855556487,1.883214144706726
0.1523076923076923,0.020000000000000004,0.020000000000000004,0.35076923076923083,0.1523076923076923,0.08615384615384616,0.21846153846153848,937000000.0,17638000000.0,1.7010465276241302,3.1121585607528686,3.2529285287857057,0.9456994944810867,3.00543550491333,1.7992585933208465,1.997941701412201,1.8340155863761902
0.1523076923076923,0.020000000000000004,0.020000000000000004,0.35076923076923083,0.1523076923076923,0.08615384615384616,0.21846153846153848,937000000.0,21166000000.0,1.675541968345642,3.0792864060401914,3.209483380317688,0.9179561322927475,2.9665540409088136,1.777361296415329,1.957749036550522,1.789824824333191
0.1523076923076923,0.020000000000000004,0.020000000000000004,0.35076923076923083,0.1523076923076923,0.08615384615384616,0.21846153846153848,937000000.0,24694000000.0,1.6621723401546478,3.05489266872406,3.19111581325531,0.9086458478868008,2.94452684879303,1.7592127847671508,1.936985640525818,1.7708936476707458
0.1523076923076923,0.020000000000000004,0.020000000000000004,0.35076923076923083,0.1523076923076923,0.08615384615384616,0.21846153846153848,937000000.0,28222000000.0,1.6516187131404876,3.0426151847839353,3.179539225101471,0.8954429833590984,2.9267679476737976,1.742263413667679,1.910908373594284,1.7472265756130219
0.1523076923076923,0.020000000000000004,0.020000000000000004,0.35076923076923083,0.1523076923076923,0.08615384615384616,0.21846153846153848,937000000.0,31750000000.0,1.6363247060775756,3.021758897304535,3.1535524249076845,0.8858835190534592,2.9105820631980897,1.722539918422699,1.8954592108726502,1.728640730381012
0.1523076923076923,0.020000000000000004,0.020000000000000004,0.35076923076923083,0.1523076923076923,0.08615384615384616,0.21846153846153848,937000000.0,35278000000.0,1.6262054860591888,3.0032335710525513,3.1396720790863037,0.8754443542659283,2.8901153802871704,1.7145853054523468,1.8759546482563019,1.717331544160843
0.1523076923076923,0.020000000000000004,0.020000000000000004,0.35076923076923083,0.1523076923076923,0.08615384615384616,0.21846153846153848,937000000.0,35280000000.0,1.6262054860591888,3.0032335710525513,3.1396720790863037,0.8754443542659283,2.8901153802871704,1.7145853054523468,1.8759546482563019,1.717331544160843
0.1523076923076923,0.08615384615384615,0.3507692307692308,0.08615384615384614,0.02,0.1523076923076923,0.15230769230769228,937000000.0,3526000000.0,2.0779144990444185,3.50779301404953,3.568215732574463,1.429541970193386,3.5336870670318605,2.2004412877559663,2.6963039445877075,2.400013651847839
0.1523076923076923,0.08615384615384615,0.3507692307692308,0.08615384615384614,0.02,0.1523076923076923,0.15230769230769228,937000000.0,7054000000.0,1.8335836374759673,3.158390715122223,3.200814187526703,1.2097867780923843,3.1557181072235108,1.9337321317195892,2.29779239654541,1.989843773841858
0.1523076923076923,0.08615384615384615,0.3507692307692308,0.08615384615384614,0.02,0.1523076923076923,0.15230769230769228,937000000.0,10582000000.0,1.749823569059372,3.0403970766067503,3.0758860993385313,1.1161180210113526,3.023567554950714,1.8372025525569915,2.1368783140182495,1.847410295009613
0.1523076923076923,0.08615384615384615,0.3507692307692308,0.08615384615384614,0.02,0.1523076923076923,0.15230769230769228,937000000.0,14110000000.0,1.713191282749176,2.971040847301483,3.0156956243515016,1.073477077782154,2.965868101119995,1.782752923965454,2.0716603171825407,1.782212003469467
0.1523076923076923,0.08615384615384615,0.3507692307692308,0.08615384615384614,0.02,0.1523076923076923,0.15230769230769228,937000000.0,17638000000.0,1.6819625782966614,2.939246057271957,2.974125781059265,1.0464473271369934,2.924316987991333,1.7560492753982544,2.018400955200195,1.7347870075702667
0.1523076923076923,0.08615384615384615,0.3507692307692308,0.08615384615384614,0.02,0.1523076923076923,0.15230769230769228,937000000.0,21166000000.0,1.6611391162872315,2.9098506295681,2.9498523712158202,1.0255058047175407,2.896683487892151,1.7353969347476959,1.986415694952011,1.7073299038410186
0.1523076923076923,0.08615384615384615,0.3507692307692308,0.08615384615384614,0.02,0.1523076923076923,0.15230769230769228,937000000.0,24694000000.0,1.6466020476818084,2.8833731341362,2.920179717540741,1.0117707139253616,2.8697963976860046,1.7156652200222016,1.9631202244758605,1.6821378886699676
0.1523076923076923,0.08615384615384615,0.3507692307692308,0.08615384615384614,0.02,0.1523076923076923,0.15230769230769228,937000000.0,28222000000.0,1.6374378597736359,2.8665309047698972,2.9026861810684204,1.0033840188384056,2.851207094192505,1.7050415456295014,1.9364893400669099,1.6630783915519713
0.1523076923076923,0.08615384615384615,0.3507692307692308,0.08615384615384614,0.02,0.1523076923076923,0.15230769230769228,937000000.0,31750000000.0,1.62466930270195,2.8537718427181242,2.8929331731796264,0.9910291311144829,2.8395705604553223,1.6895233285427094,1.9203245115280152,1.6443260395526886
0.1523076923076923,0.08615384615384615,0.3507692307692308,0.08615384615384614,0.02,0.1523076923076923,0.15230769230769228,937000000.0,35278000000.0,1.6163763725757598,2.844399608373642,2.883000466823578,0.9815136557817459,2.832103381156921,1.6785050296783448,1.9116803216934204,1.6346085274219513
0.1523076923076923,0.08615384615384615,0.3507692307692308,0.08615384615384614,0.02,0.1523076923076923,0.15230769230769228,937000000.0,35280000000.0,1.6163763725757598,2.844399608373642,2.883000466823578,0.9815136557817459,2.832103381156921,1.6785050296783448,1.9116803216934204,1.6346085274219513
0.020000000000000004,0.020000000000000004,0.020000000000000004,0.08615384615384615,0.416923076923077,0.28461538461538466,0.1523076923076923,937000000.0,3526000000.0,2.326682665348053,3.5782979488372804,3.6992060589790343,1.4228766500949859,3.4595048236846924,2.143270574808121,2.709299795627594,2.4365586042404175
0.020000000000000004,0.020000000000000004,0.020000000000000004,0.08615384615384615,0.416923076923077,0.28461538461538466,0.1523076923076923,937000000.0,7054000000.0,2.051860511302948,3.2262249255180357,3.3310785484313965,1.185744732618332,3.075911738872528,1.8760718023777008,2.308634592294693,2.0048087215423585
0.020000000000000004,0.020000000000000004,0.020000000000000004,0.08615384615384615,0.416923076923077,0.28461538461538466,0.1523076923076923,937000000.0,10582000000.0,1.9437334549427032,3.1067535662651062,3.2202714323997497,1.1026865237951278,2.956932833194733,1.7865428471565246,2.1474263787269594,1.8754395484924316
0.020000000000000004,0.020000000000000004,0.020000000000000004,0.08615384615384615,0.416923076923077,0.28461538461538466,0.1523076923076923,937000000.0,14110000000.0,1.8960323333740234,3.0435792899131773,3.1447855162620546,1.0641289359331132,2.8832355451583864,1.7378859043121337,2.074256172180176,1.7842892026901245
0.020000000000000004,0.020000000000000004,0.020000000000000004,0.08615384615384615,0.416923076923077,0.28461538461538466,0.1523076923076923,937000000.0,17638000000.0,1.8586611819267274,2.997253017425537,3.105839605331421,1.0279794239997864,2.8352083706855775,1.7030872893333435,2.007807298898697,1.748538018465042
0.020000000000000004,0.020000000000000004,0.020000000000000004,0.08615384615384615,0.416923076923077,0.28461538461538466,0.1523076923076923,937000000.0,21166000000.0,1.837358193397522,2.9696488046646117,3.0716073513031006,1.0076207113265991,2.81141975402832,1.6821445620059967,1.9834262573719024,1.713804633617401
0.020000000000000004,0.020000000000000004,0.020000000000000004,0.08615384615384615,0.416923076923077,0.28461538461538466,0.1523076923076923,937000000.0,24694000000.0,1.8255825746059418,2.9452244806289674,3.058237524032593,0.9970282900333405,2.7843955159187317,1.6693423533439635,1.9614905393123627,1.692850649356842
0.020000000000000004,0.020000000000000004,0.020000000000000004,0.08615384615384615,0.416923076923077,0.28461538461538466,0.1523076923076923,937000000.0,28222000000.0,1.8028694200515747,2.928020865917206,3.0293333101272584,0.989141753911972,2.766179223060608,1.6558867967128754,1.9343043971061706,1.6620405733585357
0.020000000000000004,0.020000000000000004,0.020000000000000004,0.08615384615384615,0.416923076923077,0.28461538461538466,0.1523076923076923,937000000.0,31750000000.0,1.7945832681655884,2.9092039489746093,3.020430600643158,0.9745688065886497,2.7490396094322205,1.6405395781993866,1.9135179209709168,1.6452273070812224
0.020000000000000004,0.020000000000000004,0.020000000000000004,0.08615384615384615,0.416923076923077,0.28461538461538466,0.1523076923076923,937000000.0,35278000000.0,1.775646630525589,2.8965181350708007,3.003454828262329,0.9675079157948494,2.7375835967063904,1.629663873910904,1.9044756507873535,1.6292735135555267
0.020000000000000004,0.020000000000000004,0.020000000000000004,0.08615384615384615,0.416923076923077,0.28461538461538466,0.1523076923076923,937000000.0,35280000000.0,1.775646630525589,2.8965181350708007,3.003454828262329,0.9675079157948494,2.7375835967063904,1.629663873910904,1.9044756507873535,1.6292735135555267
0.02,0.08615384615384615,0.4169230769230769,0.08615384615384615,0.08615384615384614,0.02,0.2846153846153846,937000000.0,3526000000.0,2.4892745542526247,3.4865831112861634,3.541334900856018,1.575210080742836,3.483021125793457,2.5288884687423705,2.54936408162117,2.4973095631599427
0.02,0.08615384615384615,0.4169230769230769,0.08615384615384615,0.08615384615384614,0.02,0.2846153846153846,937000000.0,7054000000.0,2.1246112608909606,3.125451183319092,3.156218523979187,1.2731329196691512,3.0815795731544493,2.1826370096206666,2.144723709821701,2.0465904915332795
0.02,0.08615384615384615,0.4169230769230769,0.08615384615384615,0.08615384615384614,0.02,0.2846153846153846,937000000.0,10582000000.0,2.031672649383545,3.0110267353057862,3.04308917760849,1.175143980383873,2.9655534291267394,2.0697141909599304,2.014982919692993,1.900943615436554
0.02,0.08615384615384615,0.4169230769230769,0.08615384615384615,0.08615384615384614,0.02,0.2846153846153846,937000000.0,14110000000.0,1.9625601541996003,2.9497824943065645,2.9798937916755674,1.1273002114892006,2.9013956785202026,2.002735859155655,1.945692422389984,1.8284255290031433
0.02,0.08615384615384615,0.4169230769230769,0.08615384615384615,0.08615384615384614,0.02,0.2846153846153846,937000000.0,17638000000.0,1.9270714449882507,2.919613991975784,2.939980397224426,1.0966804048418999,2.8622022747993467,1.9557317197322845,1.906136463880539,1.7822942805290223
0.02,0.08615384615384615,0.4169230769230769,0.08615384615384615,0.08615384615384614,0.02,0.2846153846153846,937000000.0,21166000000.0,1.9045045852661133,2.8841697323322295,2.9119097208976745,1.0828656995296477,2.8290966320037843,1.9454170513153075,1.8712836050987243,1.7578853249549866
0.02,0.08615384615384615,0.4169230769230769,0.08615384615384615,0.08615384615384614,0.02,0.2846153846153846,937000000.0,24694000000.0,1.895595850944519,2.864586207866669,2.8879596614837646,1.0682688203454018,2.807470178604126,1.9237547886371613,1.8509381532669067,1.7316705620288848
0.02,0.08615384615384615,0.4169230769230769,0.08615384615384615,0.08615384615384614,0.02,0.2846153846153846,937000000.0,28222000000.0,1.8540690553188324,2.8470861065387725,2.872171471118927,1.054872967004776,2.791071898937225,1.914119665622711,1.8324266791343689,1.711748697757721
0.02,0.08615384615384615,0.4169230769230769,0.08615384615384615,0.08615384615384614,0.02,0.2846153846153846,937000000.0,31750000000.0,1.8632855522632599,2.8330604112148285,2.8573759102821352,1.051236023902893,2.776412081718445,1.894852750301361,1.814621524810791,1.7018451690673828
0.02,0.08615384615384615,0.4169230769230769,0.08615384615384615,0.08615384615384614,0.02,0.2846153846153846,937000000.0,35278000000.0,1.8325543475151063,2.8215003561973573,2.8514087414741516,1.0384883525967599,2.76989691734314,1.8810653746128083,1.8049358010292054,1.6864009201526642
0.02,0.08615384615384615,0.4169230769230769,0.08615384615384615,0.08615384615384614,0.02,0.2846153846153846,937000000.0,35280000000.0,1.8325543475151063,2.8215003561973573,2.8514087414741516,1.0384883525967599,2.76989691734314,1.8810653746128083,1.8049358010292054,1.6864009201526642
0.02,0.08615384615384614,0.08615384615384614,0.3507692307692308,0.15230769230769228,0.2846153846153846,0.02,937000000.0,3526000000.0,2.34333526134491,3.6327505230903627,3.798320574760437,1.288543882369995,3.652068634033203,2.115710209608078,3.4066824674606324,2.52732724905014
0.02,0.08615384615384614,0.08615384615384614,0.3507692307692308,0.15230769230769228,0.2846153846153846,0.02,937000000.0,7054000000.0,2.0500582468509676,3.2424039101600646,3.3762938809394836,1.0672063595056533,3.2236740517616274,1.8590599346160888,2.8067546916007995,2.072286455631256
0.02,0.08615384615384614,0.08615384615384614,0.3507692307692308,0.15230769230769228,0.2846153846153846,0.02,937000000.0,10582000000.0,1.9601393043994904,3.1148873233795165,3.2441709542274477,0.9896572124958039,3.0864152669906617,1.772090038061142,2.635658458471298,1.931457804441452
0.02,0.08615384615384614,0.08615384615384614,0.3507692307692308,0.15230769230769228,0.2846153846153846,0.02,937000000.0,14110000000.0,1.8941419053077697,3.04925644159317,3.1788935971260073,0.9468006193637848,3.01868111371994,1.7153294718265533,2.5781964194774627,1.842959932088852
0.02,0.08615384615384614,0.08615384615384614,0.3507692307692308,0.15230769230769228,0.2846153846153846,0.02,937000000.0,17638000000.0,1.8681443154811859,3.003051025867462,3.1214605283737185,0.9232597172260284,2.960897309780121,1.6861565923690796,2.5003780198097227,1.7896933388710021
0.02,0.08615384615384614,0.08615384615384614,0.3507692307692308,0.15230769230769228,0.2846153846153846,0.02,937000000.0,21166000000.0,1.8367478382587432,2.9613283109664916,3.082571623325348,0.894982006251812,2.921324660778046,1.6618244194984435,2.383442553281784,1.7606106197834015
0.02,0.08615384615384614,0.08615384615384614,0.3507692307692308,0.15230769230769228,0.2846153846153846,0.02,937000000.0,24694000000.0,1.8212809646129609,2.942176591157913,3.0596896171569825,0.8861681222915649,2.8989520263671875,1.645843825340271,2.3555174541473387,1.7318995213508606
0.02,0.08615384615384614,0.08615384615384614,0.3507692307692308,0.15230769230769228,0.2846153846153846,0.02,937000000.0,28222000000.0,1.8012334060668946,2.9236858606338503,3.0458221220970154,0.8725919690728188,2.8820777535438538,1.6312466657161713,2.3577075934410097,1.7139211630821227
0.02,0.08615384615384614,0.08615384615384614,0.3507692307692308,0.15230769230769228,0.2846153846153846,0.02,937000000.0,31750000000.0,1.7901211977005005,2.9023867440223694,3.0251580667495728,0.8634936229884624,2.8628589725494384,1.6169326710700989,2.303874270915985,1.6908119118213654
0.02,0.08615384615384614,0.08615384615384614,0.3507692307692308,0.15230769230769228,0.2846153846153846,0.02,937000000.0,35278000000.0,1.771151099205017,2.886517108678818,3.004726462364197,0.8541916365921497,2.844574842453003,1.6070840656757355,2.2921885883808137,1.6762441718578338
0.02,0.08615384615384614,0.08615384615384614,0.3507692307692308,0.15230769230769228,0.2846153846153846,0.02,937000000.0,35280000000.0,1.771151099205017,2.886517108678818,3.004726462364197,0.8541916365921497,2.844574842453003,1.6070840656757355,2.2921885883808137,1.6762441718578338
0.020000000000000004,0.1523076923076923,0.41692307692307695,0.21846153846153848,0.020000000000000004,0.1523076923076923,0.020000000000000004,937000000.0,3526000000.0,2.3754790246486666,3.5127865076065063,3.5900839447975157,1.3670547127723693,3.5692404913902283,2.2284904754161836,3.389120123386383,2.4683652305603028
0.020000000000000004,0.1523076923076923,0.41692307692307695,0.21846153846153848,0.020000000000000004,0.1523076923076923,0.020000000000000004,937000000.0,7054000000.0,2.0627312195301055,3.1126312398910523,3.1708895492553713,1.1193553626537323,3.1395444583892824,1.9290896332263947,2.7270981740951536,1.992498939037323
0.020000000000000004,0.1523076923076923,0.41692307692307695,0.21846153846153848,0.020000000000000004,0.1523076923076923,0.020000000000000004,937000000.0,10582000000.0,1.9508679842948913,2.994265623092651,3.0479268217086792,1.0398238718509674,3.015567371845245,1.819621535539627,2.5528848016262056,1.8477239942550658
0.020000000000000004,0.1523076923076923,0.41692307692307695,0.21846153846153848,0.020000000000000004,0.1523076923076923,0.020000000000000004,937000000.0,14110000000.0,1.9061917877197265,2.9338471138477327,2.985876529216766,0.9976967346668243,2.9462286853790283,1.776418069601059,2.4888211345672606,1.7871988928318023
0.020000000000000004,0.1523076923076923,0.41692307692307695,0.21846153846153848,0.020000000000000004,0.1523076923076923,0.020000000000000004,937000000.0,17638000000.0,1.8761909210681915,2.8925043857097625,2.947363996505737,0.9641105288267136,2.911276180744171,1.7424542534351348,2.43350536942482,1.7380834019184113
0.020000000000000004,0.1523076923076923,0.41692307692307695,0.21846153846153848,0.020000000000000004,0.1523076923076923,0.020000000000000004,937000000.0,21166000000.0,1.8506315767765045,2.8654859280586242,2.921599292755127,0.9517643404006958,2.8790107941627503,1.7215715336799622,2.3452758741378785,1.7108776271343231
0.020000000000000004,0.1523076923076923,0.41692307692307695,0.21846153846153848,0.020000000000000004,0.1523076923076923,0.020000000000000004,937000000.0,24694000000.0,1.8320660090446472,2.8357839143276213,2.8932663726806642,0.939006635248661,2.854626634120941,1.7077858114242555,2.303357996940613,1.6825178921222688
0.020000000000000004,0.1523076923076923,0.41692307692307695,0.21846153846153848,0.020000000000000004,0.1523076923076923,0.020000000000000004,937000000.0,28222000000.0,1.8124134731292725,2.8212592566013335,2.875289297103882,0.9301266890764236,2.836107828617096,1.6898599123954774,2.30919531583786,1.6652677583694457
0.020000000000000004,0.1523076923076923,0.41692307692307695,0.21846153846153848,0.020000000000000004,0.1523076923076923,0.020000000000000004,937000000.0,31750000000.0,1.8046399521827698,2.8081646847724913,2.86127717256546,0.9121310716867447,2.8212187695503235,1.6784624648094177,2.2612272191047667,1.6457707130908965
0.020000000000000004,0.1523076923076923,0.41692307692307695,0.21846153846153848,0.020000000000000004,0.1523076923076923,0.020000000000000004,937000000.0,35278000000.0,1.7858698332309724,2.793046922683716,2.8515935134887695,0.9074338895082473,2.8055315089225767,1.6700780820846557,2.258191739320755,1.6374066913127898
0.020000000000000004,0.1523076923076923,0.41692307692307695,0.21846153846153848,0.020000000000000004,0.1523076923076923,0.020000000000000004,937000000.0,35280000000.0,1.7858698332309724,2.793046922683716,2.8515935134887695,0.9074338895082473,2.8055315089225767,1.6700780820846557,2.258191739320755,1.6374066913127898
0.21846153846153848,0.08615384615384614,0.15230769230769234,0.08615384615384614,0.1523076923076923,0.1523076923076923,0.15230769230769228,937000000.0,3526000000.0,2.041550714969635,3.5304152011871337,3.6490319919586183,1.438788849413395,3.521680800914764,2.2137415313720705,2.70911967754364,2.4332423043251037
0.21846153846153848,0.08615384615384614,0.15230769230769234,0.08615384615384614,0.1523076923076923,0.1523076923076923,0.15230769230769228,937000000.0,7054000000.0,1.7992360770702363,3.1694003438949583,3.2799362444877627,1.197149683535099,3.139630103111267,1.9367704379558563,2.3098117303848267,2.001482343673706
0.21846153846153848,0.08615384615384614,0.15230769230769234,0.08615384615384614,0.1523076923076923,0.1523076923076923,0.15230769230769228,937000000.0,10582000000.0,1.7261786592006683,3.0440800642967223,3.1522145533561705,1.128702376782894,3.00996785402298,1.8591982519626618,2.141759103536606,1.8680004513263702
0.21846153846153848,0.08615384615384614,0.15230769230769234,0.08615384615384614,0.1523076923076923,0.1523076923076923,0.15230769230769228,937000000.0,14110000000.0,1.676085308790207,2.9823513269424438,3.0899025917053224,1.0743594461679458,2.944699902534485,1.7882341730594635,2.076092782020569,1.7902457153797149
0.21846153846153848,0.08615384615384614,0.15230769230769234,0.08615384615384614,0.1523076923076923,0.1523076923076923,0.15230769230769228,937000000.0,17638000000.0,1.6522724747657775,2.9467305195331575,3.0449776959419252,1.0472864973545075,2.8975462698936463,1.7639705431461334,2.019170628786087,1.7412900912761688
0.21846153846153848,0.08615384615384614,0.15230769230769234,0.08615384615384614,0.1523076923076923,0.1523076923076923,0.15230769230769228,937000000.0,21166000000.0,1.6266635131835938,2.9180788552761077,3.0178319358825685,1.0285724374651908,2.865499813556671,1.7377028167247772,1.9849353265762328,1.7170175838470458
0.21846153846153848,0.08615384615384614,0.15230769230769234,0.08615384615384614,0.1523076923076923,0.1523076923076923,0.15230769230769228,937000000.0,24694000000.0,1.6156922590732574,2.894462078809738,2.9896236729621886,1.0109638088941575,2.8439720344543455,1.7213908314704895,1.966252909898758,1.6828353631496429
0.21846153846153848,0.08615384615384614,0.15230769230769234,0.08615384615384614,0.1523076923076923,0.1523076923076923,0.15230769230769228,937000000.0,28222000000.0,1.6016169786453247,2.876899882555008,2.9684373688697816,0.999173284471035,2.8230750727653504,1.7070595192909241,1.9376879668235778,1.6658104324340821
0.21846153846153848,0.08615384615384614,0.15230769230769234,0.08615384615384614,0.1523076923076923,0.1523076923076923,0.15230769230769228,937000000.0,31750000000.0,1.590489945411682,2.8603098404407503,2.962280237674713,0.9896651077270507,2.8131364369392395,1.6925020015239716,1.9204556095600127,1.647794758081436
0.21846153846153848,0.08615384615384614,0.15230769230769234,0.08615384615384614,0.1523076923076923,0.1523076923076923,0.15230769230769228,937000000.0,35278000000.0,1.5818419826030732,2.8468092036247254,2.9518906593322756,0.9870782932639122,2.7963699436187746,1.679578150510788,1.9093030631542205,1.6412920510768891
0.21846153846153848,0.08615384615384614,0.15230769230769234,0.08615384615384614,0.1523076923076923,0.1523076923076923,0.15230769230769228,937000000.0,35280000000.0,1.5818419826030732,2.8468092036247254,2.9518906593322756,0.9870782932639122,2.7963699436187746,1.679578150510788,1.9093030631542205,1.6412920510768891
0.2846153846153846,0.08615384615384615,0.15230769230769228,0.08615384615384615,0.08615384615384614,0.2846153846153846,0.02,937000000.0,3526000000.0,1.995425066947937,3.5728371500968934,3.6850001335144045,1.3917324090003966,3.5924812245368956,2.117491933107376,3.367632234096527,2.4110369050502776
0.2846153846153846,0.08615384615384615,0.15230769230769228,0.08615384615384615,0.08615384615384614,0.2846153846153846,0.02,937000000.0,7054000000.0,1.7609834897518157,3.218507664203644,3.3065847849845884,1.1677654418349266,3.199977958202362,1.85590012550354,2.769963200092316,1.9976303505897521
0.2846153846153846,0.08615384615384615,0.15230769230769228,0.08615384615384615,0.08615384615384614,0.2846153846153846,0.02,937000000.0,10582000000.0,1.6857632207870483,3.091066975593567,3.195416069030762,1.0872261634469031,3.0840471529960634,1.7676885294914246,2.620147807598114,1.8629931569099427
0.2846153846153846,0.08615384615384615,0.15230769230769228,0.08615384615384615,0.08615384615384614,0.2846153846153846,0.02,937000000.0,14110000000.0,1.6417564117908479,3.023239541053772,3.124691982269287,1.040928622186184,3.012103745937347,1.7163816356658936,2.5505862748622894,1.7846190631389618
0.2846153846153846,0.08615384615384615,0.15230769230769228,0.08615384615384615,0.08615384615384614,0.2846153846153846,0.02,937000000.0,17638000000.0,1.6188036692142487,2.983105306625366,3.0748003721237183,1.013534858226776,2.964082238674164,1.6871710109710694,2.485407221317291,1.740856684446335
0.2846153846153846,0.08615384615384615,0.15230769230769228,0.08615384615384615,0.08615384615384614,0.2846153846153846,0.02,937000000.0,21166000000.0,1.5907744991779327,2.9569656229019166,3.047279706001282,0.9971993231773376,2.9266165399551394,1.6616153132915497,2.3742031168937685,1.7124436604976654
0.2846153846153846,0.08615384615384615,0.15230769230769228,0.08615384615384615,0.08615384615384614,0.2846153846153846,0.02,937000000.0,24694000000.0,1.581172068119049,2.9277271914482115,3.011859562397003,0.9873617085814476,2.9017236065864562,1.650995066165924,2.345248589515686,1.688193712234497
0.2846153846153846,0.08615384615384615,0.15230769230769228,0.08615384615384615,0.08615384615384614,0.2846153846153846,0.02,937000000.0,28222000000.0,1.568525459766388,2.9090097904205323,2.992568645477295,0.9707028383016586,2.880343670845032,1.634572137594223,2.3446644055843353,1.6618313312530517
0.2846153846153846,0.08615384615384615,0.15230769230769228,0.08615384615384615,0.08615384615384614,0.2846153846153846,0.02,937000000.0,31750000000.0,1.5546049630641938,2.9026697528362275,2.9824735713005066,0.9650707694888115,2.8685351395606995,1.6208658921718597,2.297428733110428,1.648480598926544
0.2846153846153846,0.08615384615384615,0.15230769230769228,0.08615384615384615,0.08615384615384614,0.2846153846153846,0.02,937000000.0,35278000000.0,1.5470081901550292,2.891435230970383,2.984072127342224,0.9527484861016273,2.861475133895874,1.6113878178596497,2.295070778131485,1.6409216916561127
0.2846153846153846,0.08615384615384615,0.15230769230769228,0.08615384615384615,0.08615384615384614,0.2846153846153846,0.02,937000000.0,35280000000.0,1.5470081901550292,2.891435230970383,2.984072127342224,0.9527484861016273,2.861475133895874,1.6113878178596497,2.295070778131485,1.6409216916561127
0.21846153846153843,0.02,0.02,0.2846153846153846,0.15230769230769228,0.02,0.2846153846153846,937000000.0,3526000000.0,2.077850785255432,3.7390425395965576,3.927463245391846,1.3814029195904731,3.6901621985435487,2.4361005389690398,2.603726320266724,2.598405776023865
0.21846153846153843,0.02,0.02,0.2846153846153846,0.15230769230769228,0.02,0.2846153846153846,937000000.0,7054000000.0,1.829900599718094,3.356165797710419,3.5100955390930175,1.1329553359746933,3.2659079217910767,2.1419963383674623,2.210775761604309,2.124340487718582
0.21846153846153843,0.02,0.02,0.2846153846153846,0.15230769230769228,0.02,0.2846153846153846,937000000.0,10582000000.0,1.7441484320163727,3.2144063305854798,3.3630177783966064,1.0561065384745598,3.117253239154816,2.0272287809848786,2.058635790348053,1.9739373421669006
0.21846153846153843,0.02,0.02,0.2846153846153846,0.15230769230769228,0.02,0.2846153846153846,937000000.0,14110000000.0,1.6992005431652069,3.1527873563766478,3.294797782897949,1.0000310373306274,3.050519862174988,1.9574294710159301,1.990710244178772,1.8971052253246308
0.21846153846153843,0.02,0.02,0.2846153846153846,0.15230769230769228,0.02,0.2846153846153846,937000000.0,17638000000.0,1.6713898980617523,3.1040128326416014,3.2490982151031496,0.9753843611478805,2.9963323974609377,1.9104771721363067,1.9449630200862884,1.841593405008316
0.21846153846153843,0.02,0.02,0.2846153846153846,0.15230769230769228,0.02,0.2846153846153846,937000000.0,21166000000.0,1.645654081106186,3.071535291671753,3.210550084114075,0.9659380334615707,2.960409641265869,1.9053301405906677,1.9068401408195497,1.8083237195014954
0.21846153846153843,0.02,0.02,0.2846153846153846,0.15230769230769228,0.02,0.2846153846153846,937000000.0,24694000000.0,1.634483013153076,3.045994505882263,3.1989312601089477,0.941513154655695,2.9412049746513365,1.8813506138324738,1.88735271692276,1.789396951198578
0.21846153846153843,0.02,0.02,0.2846153846153846,0.15230769230769228,0.02,0.2846153846153846,937000000.0,28222000000.0,1.620496711730957,3.0197440457344054,3.175625276565552,0.9244291317462922,2.9184706807136536,1.8670503175258637,1.864194655418396,1.7626619362831115
0.21846153846153843,0.02,0.02,0.2846153846153846,0.15230769230769228,0.02,0.2846153846153846,937000000.0,31750000000.0,1.606693308353424,3.0069120049476625,3.15215496301651,0.9235771597921848,2.9039461183547974,1.847126498222351,1.8441522908210755,1.743832709789276
0.21846153846153843,0.02,0.02,0.2846153846153846,0.15230769230769228,0.02,0.2846153846153846,937000000.0,35278000000.0,1.5962213563919068,2.992892093658447,3.1278768754005433,0.9136532086133957,2.8822967982292176,1.829818639755249,1.827282247543335,1.7263301169872285
0.21846153846153843,0.02,0.02,0.2846153846153846,0.15230769230769228,0.02,0.2846153846153846,937000000.0,35280000000.0,1.5962213563919068,2.992892093658447,3.1278768754005433,0.9136532086133957,2.8822967982292176,1.829818639755249,1.827282247543335,1.7263301169872285
0.020000000000000004,0.08615384615384615,0.35076923076923083,0.1523076923076923,0.3507692307692308,0.020000000000000004,0.020000000000000004,937000000.0,3526000000.0,2.4623273718357086,3.476041033267975,3.506263017654419,1.4856692269444465,3.3899964618682863,2.48958459854126,3.344288628101349,2.4370852971076964
0.020000000000000004,0.08615384615384615,0.35076923076923083,0.1523076923076923,0.3507692307692308,0.020000000000000004,0.020000000000000004,937000000.0,7054000000.0,2.118123368024826,3.1147893905639648,3.139727921485901,1.2091277280449868,3.0139536237716675,2.15243629693985,2.7321510910987854,2.001310933828354
0.020000000000000004,0.08615384615384615,0.35076923076923083,0.1523076923076923,0.3507692307692308,0.020000000000000004,0.020000000000000004,937000000.0,10582000000.0,2.007229596376419,2.9887425231933595,3.013602230548859,1.1122529911994934,2.8854370665550233,2.03098956823349,2.5466515338420868,1.8603429996967316
0.020000000000000004,0.08615384615384615,0.35076923076923083,0.1523076923076923,0.3507692307692308,0.020000000000000004,0.020000000000000004,937000000.0,14110000000.0,1.954891072511673,2.9388147807121277,2.961137673854828,1.0691486084461213,2.828422338962555,1.9828266310691833,2.4936091887950895,1.78831050157547
0.020000000000000004,0.08615384615384615,0.35076923076923083,0.1523076923076923,0.3507692307692308,0.020000000000000004,0.020000000000000004,937000000.0,17638000000.0,1.916611417531967,2.9006965517997743,2.9221530318260194,1.0399872609972953,2.787820620536804,1.9402894139289857,2.433573764562607,1.7345352053642273
0.020000000000000004,0.08615384615384615,0.35076923076923083,0.1523076923076923,0.3507692307692308,0.020000000000000004,0.020000000000000004,937000000.0,21166000000.0,1.9054574799537658,2.8648754215240477,2.888390693664551,1.0201674067974091,2.753389575481415,1.915472880601883,2.3263637626171114,1.7137467873096466
0.020000000000000004,0.08615384615384615,0.35076923076923083,0.1523076923076923,0.3507692307692308,0.020000000000000004,0.020000000000000004,937000000.0,24694000000.0,1.873808366060257,2.845279244184494,2.8656355428695677,0.9924996340274811,2.73143107175827,1.8934432005882262,2.2924058592319487,1.6892588889598847
0.020000000000000004,0.08615384615384615,0.35076923076923083,0.1523076923076923,0.3507692307692308,0.020000000000000004,0.020000000000000004,937000000.0,28222000000.0,1.8383127057552338,2.8290427219867706,2.8484713530540464,0.9858485594391823,2.712898335456848,1.8674295377731323,2.295240950584412,1.6810393738746643
0.020000000000000004,0.08615384615384615,0.35076923076923083,0.1523076923076923,0.3507692307692308,0.020000000000000004,0.020000000000000004,937000000.0,31750000000.0,1.8397568488121032,2.809554789066315,2.8332994961738587,0.9819099998474121,2.6946255946159363,1.8638686776161193,2.2479535150527954,1.6521505749225616
0.020000000000000004,0.08615384615384615,0.35076923076923083,0.1523076923076923,0.3507692307692308,0.020000000000000004,0.020000000000000004,937000000.0,35278000000.0,1.811918194293976,2.7999912905693054,2.8200351285934446,0.9682510480284691,2.6832392835617065,1.851453000307083,2.24071986079216,1.6307984817028045
0.020000000000000004,0.08615384615384615,0.35076923076923083,0.1523076923076923,0.3507692307692308,0.020000000000000004,0.020000000000000004,937000000.0,35280000000.0,1.811918194293976,2.7999912905693054,2.8200351285934446,0.9682510480284691,2.6832392835617065,1.851453000307083,2.24071986079216,1.6307984817028045
0.15230769230769228,0.15230769230769228,0.02,0.21846153846153843,0.15230769230769228,0.02,0.2846153846153846,937000000.0,3526000000.0,2.1316766941547396,3.5346428847312925,3.8313093638420104,1.413958196938038,3.615110991001129,2.453672572374344,2.5683117938041686,2.5793192839622496
0.15230769230769228,0.15230769230769228,0.02,0.21846153846153843,0.15230769230769228,0.02,0.2846153846153846,937000000.0,7054000000.0,1.8702217233181,3.1681654381752016,3.460556752681732,1.1654361009597778,3.2130886459350587,2.156656947135925,2.1873698806762696,2.110306488275528
0.15230769230769228,0.15230769230769228,0.02,0.21846153846153843,0.15230769230769228,0.02,0.2846153846153846,937000000.0,10582000000.0,1.7812141978740692,3.0445828223228455,3.3234164023399355,1.088401395380497,3.0733111476898194,2.0446896779537203,2.044457106590271,1.9573291659355163
0.15230769230769228,0.15230769230769228,0.02,0.21846153846153843,0.15230769230769228,0.02,0.2846153846153846,937000000.0,14110000000.0,1.7419572377204895,2.9755011510849,3.249538314342499,1.0407455784082413,3.0048965501785276,1.9778277146816254,1.9713919472694397,1.879879081249237
0.15230769230769228,0.15230769230769228,0.02,0.21846153846153843,0.15230769230769228,0.02,0.2846153846153846,937000000.0,17638000000.0,1.7062312579154968,2.9407298040390013,3.1958404326438905,1.0031577783823014,2.954197826385498,1.9275238180160523,1.9291181325912476,1.8267624127864837
0.15230769230769228,0.15230769230769228,0.02,0.21846153846153843,0.15230769230769228,0.02,0.2846153846153846,937000000.0,21166000000.0,1.682316621541977,2.9052689731121064,3.163390374183655,0.9956328371167182,2.9188340663909913,1.9214388847351074,1.8920365583896637,1.7955763566493987
0.15230769230769228,0.15230769230769228,0.02,0.21846153846153843,0.15230769230769228,0.02,0.2846153846153846,937000000.0,24694000000.0,1.6695652282238007,2.8870629727840424,3.148271803855896,0.9670027735829353,2.898727066516876,1.8928294777870178,1.8709616410732268,1.7644210743904114
0.15230769230769228,0.15230769230769228,0.02,0.21846153846153843,0.15230769230769228,0.02,0.2846153846153846,937000000.0,28222000000.0,1.6605479574203492,2.8657500565052034,3.1315197014808653,0.9649985295534134,2.879167459011078,1.8839365661144256,1.8505100274086,1.7457125806808471
0.15230769230769228,0.15230769230769228,0.02,0.21846153846153843,0.15230769230769228,0.02,0.2846153846153846,937000000.0,31750000000.0,1.6454375243186952,2.848382195234299,3.117059516906738,0.9478886851668358,2.865412495136261,1.8597242832183838,1.8319387578964232,1.7280908632278442
0.15230769230769228,0.15230769230769228,0.02,0.21846153846153843,0.15230769230769228,0.02,0.2846153846153846,937000000.0,35278000000.0,1.6334343338012696,2.8296289336681366,3.096072988510132,0.9448904258012771,2.843836581707001,1.8473954546451568,1.8141719806194305,1.717853046655655
0.15230769230769228,0.15230769230769228,0.02,0.21846153846153843,0.15230769230769228,0.02,0.2846153846153846,937000000.0,35280000000.0,1.6334343338012696,2.8296289336681366,3.096072988510132,0.9448904258012771,2.843836581707001,1.8473954546451568,1.8141719806194305,1.717853046655655
0.020000000000000004,0.08615384615384615,0.35076923076923083,0.1523076923076923,0.21846153846153848,0.020000000000000004,0.1523076923076923,937000000.0,3526000000.0,2.423622325658798,3.4684937977790833,3.5200800633430482,1.4616926446557046,3.4188093996047972,2.4342479407787323,2.692870795726776,2.4314625811576844
0.020000000000000004,0.08615384615384615,0.35076923076923083,0.1523076923076923,0.21846153846153848,0.020000000000000004,0.1523076923076923,937000000.0,7054000000.0,2.137480640411377,3.125228750705719,3.1628066539764403,1.209118323624134,3.0527237963676455,2.149733831882477,2.294236191511154,2.026405909061432
0.020000000000000004,0.08615384615384615,0.35076923076923083,0.1523076923076923,0.21846153846153848,0.020000000000000004,0.1523076923076923,937000000.0,10582000000.0,2.000890861749649,3.003877732753754,3.0419653177261354,1.1053427177667619,2.9281026101112366,2.027421910762787,2.1251540064811705,1.8783853983879089
0.020000000000000004,0.08615384615384615,0.35076923076923083,0.1523076923076923,0.21846153846153848,0.020000000000000004,0.1523076923076923,937000000.0,14110000000.0,1.9602299189567567,2.9475522017478943,2.983402953147888,1.0696823942661284,2.866014277935028,1.984652110338211,2.064217358827591,1.8121714079380036
0.020000000000000004,0.08615384615384615,0.35076923076923083,0.1523076923076923,0.21846153846153848,0.020000000000000004,0.1523076923076923,937000000.0,17638000000.0,1.9228121554851532,2.9110253727436066,2.946057631969452,1.0439393094182015,2.827410933971405,1.9527261292934417,2.009479854106903,1.765658404827118
0.020000000000000004,0.08615384615384615,0.35076923076923083,0.1523076923076923,0.21846153846153848,0.020000000000000004,0.1523076923076923,937000000.0,21166000000.0,1.889699957370758,2.8754063081741332,2.9101167345046997,1.0204450553655624,2.7923672008514404,1.9051002764701843,1.9718155980110168,1.7306824445724487
0.020000000000000004,0.08615384615384615,0.35076923076923083,0.1523076923076923,0.21846153846153848,0.020000000000000004,0.1523076923076923,937000000.0,24694000000.0,1.8720662224292755,2.8569999277591704,2.8868410849571227,0.9918818742036819,2.7702353048324584,1.88669117808342,1.9504650795459748,1.7041831803321839
0.020000000000000004,0.08615384615384615,0.35076923076923083,0.1523076923076923,0.21846153846153848,0.020000000000000004,0.1523076923076923,937000000.0,28222000000.0,1.8424884271621704,2.8383146142959594,2.870680687427521,0.988145897090435,2.752715051174164,1.877165641784668,1.9248232817649842,1.6845309329032898
0.020000000000000004,0.08615384615384615,0.35076923076923083,0.1523076923076923,0.21846153846153848,0.020000000000000004,0.1523076923076923,937000000.0,31750000000.0,1.8573414552211762,2.8219720458984376,2.8557915019989015,0.9858811891078949,2.7358601307868957,1.872340484857559,1.9059563970565796,1.6678217434883118
0.020000000000000004,0.08615384615384615,0.35076923076923083,0.1523076923076923,0.21846153846153848,0.020000000000000004,0.1523076923076923,937000000.0,35278000000.0,1.8172957587242127,2.8083299195766447,2.8426715183258056,0.9706278702616692,2.7232908058166503,1.8506662499904634,1.8962683355808259,1.65154687166214
0.020000000000000004,0.08615384615384615,0.35076923076923083,0.1523076923076923,0.21846153846153848,0.020000000000000004,0.1523076923076923,937000000.0,35280000000.0,1.8172957587242127,2.8083299195766447,2.8426715183258056,0.9706278702616692,2.7232908058166503,1.8506662499904634,1.8962683355808259,1.65154687166214
0.020000000000000004,0.21846153846153848,0.020000000000000004,0.08615384615384615,0.28461538461538466,0.1523076923076923,0.21846153846153848,937000000.0,3526000000.0,2.399598916769028,3.4361762952804566,3.7393226742744448,1.4808221471309662,3.5053443908691406,2.2849242234230043,2.6103570532798765,2.500388538837433
0.020000000000000004,0.21846153846153848,0.020000000000000004,0.08615384615384615,0.28461538461538466,0.1523076923076923,0.21846153846153848,937000000.0,7054000000.0,2.080583208799362,3.099936442375183,3.362057423591614,1.225336391031742,3.1165974831581114,1.9689703929424285,2.2299409663677214,2.052664303779602
0.020000000000000004,0.21846153846153848,0.020000000000000004,0.08615384615384615,0.28461538461538466,0.1523076923076923,0.21846153846153848,937000000.0,10582000000.0,1.9719041299819946,2.9693628120422364,3.2304721546173094,1.132598297894001,2.97898460149765,1.8727128744125365,2.073231873512268,1.9041701126098634
0.020000000000000004,0.21846153846153848,0.020000000000000004,0.08615384615384615,0.28461538461538466,0.1523076923076923,0.21846153846153848,937000000.0,14110000000.0,1.926326768398285,2.9071450746059417,3.1631699919700624,1.092249056994915,2.9126907563209534,1.8211390495300293,2.0048849880695343,1.8317981266975403
0.020000000000000004,0.21846153846153848,0.020000000000000004,0.08615384615384615,0.28461538461538466,0.1523076923076923,0.21846153846153848,937000000.0,17638000000.0,1.8943789780139924,2.8673476910591127,3.123465504646301,1.0638052803277969,2.8677575469017027,1.7866297900676726,1.955950093269348,1.7720379793643952
0.020000000000000004,0.21846153846153848,0.020000000000000004,0.08615384615384615,0.28461538461538466,0.1523076923076923,0.21846153846153848,937000000.0,21166000000.0,1.8737319314479828,2.838614798784256,3.095790271759033,1.0459033313393593,2.841499569416046,1.7657008504867553,1.9214005982875824,1.7471909189224244
0.020000000000000004,0.21846153846153848,0.020000000000000004,0.08615384615384615,0.28461538461538466,0.1523076923076923,0.21846153846153848,937000000.0,24694000000.0,1.849955450296402,2.809895968437195,3.068062300682068,1.029887932240963,2.804736316204071,1.7475327003002166,1.8960685729980469,1.7141050112247467
0.020000000000000004,0.21846153846153848,0.020000000000000004,0.08615384615384615,0.28461538461538466,0.1523076923076923,0.21846153846153848,937000000.0,28222000000.0,1.829773826599121,2.7943845105171206,3.0492053127288816,1.0192047423124313,2.787003812789917,1.734178088903427,1.8719728231430053,1.6963738632202148
0.020000000000000004,0.21846153846153848,0.020000000000000004,0.08615384615384615,0.28461538461538466,0.1523076923076923,0.21846153846153848,937000000.0,31750000000.0,1.820070139169693,2.778881776332855,3.0330857849121093,1.002561902999878,2.7763814330101013,1.715984218120575,1.8593806445598602,1.6741616868972777
0.020000000000000004,0.21846153846153848,0.020000000000000004,0.08615384615384615,0.28461538461538466,0.1523076923076923,0.21846153846153848,937000000.0,35278000000.0,1.799424695968628,2.7680456709861754,3.0134796118736267,0.9953679001331329,2.758940737247467,1.707640562057495,1.8406900203227996,1.6698627090454101
0.020000000000000004,0.21846153846153848,0.020000000000000004,0.08615384615384615,0.28461538461538466,0.1523076923076923,0.21846153846153848,937000000.0,35280000000.0,1.799424695968628,2.7680456709861754,3.0134796118736267,0.9953679001331329,2.758940737247467,1.707640562057495,1.8406900203227996,1.6698627090454101
0.08615384615384616,0.1523076923076923,0.1523076923076923,0.21846153846153848,0.21846153846153848,0.08615384615384616,0.08615384615384615,937000000.0,3526000000.0,2.1915195918083192,3.495487246513367,3.659705445766449,1.394660185277462,3.514285213947296,2.3311407995224,2.8951848435401915,2.498948073387146
0.08615384615384616,0.1523076923076923,0.1523076923076923,0.21846153846153848,0.21846153846153848,0.08615384615384616,0.08615384615384615,937000000.0,7054000000.0,1.919612113237381,3.1215044689178466,3.2663519525527955,1.1325582960247993,3.1084902143478392,1.991942927837372,2.4462091445922853,2.0180553686618805
0.08615384615384616,0.1523076923076923,0.1523076923076923,0.21846153846153848,0.21846153846153848,0.08615384615384616,0.08615384615384615,937000000.0,10582000000.0,1.8259487414360047,2.9986419224739076,3.136189441680908,1.0572010368108749,2.97861793756485,1.8898476541042328,2.2562742960453033,1.8695154666900635
0.08615384615384616,0.1523076923076923,0.1523076923076923,0.21846153846153848,0.21846153846153848,0.08615384615384616,0.08615384615384615,937000000.0,14110000000.0,1.7778165805339814,2.9351222741603853,3.0677066969871523,1.0110421094298363,2.91025440454483,1.8356719887256623,2.1924861991405487,1.799175442457199
0.08615384615384616,0.1523076923076923,0.1523076923076923,0.21846153846153848,0.21846153846153848,0.08615384615384616,0.08615384615384615,937000000.0,17638000000.0,1.766258443593979,2.896714414358139,3.0298963022232055,0.9817002463340759,2.8697754311561585,1.808424062728882,2.121234622001648,1.75129891872406
0.08615384615384616,0.1523076923076923,0.1523076923076923,0.21846153846153848,0.21846153846153848,0.08615384615384616,0.08615384615384615,937000000.0,21166000000.0,1.7227527606487274,2.8664015877246856,2.9982225775718687,0.9675230640172958,2.836110706329346,1.7802824413776397,2.0817603182792666,1.727235448360443
0.08615384615384616,0.1523076923076923,0.1523076923076923,0.21846153846153848,0.21846153846153848,0.08615384615384616,0.08615384615384615,937000000.0,24694000000.0,1.7158017289638519,2.841586651802063,2.972796103954315,0.9419237864017487,2.813094413280487,1.7591355907917023,2.0533021068573,1.6976002418994904
0.08615384615384616,0.1523076923076923,0.1523076923076923,0.21846153846153848,0.21846153846153848,0.08615384615384616,0.08615384615384615,937000000.0,28222000000.0,1.6937055015563964,2.820584464073181,2.950394904613495,0.940111623108387,2.79110862493515,1.7498557782173156,2.0211889159679415,1.669098218679428
0.08615384615384616,0.1523076923076923,0.1523076923076923,0.21846153846153848,0.21846153846153848,0.08615384615384616,0.08615384615384615,937000000.0,31750000000.0,1.6849461102485657,2.8066709887981416,2.9352022075653075,0.9294647544622421,2.7743221020698545,1.7417040836811066,2.0040518856048584,1.6536915147304534
0.08615384615384616,0.1523076923076923,0.1523076923076923,0.21846153846153848,0.21846153846153848,0.08615384615384616,0.08615384615384615,937000000.0,35278000000.0,1.6703297483921051,2.795514376163483,2.922970416545868,0.9176529096066952,2.7621284747123718,1.7214143478870392,2.000313220024109,1.6410199439525603
0.08615384615384616,0.1523076923076923,0.1523076923076923,0.21846153846153848,0.21846153846153848,0.08615384615384616,0.08615384615384615,937000000.0,35280000000.0,1.6703297483921051,2.795514376163483,2.922970416545868,0.9176529096066952,2.7621284747123718,1.7214143478870392,2.000313220024109,1.6410199439525603
0.1523076923076923,0.08615384615384616,0.020000000000000004,0.020000000000000004,0.35076923076923083,0.08615384615384615,0.28461538461538466,937000000.0,3526000000.0,2.1146877598762512,3.4978486585617063,3.7186584186553957,1.687926013469696,3.463002438545227,2.3934309947490693,2.5295221543312074,2.501759693622589
0.1523076923076923,0.08615384615384616,0.020000000000000004,0.020000000000000004,0.35076923076923083,0.08615384615384615,0.28461538461538466,937000000.0,7054000000.0,1.8543679642677307,3.15025021314621,3.351693034172058,1.3490772464871406,3.0876538062095644,2.0528310346603393,2.1557806062698366,2.045178518295288
0.1523076923076923,0.08615384615384616,0.020000000000000004,0.020000000000000004,0.35076923076923083,0.08615384615384615,0.28461538461538466,937000000.0,10582000000.0,1.7681495916843415,3.0308960032463075,3.222799255847931,1.2667902380228042,2.9557167625427248,1.9572641706466676,2.0159713208675383,1.9079538130760192
0.1523076923076923,0.08615384615384616,0.020000000000000004,0.020000000000000004,0.35076923076923083,0.08615384615384615,0.28461538461538466,937000000.0,14110000000.0,1.7316884648799897,2.966442356109619,3.1579115438461303,1.2243350493907927,2.893016982078552,1.9046587991714476,1.9521082746982574,1.8289501285552978
0.1523076923076923,0.08615384615384616,0.020000000000000004,0.020000000000000004,0.35076923076923083,0.08615384615384615,0.28461538461538466,937000000.0,17638000000.0,1.6970487344264984,2.9294026589393614,3.119051423072815,1.2019767370820045,2.8469961500167846,1.862712014913559,1.909332126379013,1.7761836099624633
0.1523076923076923,0.08615384615384616,0.020000000000000004,0.020000000000000004,0.35076923076923083,0.08615384615384615,0.28461538461538466,937000000.0,21166000000.0,1.6764093255996704,2.9017397570610046,3.0900696301460266,1.1697824236750602,2.821610505580902,1.8360067236423492,1.8766925597190858,1.7434218001365662
0.1523076923076923,0.08615384615384616,0.020000000000000004,0.020000000000000004,0.35076923076923083,0.08615384615384615,0.28461538461538466,937000000.0,24694000000.0,1.6621411538124085,2.877536746263504,3.0691173887252807,1.1529190203547477,2.7933754205703734,1.8212517869472504,1.8526959884166718,1.7227266824245453
0.1523076923076923,0.08615384615384616,0.020000000000000004,0.020000000000000004,0.35076923076923083,0.08615384615384615,0.28461538461538466,937000000.0,28222000000.0,1.6533277785778047,2.860542943477631,3.0511297726631166,1.1444131684303285,2.7746101784706116,1.8180852103233338,1.8343354856967926,1.7021484696865081
0.1523076923076923,0.08615384615384616,0.020000000000000004,0.020000000000000004,0.35076923076923083,0.08615384615384615,0.28461538461538466,937000000.0,31750000000.0,1.6412073457241059,2.8454174637794494,3.033864839076996,1.1209035325050354,2.7647862577438356,1.7912225425243378,1.817002774477005,1.678642476797104
0.1523076923076923,0.08615384615384616,0.020000000000000004,0.020000000000000004,0.35076923076923083,0.08615384615384615,0.28461538461538466,937000000.0,35278000000.0,1.6303029370307922,2.8326696944236756,3.0137180066108704,1.1098447614908218,2.748524374961853,1.7874012672901154,1.8021054840087891,1.6655448389053344
0.1523076923076923,0.08615384615384616,0.020000000000000004,0.020000000000000004,0.35076923076923083,0.08615384615384615,0.28461538461538466,937000000.0,35280000000.0,1.6303029370307922,2.8326696944236756,3.0137180066108704,1.1098447614908218,2.748524374961853,1.7874012672901154,1.8021054840087891,1.6655448389053344
0.1523076923076923,0.020000000000000004,0.21846153846153848,0.08615384615384615,0.1523076923076923,0.1523076923076923,0.21846153846153848,937000000.0,3526000000.0,2.0991809248924254,3.597230749130249,3.617934155464172,1.4616216027736664,3.508818905353546,2.247963337898254,2.607598136663437,2.441132116317749
0.1523076923076923,0.020000000000000004,0.21846153846153848,0.08615384615384615,0.1523076923076923,0.1523076923076923,0.21846153846153848,937000000.0,7054000000.0,1.838381243944168,3.235554287433624,3.2428380751609804,1.1944686314463615,3.121363966464996,1.9327503108978272,2.22263575553894,1.9944709706306458
0.1523076923076923,0.020000000000000004,0.21846153846153848,0.08615384615384615,0.1523076923076923,0.1523076923076923,0.21846153846153848,937000000.0,10582000000.0,1.7572000968456267,3.1242134380340576,3.1209004664421083,1.1268347030878068,2.9958261895179747,1.8540699505805969,2.0781820821762085,1.862072740793228
0.1523076923076923,0.020000000000000004,0.21846153846153848,0.08615384615384615,0.1523076923076923,0.1523076923076923,0.21846153846153848,937000000.0,14110000000.0,1.7172660827636719,3.054927771091461,3.0487027955055237,1.0805867913365363,2.925898129940033,1.795530661344528,2.0050987100601194,1.7918597590923309
0.1523076923076923,0.020000000000000004,0.21846153846153848,0.08615384615384615,0.1523076923076923,0.1523076923076923,0.21846153846153848,937000000.0,17638000000.0,1.686426148414612,3.0132587814331053,3.0133259105682373,1.0540221032500268,2.883926236629486,1.76302956700325,1.9631288635730744,1.7459307074546815
0.1523076923076923,0.020000000000000004,0.21846153846153848,0.08615384615384615,0.1523076923076923,0.1523076923076923,0.21846153846153848,937000000.0,21166000000.0,1.664908093214035,2.9913706254959105,2.9857703685760497,1.0407040867209434,2.8582486486434937,1.74377699136734,1.9274370455741883,1.7171796143054963
0.1523076923076923,0.020000000000000004,0.21846153846153848,0.08615384615384615,0.1523076923076923,0.1523076923076923,0.21846153846153848,937000000.0,24694000000.0,1.6525951611995697,2.9650354266166685,2.9613950872421264,1.016666797399521,2.832239236831665,1.728105651140213,1.9069332075119019,1.6926684498786926
0.1523076923076923,0.020000000000000004,0.21846153846153848,0.08615384615384615,0.1523076923076923,0.1523076923076923,0.21846153846153848,937000000.0,28222000000.0,1.6425955522060394,2.9459041452407835,2.9408539938926697,1.0089786586165428,2.8138293194770814,1.715614550113678,1.8805713486671447,1.6660233128070832
0.1523076923076923,0.020000000000000004,0.21846153846153848,0.08615384615384615,0.1523076923076923,0.1523076923076923,0.21846153846153848,937000000.0,31750000000.0,1.6308481681346894,2.9362784123420713,2.93010927438736,0.9993015941977501,2.804432678222656,1.7001510095596313,1.869847217798233,1.653514140844345
0.1523076923076923,0.020000000000000004,0.21846153846153848,0.08615384615384615,0.1523076923076923,0.1523076923076923,0.21846153846153848,937000000.0,35278000000.0,1.6182437562942504,2.918982204198837,2.9134158277511597,0.9904040378332138,2.7866248655319215,1.6903171241283417,1.8504488718509675,1.6437433183193206
0.1523076923076923,0.020000000000000004,0.21846153846153848,0.08615384615384615,0.1523076923076923,0.1523076923076923,0.21846153846153848,937000000.0,35280000000.0,1.6182437562942504,2.918982204198837,2.9134158277511597,0.9904040378332138,2.7866248655319215,1.6903171241283417,1.8504488718509675,1.6437433183193206
0.02,0.2846153846153846,0.21846153846153843,0.2846153846153846,0.02,0.15230769230769228,0.02,937000000.0,3526000000.0,2.4262875258922576,3.4883730745315553,3.7108288836479186,1.3869454035162925,3.66542409658432,2.276252170801163,3.5210062003135683,2.5591670727729796
0.02,0.2846153846153846,0.21846153846153843,0.2846153846153846,0.02,0.15230769230769228,0.02,937000000.0,7054000000.0,2.089920213222504,3.1098392462730406,3.2961379146575926,1.1157081228494645,3.2358376026153564,1.9516391825675965,2.7673491549491884,2.0682013642787935
0.02,0.2846153846153846,0.21846153846153843,0.2846153846153846,0.02,0.15230769230769228,0.02,937000000.0,10582000000.0,1.9741919362545013,2.9820664775371553,3.169090261459351,1.0321488004922867,3.1072492885589598,1.8400919008255006,2.607704690694809,1.9272200667858124
0.02,0.2846153846153846,0.21846153846153843,0.2846153846153846,0.02,0.15230769230769228,0.02,937000000.0,14110000000.0,1.926221033334732,2.9143854010105135,3.0973520779609682,0.9795585408806801,3.027219696044922,1.790344089269638,2.5197566771507263,1.8455208003520966
0.02,0.2846153846153846,0.21846153846153843,0.2846153846153846,0.02,0.15230769230769228,0.02,937000000.0,17638000000.0,1.891793475151062,2.8758932220935822,3.047661211490631,0.9576053979992867,2.9838640093803406,1.7525234627723694,2.4637773644924166,1.7940831685066223
0.02,0.2846153846153846,0.21846153846153843,0.2846153846153846,0.02,0.15230769230769228,0.02,937000000.0,21166000000.0,1.8650351750850678,2.843413029909134,3.02302464723587,0.9361508919298649,2.9478396224975585,1.7279463338851928,2.3610319912433626,1.7649475407600403
0.02,0.2846153846153846,0.21846153846153843,0.2846153846153846,0.02,0.15230769230769228,0.02,937000000.0,24694000000.0,1.8388345646858215,2.81263614654541,2.982634701728821,0.9196800218522548,2.917145805358887,1.712649085521698,2.325311155319214,1.7353748512268066
0.02,0.2846153846153846,0.21846153846153843,0.2846153846153846,0.02,0.15230769230769228,0.02,937000000.0,28222000000.0,1.8225486516952514,2.7927761268615723,2.96391193151474,0.9047345958650113,2.894584469795227,1.69320583820343,2.3205052828788757,1.7059111595153809
0.02,0.2846153846153846,0.21846153846153843,0.2846153846153846,0.02,0.15230769230769228,0.02,937000000.0,31750000000.0,1.816862347126007,2.7794668197631838,2.954947862625122,0.9044427224993705,2.884959728717804,1.685191671848297,2.2827644145488737,1.6961696445941925
0.02,0.2846153846153846,0.21846153846153843,0.2846153846153846,0.02,0.15230769230769228,0.02,937000000.0,35278000000.0,1.793847723007202,2.7648991417884825,2.9472581195831298,0.8922856207191944,2.866243689060211,1.6727208971977234,2.2680277216434477,1.674509218931198
0.02,0.2846153846153846,0.21846153846153843,0.2846153846153846,0.02,0.15230769230769228,0.02,937000000.0,35280000000.0,1.793847723007202,2.7648991417884825,2.9472581195831298,0.8922856207191944,2.866243689060211,1.6727208971977234,2.2680277216434477,1.674509218931198
0.1523076923076923,0.1523076923076923,0.21846153846153848,0.08615384615384616,0.1523076923076923,0.21846153846153848,0.020000000000000004,937000000.0,3526000000.0,2.088602964878082,3.4845509791374205,3.607493953704834,1.4392892056703568,3.5100371170043947,2.1951861560344694,3.407593231201172,2.421910285949707
0.1523076923076923,0.1523076923076923,0.21846153846153848,0.08615384615384616,0.1523076923076923,0.21846153846153848,0.020000000000000004,937000000.0,7054000000.0,1.8325717079639434,3.11398095369339,3.228989579677582,1.1850184127688408,3.1136418890953066,1.8945623707771302,2.7307776522636416,1.9711570405960084
0.1523076923076923,0.1523076923076923,0.21846153846153848,0.08615384615384616,0.1523076923076923,0.21846153846153848,0.020000000000000004,937000000.0,10582000000.0,1.743219748735428,2.9927265501022338,3.1030824899673464,1.0928332489728927,2.983562252521515,1.7922610831260681,2.5528968465328217,1.8230441546440124
0.1523076923076923,0.1523076923076923,0.21846153846153848,0.08615384615384616,0.1523076923076923,0.21846153846153848,0.020000000000000004,937000000.0,14110000000.0,1.7094666874408722,2.930240212678909,3.0419729781150817,1.0533848240971566,2.922369267940521,1.7473052477836608,2.4937110888957976,1.7641834509372711
0.1523076923076923,0.1523076923076923,0.21846153846153848,0.08615384615384616,0.1523076923076923,0.21846153846153848,0.020000000000000004,937000000.0,17638000000.0,1.6771893751621247,2.89642991065979,2.9958307409286498,1.0237782090902328,2.875006420612335,1.7158501768112182,2.432220267057419,1.7163066053390503
0.1523076923076923,0.1523076923076923,0.21846153846153848,0.08615384615384616,0.1523076923076923,0.21846153846153848,0.020000000000000004,937000000.0,21166000000.0,1.6535957086086273,2.862593597173691,2.9697626709938048,1.0116423472762108,2.843228187561035,1.6947158324718474,2.3328469598293307,1.6913005745410918
0.1523076923076923,0.1523076923076923,0.21846153846153848,0.08615384615384616,0.1523076923076923,0.21846153846153848,0.020000000000000004,937000000.0,24694000000.0,1.6422363829612732,2.84137237906456,2.9386819291114805,0.9994880843162537,2.8184163117408754,1.6816361963748931,2.3045015025138853,1.6633011877536774
0.1523076923076923,0.1523076923076923,0.21846153846153848,0.08615384615384616,0.1523076923076923,0.21846153846153848,0.020000000000000004,937000000.0,28222000000.0,1.629595446586609,2.8191490244865416,2.91971009016037,0.982791556417942,2.797425141334534,1.6633744084835052,2.2996720623970033,1.643091093301773
0.1523076923076923,0.1523076923076923,0.21846153846153848,0.08615384615384616,0.1523076923076923,0.21846153846153848,0.020000000000000004,937000000.0,31750000000.0,1.6168063628673552,2.8036773133277895,2.9074353623390197,0.97755564391613,2.7821564793586733,1.6516685032844542,2.2559428787231446,1.6259489643573761
0.1523076923076923,0.1523076923076923,0.21846153846153848,0.08615384615384616,0.1523076923076923,0.21846153846153848,0.020000000000000004,937000000.0,35278000000.0,1.606835663318634,2.7925491404533385,2.904637815952301,0.9649251934885978,2.7736206746101377,1.641611715555191,2.2494279885292054,1.6192515563964844
0.1523076923076923,0.1523076923076923,0.21846153846153848,0.08615384615384616,0.1523076923076923,0.21846153846153848,0.020000000000000004,937000000.0,35280000000.0,1.606835663318634,2.7925491404533385,2.904637815952301,0.9649251934885978,2.7736206746101377,1.641611715555191,2.2494279885292054,1.6192515563964844
0.21846153846153848,0.21846153846153848,0.08615384615384616,0.1523076923076923,0.08615384615384616,0.21846153846153848,0.020000000000000004,937000000.0,3526000000.0,2.0309576666355134,3.48121191740036,3.7467311692237852,1.3663117375969887,3.6214870500564573,2.1497352993488312,3.352546555995941,2.449871289730072
0.21846153846153848,0.21846153846153848,0.08615384615384616,0.1523076923076923,0.08615384615384616,0.21846153846153848,0.020000000000000004,937000000.0,7054000000.0,1.8005114567279816,3.13735342502594,3.3710528302192686,1.1489131721854209,3.232053382396698,1.8981679117679595,2.788509478569031,2.02775594830513
0.21846153846153848,0.21846153846153848,0.08615384615384616,0.1523076923076923,0.08615384615384616,0.21846153846153848,0.020000000000000004,937000000.0,10582000000.0,1.7202107298374176,3.0094733142852785,3.2472964787483214,1.0603635892271996,3.1002130103111267,1.8037520813941956,2.5965752005577087,1.889381880760193
0.21846153846153848,0.21846153846153848,0.08615384615384616,0.1523076923076923,0.08615384615384616,0.21846153846153848,0.020000000000000004,937000000.0,14110000000.0,1.6766755402088165,2.94617035984993,3.1715428280830382,1.0216454929113388,3.023699836730957,1.7481829452514648,2.530113455057144,1.8060083496570587
0.21846153846153848,0.21846153846153848,0.08615384615384616,0.1523076923076923,0.08615384615384616,0.21846153846153848,0.020000000000000004,937000000.0,17638000000.0,1.647176388502121,2.8960428643226623,3.1153131246566774,0.9866364175081253,2.9674939632415773,1.7121516156196595,2.4558114874362946,1.7469252574443817
0.21846153846153848,0.21846153846153848,0.08615384615384616,0.1523076923076923,0.08615384615384616,0.21846153846153848,0.020000000000000004,937000000.0,21166000000.0,1.6237662982940675,2.875330985784531,3.0931521320343016,0.9692733353376388,2.9415856075286864,1.6923388278484344,2.3613068532943724,1.7284985518455505
0.21846153846153848,0.21846153846153848,0.08615384615384616,0.1523076923076923,0.08615384615384616,0.21846153846153848,0.020000000000000004,937000000.0,24694000000.0,1.6093813467025757,2.8441804790496827,3.0541268587112427,0.9471874353289604,2.9106568193435667,1.6742160713672638,2.3276366317272186,1.6953889071941375
0.21846153846153848,0.21846153846153848,0.08615384615384616,0.1523076923076923,0.08615384615384616,0.21846153846153848,0.020000000000000004,937000000.0,28222000000.0,1.5979040551185608,2.8267895913124086,3.0374767422676086,0.9440376195311546,2.8932682371139524,1.6593613028526306,2.326945730447769,1.6805228543281556
0.21846153846153848,0.21846153846153848,0.08615384615384616,0.1523076923076923,0.08615384615384616,0.21846153846153848,0.020000000000000004,937000000.0,31750000000.0,1.5838697063922882,2.8100905656814574,3.0169791769981384,0.9363094422221184,2.869185948371887,1.6481451272964478,2.2804538977146147,1.6586258351802825
0.21846153846153848,0.21846153846153848,0.08615384615384616,0.1523076923076923,0.08615384615384616,0.21846153846153848,0.020000000000000004,937000000.0,35278000000.0,1.575153524875641,2.8009108233451845,3.0166099882125854,0.9252714627981186,2.862110712528229,1.636343618631363,2.269623497724533,1.6486816489696503
0.21846153846153848,0.21846153846153848,0.08615384615384616,0.1523076923076923,0.08615384615384616,0.21846153846153848,0.020000000000000004,937000000.0,35280000000.0,1.575153524875641,2.8009108233451845,3.0166099882125854,0.9252714627981186,2.862110712528229,1.636343618631363,2.269623497724533,1.6486816489696503
0.15230769230769234,0.15230769230769234,0.15230769230769234,0.020000000000000004,0.1523076923076923,0.1523076923076923,0.21846153846153848,937000000.0,3526000000.0,2.106661922931671,3.46511785030365,3.6357672309875486,1.6125572663545609,3.507721998691559,2.3023848938941955,2.6051538121700286,2.4643943524360656
0.15230769230769234,0.15230769230769234,0.15230769230769234,0.020000000000000004,0.1523076923076923,0.1523076923076923,0.21846153846153848,937000000.0,7054000000.0,1.8452013754844665,3.113038761615753,3.2691329741477966,1.3067165201902389,3.1262413358688352,1.961190184354782,2.219304141998291,2.0174316120147706
0.15230769230769234,0.15230769230769234,0.15230769230769234,0.020000000000000004,0.1523076923076923,0.1523076923076923,0.21846153846153848,937000000.0,10582000000.0,1.7605045628547669,2.993856930732727,3.1431260204315183,1.2229812011122703,2.9929986715316774,1.8740818738937377,2.0714841973781586,1.8746522438526154
0.15230769230769234,0.15230769230769234,0.15230769230769234,0.020000000000000004,0.1523076923076923,0.1523076923076923,0.21846153846153848,937000000.0,14110000000.0,1.722972640991211,2.9283734047412873,3.078817722797394,1.1787422451376914,2.9275755000114443,1.817053155899048,2.0013170433044434,1.8054983615875244
0.15230769230769234,0.15230769230769234,0.15230769230769234,0.020000000000000004,0.1523076923076923,0.1523076923076923,0.21846153846153848,937000000.0,17638000000.0,1.6929268181324004,2.8991904711723326,3.0376553463935854,1.1454069262742996,2.8836838579177857,1.7834359431266784,1.9595783710479737,1.7598298585414887
0.15230769230769234,0.15230769230769234,0.15230769230769234,0.020000000000000004,0.1523076923076923,0.1523076923076923,0.21846153846153848,937000000.0,21166000000.0,1.67033793091774,2.867104289531708,3.0138347339630127,1.135159088075161,2.8578333830833436,1.7617473459243775,1.9232609248161316,1.7266569066047668
0.15230769230769234,0.15230769230769234,0.15230769230769234,0.020000000000000004,0.1523076923076923,0.1523076923076923,0.21846153846153848,937000000.0,24694000000.0,1.6566050159931183,2.8434419095516206,2.9809519624710084,1.1155998906493187,2.829875264167786,1.748712100982666,1.9022982156276702,1.7000539302825928
0.15230769230769234,0.15230769230769234,0.15230769230769234,0.020000000000000004,0.1523076923076923,0.1523076923076923,0.21846153846153848,937000000.0,28222000000.0,1.648257427215576,2.824055882692337,2.962397689819336,1.1020067504048348,2.810590410232544,1.73488915681839,1.8777701008319854,1.6841715025901793
0.15230769230769234,0.15230769230769234,0.15230769230769234,0.020000000000000004,0.1523076923076923,0.1523076923076923,0.21846153846153848,937000000.0,31750000000.0,1.634953806400299,2.8120338129997253,2.9574998879432677,1.091393573284149,2.8039966225624084,1.7191783475875855,1.8668604111671447,1.666108365058899
0.15230769230769234,0.15230769230769234,0.15230769230769234,0.020000000000000004,0.1523076923076923,0.1523076923076923,0.21846153846153848,937000000.0,35278000000.0,1.6235371398925782,2.7963299703598024,2.9441644501686097,1.0825819715857505,2.785175094604492,1.708654956817627,1.8463983464241027,1.6520536589622496
0.15230769230769234,0.15230769230769234,0.15230769230769234,0.020000000000000004,0.1523076923076923,0.1523076923076923,0.21846153846153848,937000000.0,35280000000.0,1.6235371398925782,2.7963299703598024,2.9441644501686097,1.0825819715857505,2.785175094604492,1.708654956817627,1.8463983464241027,1.6520536589622496
0.08615384615384616,0.08615384615384616,0.08615384615384616,0.1523076923076923,0.21846153846153848,0.1523076923076923,0.21846153846153848,937000000.0,3526000000.0,2.1695557868480684,3.549494655132294,3.7014559936523437,1.4013479626178742,3.530340211391449,2.236057127714157,2.6212375807762145,2.4629705786705016
0.08615384615384616,0.08615384615384616,0.08615384615384616,0.1523076923076923,0.21846153846153848,0.1523076923076923,0.21846153846153848,937000000.0,7054000000.0,1.9124636840820313,3.1687595081329345,3.313141117095947,1.157981877028942,3.1291831970214843,1.9376303720474244,2.2246462285518644,2.0224667453765868
0.08615384615384616,0.08615384615384616,0.08615384615384616,0.1523076923076923,0.21846153846153848,0.1523076923076923,0.21846153846153848,937000000.0,10582000000.0,1.8232301652431488,3.051105787754059,3.187278861999512,1.0661596649885177,2.9988691544532777,1.8453468322753905,2.0767163753509523,1.8816709876060487
0.08615384615384616,0.08615384615384616,0.08615384615384616,0.1523076923076923,0.21846153846153848,0.1523076923076923,0.21846153846153848,937000000.0,14110000000.0,1.7729390561580658,2.991207628250122,3.1208651471138,1.0298983591794968,2.933266146183014,1.7937024569511413,2.0085172593593597,1.809327440261841
0.08615384615384616,0.08615384615384616,0.08615384615384616,0.1523076923076923,0.21846153846153848,0.1523076923076923,0.21846153846153848,937000000.0,17638000000.0,1.7621184647083283,2.9425915336608885,3.0790246176719664,1.0078469446301461,2.886778960227966,1.7617124760150908,1.9623741185665131,1.7561479711532593
0.08615384615384616,0.08615384615384616,0.08615384615384616,0.1523076923076923,0.21846153846153848,0.1523076923076923,0.21846153846153848,937000000.0,21166000000.0,1.7210228180885314,2.918566780090332,3.0471251440048217,0.9885398980975151,2.859563121795654,1.7390450167655944,1.9248061311244964,1.7282738149166108
0.08615384615384616,0.08615384615384616,0.08615384615384616,0.1523076923076923,0.21846153846153848,0.1523076923076923,0.21846153846153848,937000000.0,24694000000.0,1.7189724445343018,2.8913878238201143,3.0258353996276854,0.9649219173192978,2.82990770816803,1.7236145794391633,1.9025681960582732,1.708084979057312
0.08615384615384616,0.08615384615384616,0.08615384615384616,0.1523076923076923,0.21846153846153848,0.1523076923076923,0.21846153846153848,937000000.0,28222000000.0,1.693835241794586,2.8784831523895265,3.0062985944747926,0.960979160964489,2.8119424629211425,1.710232254266739,1.8783308744430542,1.6867228770256042
0.08615384615384616,0.08615384615384616,0.08615384615384616,0.1523076923076923,0.21846153846153848,0.1523076923076923,0.21846153846153848,937000000.0,31750000000.0,1.682558536529541,2.8599429047107696,2.991132848262787,0.9523711833357811,2.799768009185791,1.693927869796753,1.8655263042449952,1.670057189464569
0.08615384615384616,0.08615384615384616,0.08615384615384616,0.1523076923076923,0.21846153846153848,0.1523076923076923,0.21846153846153848,937000000.0,35278000000.0,1.6695441174507142,2.8455651426315307,2.9708007979393005,0.9372800594568252,2.782136843204498,1.6842308568954467,1.8462393546104432,1.6538553369045257
0.08615384615384616,0.08615384615384616,0.08615384615384616,0.1523076923076923,0.21846153846153848,0.1523076923076923,0.21846153846153848,937000000.0,35280000000.0,1.6695441174507142,2.8455651426315307,2.9708007979393005,0.9372800594568252,2.782136843204498,1.6842308568954467,1.8462393546104432,1.6538553369045257
0.020000000000000004,0.020000000000000004,0.28461538461538466,0.08615384615384615,0.1523076923076923,0.1523076923076923,0.28461538461538466,937000000.0,3526000000.0,2.386242048740387,3.5904144620895386,3.589286551475525,1.4710332077741624,3.499177887439728,2.2499076855182647,2.5542907309532166,2.4665896224975588
0.020000000000000004,0.020000000000000004,0.28461538461538466,0.08615384615384615,0.1523076923076923,0.1523076923076923,0.28461538461538466,937000000.0,7054000000.0,2.06196759223938,3.22005695104599,3.208090305328369,1.2042752227187157,3.100844542980194,1.945290379524231,2.1584821343421936,2.017865550518036
0.020000000000000004,0.020000000000000004,0.28461538461538466,0.08615384615384615,0.1523076923076923,0.1523076923076923,0.28461538461538466,937000000.0,10582000000.0,1.9595160925388335,3.1015527868270873,3.0897107839584352,1.1176560014486312,2.978902287483215,1.8472590637207031,2.0231186044216156,1.873559010028839
0.020000000000000004,0.020000000000000004,0.28461538461538466,0.08615384615384615,0.1523076923076923,0.1523076923076923,0.28461538461538466,937000000.0,14110000000.0,1.9241387581825256,3.0413345098495483,3.024547851085663,1.0760354772210121,2.912554094791412,1.8065731775760652,1.9516863918304443,1.8058478033542633
0.020000000000000004,0.020000000000000004,0.28461538461538466,0.08615384615384615,0.1523076923076923,0.1523076923076923,0.28461538461538466,937000000.0,17638000000.0,1.884650638103485,3.004420962333679,2.983872637748718,1.0475472298264503,2.868771607875824,1.7696245646476745,1.9113400721549987,1.7597101986408235
0.020000000000000004,0.020000000000000004,0.28461538461538466,0.08615384615384615,0.1523076923076923,0.1523076923076923,0.28461538461538466,937000000.0,21166000000.0,1.8590022897720337,2.9712915873527526,2.9529863572120667,1.037254582941532,2.8421123242378235,1.7475211381912232,1.8796554934978484,1.7274260354042053
0.020000000000000004,0.020000000000000004,0.28461538461538466,0.08615384615384615,0.1523076923076923,0.1523076923076923,0.28461538461538466,937000000.0,24694000000.0,1.8466486573219298,2.9470007181167603,2.932394289970398,1.021901578605175,2.813695967197418,1.7324618005752563,1.85751060962677,1.6988263130187988
0.020000000000000004,0.020000000000000004,0.28461538461538466,0.08615384615384615,0.1523076923076923,0.1523076923076923,0.28461538461538466,937000000.0,28222000000.0,1.8250771498680114,2.931946138143539,2.9132780861854553,1.0077591240406036,2.7979749774932863,1.7200341069698333,1.8374072790145874,1.6848345470428467
0.020000000000000004,0.020000000000000004,0.28461538461538466,0.08615384615384615,0.1523076923076923,0.1523076923076923,0.28461538461538466,937000000.0,31750000000.0,1.824317878484726,2.9159048879146576,2.8971785259246827,1.0051088428497315,2.7832956314086914,1.7110177862644196,1.8187424564361572,1.6656823897361754
0.020000000000000004,0.020000000000000004,0.28461538461538466,0.08615384615384615,0.1523076923076923,0.1523076923076923,0.28461538461538466,937000000.0,35278000000.0,1.7978312075138092,2.901802933216095,2.8848535656929015,0.9895402067899703,2.772955038547516,1.6947109174728394,1.8060672497749328,1.6490574645996094
0.020000000000000004,0.020000000000000004,0.28461538461538466,0.08615384615384615,0.1523076923076923,0.1523076923076923,0.28461538461538466,937000000.0,35280000000.0,1.7978312075138092,2.901802933216095,2.8848535656929015,0.9895402067899703,2.772955038547516,1.6947109174728394,1.8060672497749328,1.6490574645996094
0.08615384615384614,0.020000000000000004,0.020000000000000004,0.28461538461538466,0.1523076923076923,0.28461538461538466,0.1523076923076923,937000000.0,3526000000.0,2.152922202348709,3.7137914443016053,3.8975463986396788,1.2986876147985458,3.6751420092582703,2.111431829929352,2.760143859386444,2.534900929927826
0.08615384615384614,0.020000000000000004,0.020000000000000004,0.28461538461538466,0.1523076923076923,0.28461538461538466,0.1523076923076923,937000000.0,7054000000.0,1.909748945236206,3.3546670794487,3.501432762145996,1.0788788962364197,3.270594046115875,1.86028484582901,2.365204108953476,2.091274849176407
0.08615384615384614,0.020000000000000004,0.020000000000000004,0.28461538461538466,0.1523076923076923,0.28461538461538466,0.1523076923076923,937000000.0,10582000000.0,1.818451200723648,3.2291590547561646,3.3681344032287597,1.0056941893696785,3.1328990173339846,1.764262489080429,2.1871269929409025,1.942593870162964
0.08615384615384614,0.020000000000000004,0.020000000000000004,0.28461538461538466,0.1523076923076923,0.28461538461538466,0.1523076923076923,937000000.0,14110000000.0,1.7660825109481813,3.161648144721985,3.287285118103027,0.9514336919784546,3.054913959503174,1.713593168258667,2.1124613952636717,1.8584553825855255
0.08615384615384614,0.020000000000000004,0.020000000000000004,0.28461538461538466,0.1523076923076923,0.28461538461538466,0.1523076923076923,937000000.0,17638000000.0,1.7493048882484437,3.1032077050209046,3.2339315843582153,0.9323312705755233,2.9987430667877195,1.6853953754901887,2.0519441819190978,1.8070487093925476
0.08615384615384614,0.020000000000000004,0.020000000000000004,0.28461538461538466,0.1523076923076923,0.28461538461538466,0.1523076923076923,937000000.0,21166000000.0,1.71378830909729,3.076261613368988,3.1996282362937927,0.9179451698064804,2.9706775307655335,1.664159163236618,2.019725042581558,1.78011336684227
0.08615384615384614,0.020000000000000004,0.020000000000000004,0.28461538461538466,0.1523076923076923,0.28461538461538466,0.1523076923076923,937000000.0,24694000000.0,1.707260138988495,3.0491019749641417,3.163144836425781,0.9002502000331879,2.933505110740662,1.6495654582977295,1.995285621881485,1.7478825640678406
0.08615384615384614,0.020000000000000004,0.020000000000000004,0.28461538461538466,0.1523076923076923,0.28461538461538466,0.1523076923076923,937000000.0,28222000000.0,1.6860360407829285,3.0264621591567993,3.1543434643745423,0.8885953149199486,2.9164011526107787,1.6372444415092469,1.9659868800640106,1.723132827281952
0.08615384615384614,0.020000000000000004,0.020000000000000004,0.28461538461538466,0.1523076923076923,0.28461538461538466,0.1523076923076923,937000000.0,31750000000.0,1.6737238049507142,3.008140571117401,3.1333576822280884,0.8829007156193256,2.9002026104927063,1.621532870531082,1.9451787519454955,1.7037976741790772
0.08615384615384614,0.020000000000000004,0.020000000000000004,0.28461538461538466,0.1523076923076923,0.28461538461538466,0.1523076923076923,937000000.0,35278000000.0,1.6601952457427978,3.002004268169403,3.1176386523246764,0.8693017053604126,2.8917903017997744,1.6089369916915894,1.9351731157302856,1.6937721574306488
0.08615384615384614,0.020000000000000004,0.020000000000000004,0.28461538461538466,0.1523076923076923,0.28461538461538466,0.1523076923076923,937000000.0,35280000000.0,1.6601952457427978,3.002004268169403,3.1176386523246764,0.8693017053604126,2.8917903017997744,1.6089369916915894,1.9351731157302856,1.6937721574306488
0.02,0.02,0.21846153846153843,0.2846153846153846,0.08615384615384615,0.08615384615384614,0.2846153846153846,937000000.0,3526000000.0,2.414807994365692,3.6592762160301207,3.681517004966736,1.3475542771816253,3.592506594657898,2.287052708864212,2.572049865722656,2.5149729895591735
0.02,0.02,0.21846153846153843,0.2846153846153846,0.08615384615384615,0.08615384615384614,0.2846153846153846,937000000.0,7054000000.0,2.086007306575775,3.285651638507843,3.293913655281067,1.108039343357086,3.1912422490119936,1.9866457664966584,2.1836032938957213,2.0657993745803833
0.02,0.02,0.21846153846153843,0.2846153846153846,0.08615384615384615,0.08615384615384614,0.2846153846153846,937000000.0,10582000000.0,1.9908477449417115,3.157266147136688,3.1649898791313174,1.0424457252025605,3.056413118839264,1.9009773099422456,2.04570840716362,1.9346561002731324
0.02,0.02,0.21846153846153843,0.2846153846153846,0.08615384615384615,0.08615384615384614,0.2846153846153846,937000000.0,14110000000.0,1.9438084375858307,3.1015457987785338,3.0980026364326476,0.9878951072692871,2.9932481622695923,1.8468117964267732,1.9775311172008514,1.8557154750823974
0.02,0.02,0.21846153846153843,0.2846153846153846,0.08615384615384615,0.08615384615384614,0.2846153846153846,937000000.0,17638000000.0,1.9052213156223297,3.059528422355652,3.049581296443939,0.9646210503578186,2.942828118801117,1.8075373733043671,1.9302847003936767,1.8130648148059845
0.02,0.02,0.21846153846153843,0.2846153846153846,0.08615384615384615,0.08615384615384614,0.2846153846153846,937000000.0,21166000000.0,1.8775425493717193,3.017673661708832,3.01202091217041,0.9520340666174889,2.906321246623993,1.782486718893051,1.8939930927753448,1.7701618456840515
0.02,0.02,0.21846153846153843,0.2846153846153846,0.08615384615384615,0.08615384615384614,0.2846153846153846,937000000.0,24694000000.0,1.874624263048172,3.0017140102386475,2.9971834874153136,0.9325952440500259,2.889638342857361,1.772613333463669,1.8744588243961333,1.749514603614807
0.02,0.02,0.21846153846153843,0.2846153846153846,0.08615384615384615,0.08615384615384614,0.2846153846153846,937000000.0,28222000000.0,1.8469333338737488,2.9822456455230713,2.9788097596168517,0.9170242899656296,2.868990726470947,1.7622722160816193,1.853392744064331,1.7272520995140075
0.02,0.02,0.21846153846153843,0.2846153846153846,0.08615384615384615,0.08615384615384614,0.2846153846153846,937000000.0,31750000000.0,1.8404850745201111,2.964620168209076,2.9602967405319216,0.9177406050264836,2.8558906936645507,1.7441950237751007,1.834301896095276,1.712390114068985
0.02,0.02,0.21846153846153843,0.2846153846153846,0.08615384615384615,0.08615384615384614,0.2846153846153846,937000000.0,35278000000.0,1.8159171950817108,2.9462517154216767,2.9441353988647463,0.9095483437180519,2.8360567331314086,1.738004935979843,1.8213218450546265,1.6983895075321198
0.02,0.02,0.21846153846153843,0.2846153846153846,0.08615384615384615,0.08615384615384614,0.2846153846153846,937000000.0,35280000000.0,1.8159171950817108,2.9462517154216767,2.9441353988647463,0.9095483437180519,2.8360567331314086,1.738004935979843,1.8213218450546265,1.6983895075321198
0.08615384615384616,0.21846153846153848,0.08615384615384616,0.08615384615384615,0.3507692307692308,0.020000000000000004,0.1523076923076923,937000000.0,3526000000.0,2.194491093158722,3.410302896499634,3.62848659992218,1.5673275715112687,3.435736174583435,2.509828804731369,2.7074357795715334,2.501566774845123
0.08615384615384616,0.21846153846153848,0.08615384615384616,0.08615384615384615,0.3507692307692308,0.020000000000000004,0.1523076923076923,937000000.0,7054000000.0,1.9368175232410432,3.0653802800178527,3.274277741909027,1.2765439927577973,3.061469271183014,2.1914307296276094,2.2967094469070433,2.0484785330295563
0.08615384615384616,0.21846153846153848,0.08615384615384616,0.08615384615384615,0.3507692307692308,0.020000000000000004,0.1523076923076923,937000000.0,10582000000.0,1.8596065020561219,2.9543803310394288,3.1504752922058104,1.203385397195816,2.940583052635193,2.0965741539001463,2.1397734665870667,1.9096410393714904
0.08615384615384616,0.21846153846153848,0.08615384615384616,0.08615384615384615,0.3507692307692308,0.020000000000000004,0.1523076923076923,937000000.0,14110000000.0,1.793386495113373,2.887839294672012,3.076579132080078,1.1503914660215377,2.8672537279129027,2.0333056557178497,2.0649319386482237,1.830912275314331
0.08615384615384616,0.21846153846153848,0.08615384615384616,0.08615384615384615,0.3507692307692308,0.020000000000000004,0.1523076923076923,937000000.0,17638000000.0,1.786152060031891,2.8467093777656554,3.034219193458557,1.1144891980290412,2.821040930747986,1.9915084505081178,2.0056919968128204,1.7765648686885833
0.08615384615384616,0.21846153846153848,0.08615384615384616,0.08615384615384615,0.3507692307692308,0.020000000000000004,0.1523076923076923,937000000.0,21166000000.0,1.7412843775749207,2.822238343954086,3.007961857318878,1.1084601977467536,2.793218262195587,1.9530812740325927,1.9763832950592042,1.7463011789321898
0.08615384615384616,0.21846153846153848,0.08615384615384616,0.08615384615384615,0.3507692307692308,0.020000000000000004,0.1523076923076923,937000000.0,24694000000.0,1.7334380757808685,2.7985658037662504,2.983208794593811,1.0708712768554687,2.768653168678284,1.9275632631778716,1.9521468031406402,1.7191965460777283
0.08615384615384616,0.21846153846153848,0.08615384615384616,0.08615384615384615,0.3507692307692308,0.020000000000000004,0.1523076923076923,937000000.0,28222000000.0,1.7104807245731353,2.780181642770767,2.961879856586456,1.0622396230697633,2.749799108505249,1.918642840385437,1.9257424092292785,1.7014425826072692
0.08615384615384616,0.21846153846153848,0.08615384615384616,0.08615384615384615,0.3507692307692308,0.020000000000000004,0.1523076923076923,937000000.0,31750000000.0,1.7010517370700837,2.7655283415317538,2.9503940653800966,1.0578517210483551,2.733051676750183,1.913912249803543,1.9059497964382173,1.682547800540924
0.08615384615384616,0.21846153846153848,0.08615384615384616,0.08615384615384615,0.3507692307692308,0.020000000000000004,0.1523076923076923,937000000.0,35278000000.0,1.6860972011089326,2.752177951335907,2.941727318763733,1.0455267626047133,2.721172151565552,1.8877780258655548,1.8940437173843383,1.6684535372257232
0.08615384615384616,0.21846153846153848,0.08615384615384616,0.08615384615384615,0.3507692307692308,0.020000000000000004,0.1523076923076923,937000000.0,35280000000.0,1.6860972011089326,2.752177951335907,2.941727318763733,1.0455267626047133,2.721172151565552,1.8877780258655548,1.8940437173843383,1.6684535372257232
0.21846153846153846,0.08615384615384615,0.08615384615384615,0.08615384615384614,0.08615384615384614,0.15230769230769228,0.2846153846153846,937000000.0,3526000000.0,2.215671977996826,3.8524470424652097,4.05592645406723,1.726553329229355,3.920346701145172,2.4883231687545777,3.0743687033653258,2.8737252855300905
0.21846153846153846,0.08615384615384615,0.08615384615384615,0.08615384615384614,0.08615384615384614,0.15230769230769228,0.2846153846153846,937000000.0,7054000000.0,1.8064342963695526,3.2051868176460268,3.3855797052383423,1.1997062933444977,3.2219109535217285,1.9442940402030944,2.178100174665451,2.056284363269806
0.21846153846153846,0.08615384615384615,0.08615384615384615,0.08615384615384614,0.08615384615384614,0.15230769230769228,0.2846153846153846,937000000.0,10582000000.0,1.727785130739212,3.0802514815330504,3.2442098116874694,1.124854786992073,3.088148055076599,1.853372722864151,2.0387018740177156,1.9086689686775207
0.21846153846153846,0.08615384615384615,0.08615384615384615,0.08615384615384614,0.08615384615384614,0.15230769230769228,0.2846153846153846,937000000.0,14110000000.0,1.6856037664413452,3.016812016963959,3.1755404663085938,1.08469800978899,3.016317343711853,1.8042103230953217,1.971200783252716,1.8286329734325408
0.21846153846153846,0.08615384615384615,0.08615384615384615,0.08615384615384614,0.08615384615384614,0.15230769230769228,0.2846153846153846,937000000.0,17638000000.0,1.6582837808132171,2.97860565662384,3.129607195854187,1.0534560146927834,2.96567373752594,1.7672632873058318,1.9264870715141296,1.7773726439476014
0.21846153846153846,0.08615384615384615,0.08615384615384615,0.08615384615384614,0.08615384615384614,0.15230769230769228,0.2846153846153846,937000000.0,21166000000.0,1.6337051427364349,2.9544898295402526,3.104097647666931,1.042219893336296,2.942670478820801,1.745486443042755,1.8932906901836395,1.7494928312301636
0.21846153846153846,0.08615384615384615,0.08615384615384615,0.08615384615384614,0.08615384615384614,0.15230769230769228,0.2846153846153846,937000000.0,24694000000.0,1.6221185064315795,2.9263625991344453,3.0753854584693907,1.0177506026625633,2.9139157009124754,1.7287661969661712,1.870488290786743,1.7246703755855561
0.21846153846153846,0.08615384615384615,0.08615384615384615,0.08615384615384614,0.08615384615384614,0.15230769230769228,0.2846153846153846,937000000.0,28222000000.0,1.6094137597084046,2.909017182588577,3.053672273159027,1.0084876891970636,2.8926085877418517,1.717580794095993,1.8504265558719635,1.7057373988628388
0.21846153846153846,0.08615384615384615,0.08615384615384615,0.08615384615384614,0.08615384615384614,0.15230769230769228,0.2846153846153846,937000000.0,31750000000.0,1.5983399641513825,2.891210540533066,3.0474089694023134,1.000665982067585,2.8825962209701537,1.7058465087413788,1.8327737307548524,1.6911658978462218
0.21846153846153846,0.08615384615384615,0.08615384615384615,0.08615384615384614,0.08615384615384614,0.15230769230769228,0.2846153846153846,937000000.0,35278000000.0,1.5884293508529663,2.8799349331855773,3.0394304609298706,0.989611510336399,2.873568391799927,1.6916771090030671,1.819493613243103,1.681541495323181
0.21846153846153846,0.08615384615384615,0.08615384615384615,0.08615384615384614,0.08615384615384614,0.15230769230769228,0.2846153846153846,937000000.0,35280000000.0,1.5884293508529663,2.8799349331855773,3.0394304609298706,0.989611510336399,2.873568391799927,1.6916771090030671,1.819493613243103,1.681541495323181
0.08615384615384615,0.08615384615384615,0.08615384615384615,0.3507692307692308,0.15230769230769228,0.02,0.21846153846153843,937000000.0,3526000000.0,2.187871917486191,3.588962025642395,3.7590563249588014,1.3541853573918343,3.6013219213485717,2.404162323474884,2.632404831647873,2.5423816680908202
0.08615384615384615,0.08615384615384615,0.08615384615384615,0.3507692307692308,0.15230769230769228,0.02,0.21846153846153843,937000000.0,7054000000.0,1.9422430467605591,3.2179997086524965,3.3764962410926818,1.1173547944426536,3.2041460514068603,2.1056358253955842,2.2555814683437347,2.1061658668518066
0.08615384615384615,0.08615384615384615,0.08615384615384615,0.3507692307692308,0.15230769230769228,0.02,0.21846153846153843,937000000.0,10582000000.0,1.8487333595752715,3.0870769810676575,3.237738883495331,1.0201605159044265,3.0630473589897154,2.0033398175239565,2.0951552605628967,1.9486876237392425
0.08615384615384615,0.08615384615384615,0.08615384615384615,0.3507692307692308,0.15230769230769228,0.02,0.21846153846153843,937000000.0,14110000000.0,1.7918097460269928,3.0298061418533324,3.167904670238495,0.9818058776855468,2.9936382389068603,1.935703238248825,2.0260570287704467,1.8634818959236146
0.08615384615384615,0.08615384615384615,0.08615384615384615,0.3507692307692308,0.15230769230769228,0.02,0.21846153846153843,937000000.0,17638000000.0,1.7783981835842133,2.975067653656006,3.1227851009368894,0.9581456738710403,2.945155065059662,1.9005137765407563,1.9774134278297424,1.8144416058063506
0.08615384615384615,0.08615384615384615,0.08615384615384615,0.3507692307692308,0.15230769230769228,0.02,0.21846153846153843,937000000.0,21166000000.0,1.7357490837574006,2.9470341777801514,3.086618013381958,0.9316824473440647,2.90880156993866,1.8867919731140137,1.9384187531471253,1.7819420981407166
0.08615384615384615,0.08615384615384615,0.08615384615384615,0.3507692307692308,0.15230769230769228,0.02,0.21846153846153843,937000000.0,24694000000.0,1.7365041732788087,2.924655100107193,3.0734928178787233,0.9196116057038307,2.8916034841537477,1.8559467434883117,1.9207890379428862,1.766043416261673
0.08615384615384615,0.08615384615384615,0.08615384615384615,0.3507692307692308,0.15230769230769228,0.02,0.21846153846153843,937000000.0,28222000000.0,1.7086997878551484,2.9110429751873017,3.047760534286499,0.9078994691371918,2.8679631662368776,1.8435396194458007,1.8936859703063964,1.7444441735744476
0.08615384615384615,0.08615384615384615,0.08615384615384615,0.3507692307692308,0.15230769230769228,0.02,0.21846153846153843,937000000.0,31750000000.0,1.6960054278373717,2.890697853565216,3.0287983632087707,0.9003808318078518,2.8489904761314393,1.8222811686992646,1.8786679422855377,1.7212567818164826
0.08615384615384615,0.08615384615384615,0.08615384615384615,0.3507692307692308,0.15230769230769228,0.02,0.21846153846153843,937000000.0,35278000000.0,1.6842548429965973,2.876642519235611,3.011341953277588,0.8890772484242916,2.834902880191803,1.815066043138504,1.861841059923172,1.7063081324100495
0.08615384615384615,0.08615384615384615,0.08615384615384615,0.3507692307692308,0.15230769230769228,0.02,0.21846153846153843,937000000.0,35280000000.0,1.6842548429965973,2.876642519235611,3.011341953277588,0.8890772484242916,2.834902880191803,1.815066043138504,1.861841059923172,1.7063081324100495
0.21846153846153843,0.02,0.2846153846153846,0.15230769230769228,0.02,0.02,0.2846153846153846,937000000.0,3526000000.0,2.0585479867458343,3.6475775051116943,3.6503247737884523,1.4558059993386268,3.6064880800247194,2.441239869594574,2.5680148887634275,2.499770586490631
0.21846153846153843,0.02,0.2846153846153846,0.15230769230769228,0.02,0.02,0.2846153846153846,937000000.0,7054000000.0,1.8167945563793182,3.2959852194786072,3.2737843704223635,1.2125981703400612,3.2193331599235533,2.1581518948078156,2.1862767148017883,2.0688320434093477
0.21846153846153843,0.02,0.2846153846153846,0.15230769230769228,0.02,0.02,0.2846153846153846,937000000.0,10582000000.0,1.7333571302890778,3.1580465245246887,3.142348303794861,1.1035157555341721,3.077468366622925,2.0318283259868624,2.0415744495391848,1.9218044769763947
0.21846153846153843,0.02,0.2846153846153846,0.15230769230769228,0.02,0.02,0.2846153846153846,937000000.0,14110000000.0,1.6949799168109894,3.1007518124580384,3.0800815439224243,1.0849827992916108,3.020861463546753,1.9780997586250306,1.9759899079799652,1.8493300342559815
0.21846153846153843,0.02,0.2846153846153846,0.15230769230769228,0.02,0.02,0.2846153846153846,937000000.0,17638000000.0,1.6633986675739287,3.0553339314460755,3.0377025628089904,1.0346493834257127,2.9740604639053343,1.9206906604766845,1.9322129702568054,1.7981029093265533
0.21846153846153843,0.02,0.2846153846153846,0.15230769230769228,0.02,0.02,0.2846153846153846,937000000.0,21166000000.0,1.6407207655906677,3.032444064617157,3.0122162556648253,1.0157611379027367,2.9465030574798585,1.9111565816402436,1.8987963998317718,1.7655048668384552
0.21846153846153843,0.02,0.2846153846153846,0.15230769230769228,0.02,0.02,0.2846153846153846,937000000.0,24694000000.0,1.6268219590187072,2.9962488794326783,2.977869782447815,0.9944327563047409,2.9160158896446227,1.8866452884674072,1.8738469934463502,1.73061092376709
0.21846153846153843,0.02,0.2846153846153846,0.15230769230769228,0.02,0.02,0.2846153846153846,937000000.0,28222000000.0,1.6152902960777282,2.9774190974235535,2.960121524333954,0.993446948826313,2.897996063232422,1.8820410883426666,1.8528784501552582,1.719096451997757
0.21846153846153843,0.02,0.2846153846153846,0.15230769230769228,0.02,0.02,0.2846153846153846,937000000.0,31750000000.0,1.6015294861793519,2.961238375902176,2.9460306429862975,0.9855081355571746,2.8844201612472533,1.8598690140247345,1.8342279243469237,1.7024900615215302
0.21846153846153843,0.02,0.2846153846153846,0.15230769230769228,0.02,0.02,0.2846153846153846,937000000.0,35278000000.0,1.5942449486255645,2.958862075805664,2.9389754581451415,0.9712408328056336,2.876785788536072,1.8426251268386842,1.8223396170139312,1.6890231168270111
0.21846153846153843,0.02,0.2846153846153846,0.15230769230769228,0.02,0.02,0.2846153846153846,937000000.0,35280000000.0,1.5942449486255645,2.958862075805664,2.9389754581451415,0.9712408328056336,2.876785788536072,1.8426251268386842,1.8223396170139312,1.6890231168270111
0.02,0.08615384615384614,0.21846153846153843,0.08615384615384614,0.2846153846153846,0.1523076923076923,0.15230769230769228,937000000.0,3526000000.0,2.3635480868816376,3.4840485787391664,3.5827647399902345,1.4600561252236366,3.4473858284950256,2.238836098909378,2.7209845852851866,2.4287747383117675
0.02,0.08615384615384614,0.21846153846153843,0.08615384615384614,0.2846153846153846,0.1523076923076923,0.15230769230769228,937000000.0,7054000000.0,2.0604640972614288,3.128974916934967,3.2021185111999513,1.210240783393383,3.0552208685874938,1.9503262031078339,2.2920054137706756,1.9921215569972992
0.02,0.08615384615384614,0.21846153846153843,0.08615384615384614,0.2846153846153846,0.1523076923076923,0.15230769230769228,937000000.0,10582000000.0,1.9600461113452912,3.005162947177887,3.0794007849693297,1.1212529304623604,2.926944844722748,1.8576778531074525,2.1260424780845644,1.8557718479633332
0.02,0.08615384615384614,0.21846153846153843,0.08615384615384614,0.2846153846153846,0.1523076923076923,0.15230769230769228,937000000.0,14110000000.0,1.908424013853073,2.9478734719753263,3.013614208698273,1.0750780665874482,2.8657545709609984,1.8003085696697234,2.0611654889583586,1.7829272043704987
0.02,0.08615384615384614,0.21846153846153843,0.08615384615384614,0.2846153846153846,0.1523076923076923,0.15230769230769228,937000000.0,17638000000.0,1.8826416194438935,2.913557835817337,2.974147503376007,1.0512905719876289,2.8245317149162292,1.7737988317012787,2.0072791278362274,1.7374856162071228
0.02,0.08615384615384614,0.21846153846153843,0.08615384615384614,0.2846153846153846,0.1523076923076923,0.15230769230769228,937000000.0,21166000000.0,1.859859448671341,2.8807840836048126,2.943985548019409,1.0387922930717468,2.7942950391769408,1.7508571100234986,1.9739590466022492,1.7085296654701232
0.02,0.08615384615384614,0.21846153846153843,0.08615384615384614,0.2846153846153846,0.1523076923076923,0.15230769230769228,937000000.0,24694000000.0,1.832127650976181,2.8527260279655455,2.914542388916016,1.0175974935293197,2.7625106501579286,1.727364776134491,1.9442867386341094,1.6745426452159882
0.02,0.08615384615384614,0.21846153846153843,0.08615384615384614,0.2846153846153846,0.1523076923076923,0.15230769230769228,937000000.0,28222000000.0,1.8205527472496033,2.8411728310585023,2.9032459163665774,1.0056184819340706,2.7503647208213806,1.718116409778595,1.9247424805164337,1.6570975959300995
0.02,0.08615384615384614,0.21846153846153843,0.08615384615384614,0.2846153846153846,0.1523076923076923,0.15230769230769228,937000000.0,31750000000.0,1.8149381721019744,2.8266192090511324,2.8888656759262084,1.0023757192492484,2.7381399846076966,1.7046106195449828,1.9099380385875702,1.645154480934143
0.02,0.08615384615384614,0.21846153846153843,0.08615384615384614,0.2846153846153846,0.1523076923076923,0.15230769230769228,937000000.0,35278000000.0,1.7907576489448547,2.8112954461574553,2.8745874834060667,0.9885996276140213,2.724957227706909,1.6910779559612275,1.897430361509323,1.6327583622932433
0.02,0.08615384615384614,0.21846153846153843,0.08615384615384614,0.2846153846153846,0.1523076923076923,0.15230769230769228,937000000.0,35280000000.0,1.7907576489448547,2.8112954461574553,2.8745874834060667,0.9885996276140213,2.724957227706909,1.6910779559612275,1.897430361509323,1.6327583622932433
0.21846153846153848,0.21846153846153848,0.020000000000000004,0.1523076923076923,0.1523076923076923,0.21846153846153848,0.020000000000000004,937000000.0,3526000000.0,2.0353857922554015,3.479939827919006,3.813246431350708,1.369033597111702,3.6053444004058837,2.155523781776428,3.343066327571869,2.4739607119560243
0.21846153846153848,0.21846153846153848,0.020000000000000004,0.1523076923076923,0.1523076923076923,0.21846153846153848,0.020000000000000004,937000000.0,7054000000.0,1.8013946282863618,3.136401262283325,3.4284972667694094,1.146497323513031,3.213911938667297,1.8995020377635956,2.777221071720123,2.033941934108734
0.21846153846153848,0.21846153846153848,0.020000000000000004,0.1523076923076923,0.1523076923076923,0.21846153846153848,0.020000000000000004,937000000.0,10582000000.0,1.7159260857105254,3.002630739212036,3.299826409816742,1.0548563009500505,3.077969069480896,1.7971076929569245,2.5759929037094116,1.8847998809814452
0.21846153846153848,0.21846153846153848,0.020000000000000004,0.1523076923076923,0.1523076923076923,0.21846153846153848,0.020000000000000004,937000000.0,14110000000.0,1.6759156847000123,2.946418834924698,3.2369155573844908,1.0173957812786103,3.007547640800476,1.7474994122982026,2.5329307222366335,1.8085778117179871
0.21846153846153848,0.21846153846153848,0.020000000000000004,0.1523076923076923,0.1523076923076923,0.21846153846153848,0.020000000000000004,937000000.0,17638000000.0,1.6483831357955934,2.897645342350006,3.192058937549591,0.9869678330421447,2.955600771903992,1.7146653759479522,2.4523424303531645,1.7545029044151306
0.21846153846153848,0.21846153846153848,0.020000000000000004,0.1523076923076923,0.1523076923076923,0.21846153846153848,0.020000000000000004,937000000.0,21166000000.0,1.6231301498413087,2.8696009159088134,3.1485357737541197,0.9699165508151054,2.916279549598694,1.6918725562095642,2.3517800331115724,1.7327834677696228
0.21846153846153848,0.21846153846153848,0.020000000000000004,0.1523076923076923,0.1523076923076923,0.21846153846153848,0.020000000000000004,937000000.0,24694000000.0,1.610836981534958,2.8475264322757723,3.1289492583274843,0.9470645210146904,2.895897829532623,1.6766811990737915,2.3267864954471587,1.6954660844802856
0.21846153846153848,0.21846153846153848,0.020000000000000004,0.1523076923076923,0.1523076923076923,0.21846153846153848,0.020000000000000004,937000000.0,28222000000.0,1.5976045036315918,2.827551029920578,3.1105125904083253,0.9396980947256088,2.876299958229065,1.6600671553611754,2.3221200609207155,1.6823669123649596
0.21846153846153848,0.21846153846153848,0.020000000000000004,0.1523076923076923,0.1523076923076923,0.21846153846153848,0.020000000000000004,937000000.0,31750000000.0,1.5834482669830323,2.8089772021770476,3.07912321805954,0.9341735899448395,2.8519676399230955,1.6468483626842498,2.272136310338974,1.6571527433395385
0.21846153846153848,0.21846153846153848,0.020000000000000004,0.1523076923076923,0.1523076923076923,0.21846153846153848,0.020000000000000004,937000000.0,35278000000.0,1.574830219745636,2.796465075016022,3.0695250248908996,0.9201616328954697,2.8402071475982664,1.6361236298084259,2.2613700819015503,1.6439166247844696
0.21846153846153848,0.21846153846153848,0.020000000000000004,0.1523076923076923,0.1523076923076923,0.21846153846153848,0.020000000000000004,937000000.0,35280000000.0,1.574830219745636,2.796465075016022,3.0695250248908996,0.9201616328954697,2.8402071475982664,1.6361236298084259,2.2613700819015503,1.6439166247844696
0.21846153846153848,0.21846153846153848,0.1523076923076923,0.1523076923076923,0.020000000000000004,0.020000000000000004,0.21846153846153848,937000000.0,3526000000.0,2.0659461283683775,3.4728229093551635,3.7365165996551513,1.4585336574912071,3.650284345149994,2.4528236138820647,2.6159213268756867,2.5401727843284605
0.21846153846153848,0.21846153846153848,0.1523076923076923,0.1523076923076923,0.020000000000000004,0.020000000000000004,0.21846153846153848,937000000.0,7054000000.0,1.8239615941047669,3.1290091729164122,3.3446518397331237,1.2124284893274306,3.2658965015411376,2.1422416722774504,2.2538476467132567,2.0789247930049894
0.21846153846153848,0.21846153846153848,0.1523076923076923,0.1523076923076923,0.020000000000000004,0.020000000000000004,0.21846153846153848,937000000.0,10582000000.0,1.7488032639026643,3.001563675403595,3.211716742515564,1.1276063838601111,3.1154987907409666,2.0596445178985596,2.094030908346176,1.9387510931491851
0.21846153846153848,0.21846153846153848,0.1523076923076923,0.1523076923076923,0.020000000000000004,0.020000000000000004,0.21846153846153848,937000000.0,14110000000.0,1.695315945148468,2.937779803276062,3.139968979358673,1.074671770632267,3.0402441310882566,1.975974415540695,2.021388500928879,1.8602191340923309
0.21846153846153848,0.21846153846153848,0.1523076923076923,0.1523076923076923,0.020000000000000004,0.020000000000000004,0.21846153846153848,937000000.0,17638000000.0,1.669245023727417,2.894326869249344,3.0911753821372985,1.0450313991308213,2.9927307295799257,1.9365362012386322,1.9745829832553863,1.804929062128067
0.21846153846153848,0.21846153846153848,0.1523076923076923,0.1523076923076923,0.020000000000000004,0.020000000000000004,0.21846153846153848,937000000.0,21166000000.0,1.6443560791015626,2.8745289134979246,3.0670593190193176,1.0232650288939475,2.964851894378662,1.9248513066768647,1.9378168213367462,1.7810644316673279
0.21846153846153848,0.21846153846153848,0.1523076923076923,0.1523076923076923,0.020000000000000004,0.020000000000000004,0.21846153846153848,937000000.0,24694000000.0,1.6299428462982177,2.843251876831055,3.030970661640167,1.0037912753224374,2.9313533544540404,1.8908722412586212,1.9159364545345305,1.7421775007247924
0.21846153846153848,0.21846153846153848,0.1523076923076923,0.1523076923076923,0.020000000000000004,0.020000000000000004,0.21846153846153848,937000000.0,28222000000.0,1.617808256149292,2.8268888747692107,3.014213011264801,0.9960866692662239,2.914550745487213,1.8823133194446564,1.8913633716106415,1.7335328233242036
0.21846153846153848,0.21846153846153848,0.1523076923076923,0.1523076923076923,0.020000000000000004,0.020000000000000004,0.21846153846153848,937000000.0,31750000000.0,1.603452184200287,2.810199335813522,2.9994808197021485,0.9820509004592896,2.8954107666015627,1.8546404361724853,1.8758423280715943,1.707118182182312
0.21846153846153848,0.21846153846153848,0.1523076923076923,0.1523076923076923,0.020000000000000004,0.020000000000000004,0.21846153846153848,937000000.0,35278000000.0,1.5951204693317413,2.798049100637436,2.9893071031570435,0.9704833471775055,2.8857948398590088,1.8449747109413146,1.8571418976783753,1.6943272614479066
0.21846153846153848,0.21846153846153848,0.1523076923076923,0.1523076923076923,0.020000000000000004,0.020000000000000004,0.21846153846153848,937000000.0,35280000000.0,1.5951204693317413,2.798049100637436,2.9893071031570435,0.9704833471775055,2.8857948398590088,1.8449747109413146,1.8571418976783753,1.6943272614479066
0.02,0.15230769230769228,0.08615384615384615,0.02,0.3507692307692308,0.08615384615384614,0.2846153846153846,937000000.0,3526000000.0,2.44553635597229,3.4258972430229186,3.621474738121033,1.69775284409523,3.426903202533722,2.400862704515457,2.5248225498199464,2.5098332023620604
0.02,0.15230769230769228,0.08615384615384615,0.02,0.3507692307692308,0.08615384615384614,0.2846153846153846,937000000.0,7054000000.0,2.096811167001724,3.0957576966285707,3.2699778938293456,1.3626931193470955,3.0636245131492617,2.068344317674637,2.1543766713142394,2.052708352804184
0.02,0.15230769230769228,0.08615384615384615,0.02,0.3507692307692308,0.08615384615384614,0.2846153846153846,937000000.0,10582000000.0,2.007201832532883,2.9774505734443664,3.144975187778473,1.28368245780468,2.933142499923706,1.9761561453342438,2.017690167427063,1.915696668624878
0.02,0.15230769230769228,0.08615384615384615,0.02,0.3507692307692308,0.08615384615384614,0.2846153846153846,937000000.0,14110000000.0,1.966768320798874,2.920969569683075,3.0807704019546507,1.2430999463796615,2.8721220898628235,1.9242410242557526,1.951666157245636,1.847167947292328
0.02,0.15230769230769228,0.08615384615384615,0.02,0.3507692307692308,0.08615384615384614,0.2846153846153846,937000000.0,17638000000.0,1.911438170671463,2.87341845870018,3.0354177927970887,1.2161263316869735,2.8216730999946593,1.8754439890384673,1.9042804741859436,1.782657743692398
0.02,0.15230769230769228,0.08615384615384615,0.02,0.3507692307692308,0.08615384615384614,0.2846153846153846,937000000.0,21166000000.0,1.8886506187915801,2.8486779820919037,3.0095579051971435,1.1802702009677888,2.798168773651123,1.8493338739871978,1.875002818107605,1.7525500059127808
0.02,0.15230769230769228,0.08615384615384615,0.02,0.3507692307692308,0.08615384615384614,0.2846153846153846,937000000.0,24694000000.0,1.89580179810524,2.8232853555679323,2.9871455073356628,1.1619861778616905,2.7695966506004335,1.8344395542144776,1.8481409001350402,1.7313821291923523
0.02,0.15230769230769228,0.08615384615384615,0.02,0.3507692307692308,0.08615384615384614,0.2846153846153846,937000000.0,28222000000.0,1.8491071808338164,2.8068509340286254,2.9673906493186952,1.1570202577114106,2.7500093936920167,1.8294412696361542,1.8301971220970155,1.7031196320056916
0.02,0.15230769230769228,0.08615384615384615,0.02,0.3507692307692308,0.08615384615384614,0.2846153846153846,937000000.0,31750000000.0,1.8431517636775971,2.794485636949539,2.9537262201309202,1.1315228283405303,2.7411442613601684,1.8037855184078218,1.813260990381241,1.682963980436325
0.02,0.15230769230769228,0.08615384615384615,0.02,0.3507692307692308,0.08615384615384614,0.2846153846153846,937000000.0,35278000000.0,1.815708965063095,2.7780683624744413,2.9362425446510314,1.118421999514103,2.7250287532806396,1.7968156003952027,1.7980538153648375,1.6712477684020997
0.02,0.15230769230769228,0.08615384615384615,0.02,0.3507692307692308,0.08615384615384614,0.2846153846153846,937000000.0,35280000000.0,1.815708965063095,2.7780683624744413,2.9362425446510314,1.118421999514103,2.7250287532806396,1.7968156003952027,1.7980538153648375,1.6712477684020997
0.08615384615384614,0.02,0.2184615384615384,0.3507692307692308,0.2846153846153846,0.02,0.02,937000000.0,3526000000.0,2.1914236295223235,3.635945587158203,3.640837860107422,1.3559735196828842,3.507985575199127,2.4222090005874635,3.4220012545585634,2.4930167388916016
0.08615384615384614,0.02,0.2184615384615384,0.3507692307692308,0.2846153846153846,0.02,0.02,937000000.0,7054000000.0,1.9286718261241913,3.258734064102173,3.242365481853485,1.1113717970252037,3.102200791835785,2.1016768515110016,2.7915319442749023,2.028728120326996
0.08615384615384614,0.02,0.2184615384615384,0.3507692307692308,0.2846153846153846,0.02,0.02,937000000.0,10582000000.0,1.8360098445415496,3.1321344065666197,3.1145060205459596,1.020774476826191,2.968026418685913,1.9834696316719056,2.6153302001953125,1.8896949183940888
0.08615384615384614,0.02,0.2184615384615384,0.3507692307692308,0.2846153846153846,0.02,0.02,937000000.0,14110000000.0,1.7839100909233094,3.074950861930847,3.045497887134552,0.9818830463290215,2.8996871638298036,1.9350287806987763,2.554821012020111,1.810094289779663
0.08615384615384614,0.02,0.2184615384615384,0.3507692307692308,0.2846153846153846,0.02,0.02,937000000.0,17638000000.0,1.775697911977768,3.020812690258026,3.001758954524994,0.9566110089421272,2.8576513957977294,1.8954324233531952,2.486489589214325,1.7695344650745393
0.08615384615384614,0.02,0.2184615384615384,0.3507692307692308,0.2846153846153846,0.02,0.02,937000000.0,21166000000.0,1.7279862928390504,2.9913364267349243,2.968642683029175,0.929371685385704,2.822279922962189,1.8702716720104218,2.379022613763809,1.7329190707206725
0.08615384615384614,0.02,0.2184615384615384,0.3507692307692308,0.2846153846153846,0.02,0.02,937000000.0,24694000000.0,1.7329938101768494,2.969284863471985,2.945706226825714,0.917382326722145,2.800982699394226,1.8536742508411408,2.3466844248771666,1.7082133209705352
0.08615384615384614,0.02,0.2184615384615384,0.3507692307692308,0.2846153846153846,0.02,0.02,937000000.0,28222000000.0,1.6999875485897065,2.9507389497756957,2.9297645473480225,0.9048293337225914,2.781151678562164,1.8282908403873444,2.3636926722526552,1.6836030161380768
0.08615384615384614,0.02,0.2184615384615384,0.3507692307692308,0.2846153846153846,0.02,0.02,937000000.0,31750000000.0,1.685731076002121,2.9238151025772097,2.9072899794578553,0.8975076046586037,2.7594321632385252,1.8195849287509918,2.2935604095458983,1.6644788372516632
0.08615384615384614,0.02,0.2184615384615384,0.3507692307692308,0.2846153846153846,0.02,0.02,937000000.0,35278000000.0,1.6757047855854035,2.9148563814163206,2.895636649131775,0.8864783926308155,2.7475879287719724,1.8110000324249267,2.2880484926700593,1.649182336330414
0.08615384615384614,0.02,0.2184615384615384,0.3507692307692308,0.2846153846153846,0.02,0.02,937000000.0,35280000000.0,1.6757047855854035,2.9148563814163206,2.895636649131775,0.8864783926308155,2.7475879287719724,1.8110000324249267,2.2880484926700593,1.649182336330414
0.02,0.2846153846153846,0.08615384615384614,0.2846153846153846,0.02,0.2846153846153846,0.02,937000000.0,3526000000.0,2.3975864017009734,3.54113258600235,3.861173334121704,1.361721048951149,3.7974564599990845,2.182790457010269,3.554173302650452,2.629653601646423
0.02,0.2846153846153846,0.08615384615384614,0.2846153846153846,0.02,0.2846153846153846,0.02,937000000.0,7054000000.0,2.06488690495491,3.149461817741394,3.446458704471588,1.0909198182821274,3.3451809215545656,1.8735651445388795,2.804622957706451,2.1225744342803954
0.02,0.2846153846153846,0.08615384615384614,0.2846153846153846,0.02,0.2846153846153846,0.02,937000000.0,10582000000.0,1.9608194887638093,3.0164593768119814,3.287443196773529,1.0195691612362863,3.18599018573761,1.7798466980457306,2.637033715248108,1.968411966562271
0.02,0.2846153846153846,0.08615384615384614,0.2846153846153846,0.02,0.2846153846153846,0.02,937000000.0,14110000000.0,1.9067377495765685,2.943944445848465,3.2129962491989135,0.9677009218931198,3.1132628417015074,1.7251118123531342,2.5510539066791535,1.8816808485984802
0.02,0.2846153846153846,0.08615384615384614,0.2846153846153846,0.02,0.2846153846153846,0.02,937000000.0,17638000000.0,1.876219754219055,2.9053343307971953,3.163234083652496,0.9406237548589707,3.061554808616638,1.692813494205475,2.491923369169235,1.8271496140956878
0.02,0.2846153846153846,0.08615384615384614,0.2846153846153846,0.02,0.2846153846153846,0.02,937000000.0,21166000000.0,1.8525524652004242,2.8701022601127626,3.131308174133301,0.9248792830109597,3.0269786429405214,1.6708881998062133,2.3848034286499025,1.8058596098423003
0.02,0.2846153846153846,0.08615384615384614,0.2846153846153846,0.02,0.2846153846153846,0.02,937000000.0,24694000000.0,1.8275138115882874,2.8414635682106018,3.101597831249237,0.906113104224205,3.001160457134247,1.6542488157749176,2.3536981093883513,1.7721582686901092
0.02,0.2846153846153846,0.08615384615384614,0.2846153846153846,0.02,0.2846153846153846,0.02,937000000.0,28222000000.0,1.8071884548664092,2.820415281057358,3.0760872602462768,0.8912872190773488,2.975495131015778,1.6389022850990296,2.346525927782059,1.7391749322414398
0.02,0.2846153846153846,0.08615384615384614,0.2846153846153846,0.02,0.2846153846153846,0.02,937000000.0,31750000000.0,1.8021623122692108,2.8043559098243716,3.067220780849457,0.8946705174446106,2.9650926899909975,1.626920313835144,2.317954672574997,1.7348309862613678
0.02,0.2846153846153846,0.08615384615384614,0.2846153846153846,0.02,0.2846153846153846,0.02,937000000.0,35278000000.0,1.7823388957977295,2.7894572007656095,3.0606432008743285,0.8818910920619965,2.9537863945961,1.616832708120346,2.29264954328537,1.7063395118713378
0.02,0.2846153846153846,0.08615384615384614,0.2846153846153846,0.02,0.2846153846153846,0.02,937000000.0,35280000000.0,1.7823388957977295,2.7894572007656095,3.0606432008743285,0.8818910920619965,2.9537863945961,1.616832708120346,2.29264954328537,1.7063395118713378
0.2846153846153846,0.08615384615384615,0.15230769230769228,0.08615384615384615,0.15230769230769228,0.02,0.21846153846153843,937000000.0,3526000000.0,2.0331156885623933,3.5312813925743103,3.6670892524719236,1.559837943315506,3.5362296175956724,2.508129186630249,2.6194022977352143,2.502875254154205
0.2846153846153846,0.08615384615384615,0.15230769230769228,0.08615384615384615,0.15230769230769228,0.02,0.21846153846153843,937000000.0,7054000000.0,1.7919350385665893,3.1989140462875367,3.300225484371185,1.28005150526762,3.15604131937027,2.1752962017059327,2.2458794808387754,2.069200049638748
0.2846153846153846,0.08615384615384615,0.15230769230769228,0.08615384615384615,0.15230769230769228,0.02,0.21846153846153843,937000000.0,10582000000.0,1.7092553961277008,3.063301420211792,3.1791414499282835,1.1817726108431816,3.0278962421417237,2.0742072296142577,2.09067217707634,1.9211283349990844
0.2846153846153846,0.08615384615384615,0.15230769230769228,0.08615384615384615,0.15230769230769228,0.02,0.21846153846153843,937000000.0,14110000000.0,1.663532704114914,2.9961910605430604,3.1093111395835877,1.1250804913043977,2.9564015293121337,1.997625699043274,2.018139854669571,1.8350822591781617
0.2846153846153846,0.08615384615384615,0.15230769230769228,0.08615384615384615,0.15230769230769228,0.02,0.21846153846153843,937000000.0,17638000000.0,1.6402723741531373,2.9544708132743835,3.0598228764533997,1.0951342913508415,2.9094762015342712,1.9572059941291808,1.9708938813209533,1.7905527985095977
0.2846153846153846,0.08615384615384615,0.15230769230769228,0.08615384615384615,0.15230769230769228,0.02,0.21846153846153843,937000000.0,21166000000.0,1.6142026603221893,2.931244447231293,3.0375070548057557,1.0798844921588897,2.878894009590149,1.9485697948932648,1.9328149843215943,1.7650631809234618
0.2846153846153846,0.08615384615384615,0.15230769230769228,0.08615384615384615,0.15230769230769228,0.02,0.21846153846153843,937000000.0,24694000000.0,1.6041462635993957,2.906782901287079,3.0024199628829957,1.0649957087635995,2.8529504108428956,1.916620693206787,1.9137969362735747,1.7371139228343964
0.2846153846153846,0.08615384615384615,0.15230769230769228,0.08615384615384615,0.15230769230769228,0.02,0.21846153846153843,937000000.0,28222000000.0,1.5895004665851593,2.8843591630458834,2.9817760705947878,1.0463629895448685,2.8322856307029722,1.90100581407547,1.8868746066093445,1.707916042804718
0.2846153846153846,0.08615384615384615,0.15230769230769228,0.08615384615384615,0.15230769230769228,0.02,0.21846153846153843,937000000.0,31750000000.0,1.5754593634605407,2.8751401150226594,2.970247571468353,1.040599475502968,2.8164493227005005,1.8768894481658935,1.8717900931835174,1.6911993420124054
0.2846153846153846,0.08615384615384615,0.15230769230769228,0.08615384615384615,0.15230769230769228,0.02,0.21846153846153843,937000000.0,35278000000.0,1.5680213391780853,2.864295006990433,2.9685329031944274,1.0261973994970321,2.8076695156097413,1.869524884223938,1.8564343285560607,1.6812942600250245
0.2846153846153846,0.08615384615384615,0.15230769230769228,0.08615384615384615,0.15230769230769228,0.02,0.21846153846153843,937000000.0,35280000000.0,1.5680213391780853,2.864295006990433,2.9685329031944274,1.0261973994970321,2.8076695156097413,1.869524884223938,1.8564343285560607,1.6812942600250245
0.020000000000000004,0.020000000000000004,0.416923076923077,0.020000000000000004,0.3507692307692308,0.020000000000000004,0.1523076923076923,937000000.0,3526000000.0,2.4864272832870484,3.5103147983551026,3.482271192073822,1.8055589652061463,3.37448273897171,2.6074109363555906,2.7041903162002563,2.5130904841423036
0.020000000000000004,0.020000000000000004,0.416923076923077,0.020000000000000004,0.3507692307692308,0.020000000000000004,0.1523076923076923,937000000.0,7054000000.0,2.1323243618011474,3.1646469140052798,3.123985347747803,1.4786830180883408,3.0036467003822325,2.2721408474445344,2.2929211235046387,2.057817269563675
0.020000000000000004,0.020000000000000004,0.416923076923077,0.020000000000000004,0.3507692307692308,0.020000000000000004,0.1523076923076923,937000000.0,10582000000.0,2.0353678011894227,3.054467935562134,3.0144283747673035,1.3628657367825507,2.890199661254883,2.1485356950759886,2.1376716125011446,1.923783268928528
0.020000000000000004,0.020000000000000004,0.416923076923077,0.020000000000000004,0.3507692307692308,0.020000000000000004,0.1523076923076923,937000000.0,14110000000.0,1.9755103194713592,3.0003953623771666,2.9514281797409057,1.3088261303305626,2.828002073764801,2.091850782632828,2.068942999839783,1.843518579006195
0.020000000000000004,0.020000000000000004,0.416923076923077,0.020000000000000004,0.3507692307692308,0.020000000000000004,0.1523076923076923,937000000.0,17638000000.0,1.9337091994285585,2.9565811419487,2.91041517496109,1.2523491805791855,2.7824755573272704,2.038340520858765,2.0094603443145753,1.7923287212848664
0.020000000000000004,0.020000000000000004,0.416923076923077,0.020000000000000004,0.3507692307692308,0.020000000000000004,0.1523076923076923,937000000.0,21166000000.0,1.90487406373024,2.9237417328357695,2.8808380222320555,1.2411222791671752,2.7534377121925355,1.9946225571632386,1.9779531490802764,1.7606492376327514
0.020000000000000004,0.020000000000000004,0.416923076923077,0.020000000000000004,0.3507692307692308,0.020000000000000004,0.1523076923076923,937000000.0,24694000000.0,1.892932847738266,2.9005826890468596,2.859732904434204,1.2115393775701522,2.731144218444824,1.9748612570762634,1.9559104228019715,1.7352643871307374
0.020000000000000004,0.020000000000000004,0.416923076923077,0.020000000000000004,0.3507692307692308,0.020000000000000004,0.1523076923076923,937000000.0,28222000000.0,1.861332802772522,2.8847078669071196,2.8437368631362916,1.2019903510808945,2.715551254749298,1.9700492382049561,1.931071788072586,1.722429542541504
0.020000000000000004,0.020000000000000004,0.416923076923077,0.020000000000000004,0.3507692307692308,0.020000000000000004,0.1523076923076923,937000000.0,31750000000.0,1.8814397847652435,2.8678273832798005,2.828759050369263,1.1961428222060204,2.699819824695587,1.9598492968082428,1.9122546637058258,1.6937082695960999
0.020000000000000004,0.020000000000000004,0.416923076923077,0.020000000000000004,0.3507692307692308,0.020000000000000004,0.1523076923076923,937000000.0,35278000000.0,1.8323617911338805,2.85508814573288,2.816475307941437,1.1768559938669205,2.6865012288093566,1.931915887594223,1.9012811434268952,1.6777390015125275
0.020000000000000004,0.020000000000000004,0.416923076923077,0.020000000000000004,0.3507692307692308,0.020000000000000004,0.1523076923076923,937000000.0,35280000000.0,1.8323617911338805,2.85508814573288,2.816475307941437,1.1768559938669205,2.6865012288093566,1.931915887594223,1.9012811434268952,1.6777390015125275
0.08615384615384615,0.08615384615384615,0.28461538461538466,0.020000000000000004,0.08615384615384615,0.28461538461538466,0.1523076923076923,937000000.0,3526000000.0,2.119985146522522,3.5019491624832155,3.5677717185020446,1.4844336861371994,3.4950946521759034,2.114768283367157,2.695813138484955,2.3839864432811737
0.08615384615384615,0.08615384615384615,0.28461538461538466,0.020000000000000004,0.08615384615384615,0.28461538461538466,0.1523076923076923,937000000.0,7054000000.0,1.889493442773819,3.1489038062095642,3.2066971707344054,1.2482791823148727,3.121726953983307,1.8640983378887177,2.2950831830501555,1.979106752872467
0.08615384615384615,0.08615384615384615,0.28461538461538466,0.020000000000000004,0.08615384615384615,0.28461538461538466,0.1523076923076923,937000000.0,10582000000.0,1.8073595488071441,3.0314657497406006,3.0897008538246156,1.1685155412554742,3.001155724525452,1.775349622964859,2.138516454696655,1.8433971512317657
0.08615384615384615,0.08615384615384615,0.28461538461538466,0.020000000000000004,0.08615384615384615,0.28461538461538466,0.1523076923076923,937000000.0,14110000000.0,1.7608074998855592,2.974944077730179,3.0241868615150453,1.129663470685482,2.9334463357925413,1.729970486164093,2.0719386565685274,1.7736103320121765
0.08615384615384615,0.08615384615384615,0.28461538461538466,0.020000000000000004,0.08615384615384615,0.28461538461538466,0.1523076923076923,937000000.0,17638000000.0,1.7428842997550964,2.9257634449005128,2.9853614473342898,1.1004002323746682,2.8876093435287475,1.701928107738495,2.013632651567459,1.7273968839645386
0.08615384615384615,0.08615384615384615,0.28461538461538466,0.020000000000000004,0.08615384615384615,0.28461538461538466,0.1523076923076923,937000000.0,21166000000.0,1.7095591604709626,2.9043245458602907,2.95628936290741,1.0899817711114883,2.8637114119529725,1.6792845213413239,1.9829956519603729,1.7022796165943146
0.08615384615384615,0.08615384615384615,0.28461538461538466,0.020000000000000004,0.08615384615384615,0.28461538461538466,0.1523076923076923,937000000.0,24694000000.0,1.7064750123023986,2.8783033549785615,2.930779960155487,1.0725729164481164,2.8366588830947874,1.6647193372249602,1.9603204429149628,1.6776982939243317
0.08615384615384615,0.08615384615384615,0.28461538461538466,0.020000000000000004,0.08615384615384615,0.28461538461538466,0.1523076923076923,937000000.0,28222000000.0,1.6828994786739349,2.8649398565292357,2.9109248232841494,1.0579872238636017,2.818102011680603,1.6540015065670013,1.935543428659439,1.6534286236763
0.08615384615384615,0.08615384615384615,0.28461538461538466,0.020000000000000004,0.08615384615384615,0.28461538461538466,0.1523076923076923,937000000.0,31750000000.0,1.670255274772644,2.846310559511185,2.8984945607185364,1.0483291774988175,2.804448137283325,1.6381379663944244,1.9161220157146455,1.6417881917953492
0.08615384615384615,0.08615384615384615,0.28461538461538466,0.020000000000000004,0.08615384615384615,0.28461538461538466,0.1523076923076923,937000000.0,35278000000.0,1.6597504603862763,2.8380236995220183,2.8888661742210386,1.0394427159428596,2.796780593395233,1.6276163840293885,1.9088308477401734,1.630610100030899
0.08615384615384615,0.08615384615384615,0.28461538461538466,0.020000000000000004,0.08615384615384615,0.28461538461538466,0.1523076923076923,937000000.0,35280000000.0,1.6597504603862763,2.8380236995220183,2.8888661742210386,1.0394427159428596,2.796780593395233,1.6276163840293885,1.9088308477401734,1.630610100030899
0.21846153846153848,0.08615384615384616,0.020000000000000004,0.08615384615384616,0.21846153846153848,0.21846153846153848,0.1523076923076923,937000000.0,3526000000.0,2.035896121263504,3.559526562690735,3.76635764837265,1.4133768308162689,3.5529609227180483,2.164934219121933,2.7288007521629334,2.4565453481674195
0.21846153846153848,0.08615384615384616,0.020000000000000004,0.08615384615384616,0.21846153846153848,0.21846153846153848,0.1523076923076923,937000000.0,7054000000.0,1.797801694869995,3.1871894288063047,3.403567047119141,1.1810368755459786,3.160098412036896,1.8928602075576781,2.3126611316204073,2.018107632398605
0.21846153846153848,0.08615384615384616,0.020000000000000004,0.08615384615384616,0.21846153846153848,0.21846153846153848,0.1523076923076923,937000000.0,10582000000.0,1.7176173162460326,3.0612920689582825,3.2770510745048522,1.1005475351214409,3.027376811504364,1.806329060792923,2.1492123019695284,1.8813240253925323
0.21846153846153848,0.08615384615384616,0.020000000000000004,0.08615384615384616,0.21846153846153848,0.21846153846153848,0.1523076923076923,937000000.0,14110000000.0,1.6785306191444398,3.0053188753128053,3.210746023654938,1.0569768154621124,2.965007119178772,1.7583064687252046,2.0880131554603576,1.8087935376167297
0.21846153846153848,0.08615384615384616,0.020000000000000004,0.08615384615384616,0.21846153846153848,0.21846153846153848,0.1523076923076923,937000000.0,17638000000.0,1.6541641807556153,2.966018397808075,3.1582470679283143,1.033868972659111,2.9157670283317567,1.7321378517150878,2.0292074155807494,1.754484351873398
0.21846153846153848,0.08615384615384616,0.020000000000000004,0.08615384615384616,0.21846153846153848,0.21846153846153848,0.1523076923076923,937000000.0,21166000000.0,1.628422838449478,2.939063665866852,3.1336201286315917,1.0201601049304008,2.8899564576148986,1.7059796333312989,1.9958020555973053,1.7265091061592102
0.21846153846153848,0.08615384615384616,0.020000000000000004,0.08615384615384616,0.21846153846153848,0.21846153846153848,0.1523076923076923,937000000.0,24694000000.0,1.6135464775562287,2.9089711046218873,3.105668799877167,1.0029626494646073,2.8550095844268797,1.6869262170791626,1.9697137987613678,1.7000954973697662
0.21846153846153848,0.08615384615384616,0.020000000000000004,0.08615384615384616,0.21846153846153848,0.21846153846153848,0.1523076923076923,937000000.0,28222000000.0,1.6009719777107239,2.892409383058548,3.0880320072174072,0.9874790287017823,2.8364346408843994,1.6758223259449005,1.9429693567752837,1.674431928396225
0.21846153846153848,0.08615384615384616,0.020000000000000004,0.08615384615384616,0.21846153846153848,0.21846153846153848,0.1523076923076923,937000000.0,31750000000.0,1.589373869895935,2.875702323913574,3.081493079662323,0.9816332453489304,2.825165855884552,1.6605239880084992,1.924959546327591,1.6537370479106903
0.21846153846153848,0.08615384615384616,0.020000000000000004,0.08615384615384616,0.21846153846153848,0.21846153846153848,0.1523076923076923,937000000.0,35278000000.0,1.5820056211948395,2.862155485153198,3.0634359526634216,0.9718254286050797,2.810577473640442,1.6514159083366393,1.913315156698227,1.6530579721927643
0.21846153846153848,0.08615384615384616,0.020000000000000004,0.08615384615384616,0.21846153846153848,0.21846153846153848,0.1523076923076923,937000000.0,35280000000.0,1.5820056211948395,2.862155485153198,3.0634359526634216,0.9718254286050797,2.810577473640442,1.6514159083366393,1.913315156698227,1.6530579721927643
0.28461538461538466,0.21846153846153848,0.08615384615384618,0.08615384615384616,0.08615384615384616,0.21846153846153848,0.020000000000000004,937000000.0,3526000000.0,2.0129446160793303,3.4933292174339297,3.783591105937958,1.4436546012759208,3.6466608595848085,2.1953728008270263,3.390670199394226,2.5013308835029604
0.28461538461538466,0.21846153846153848,0.08615384615384618,0.08615384615384616,0.08615384615384616,0.21846153846153848,0.020000000000000004,937000000.0,7054000000.0,1.774925857782364,3.135937206745148,3.362375946044922,1.2073100104928016,3.226839442253113,1.9126894199848175,2.76838657617569,2.02276300907135
0.28461538461538466,0.21846153846153848,0.08615384615384618,0.08615384615384616,0.08615384615384616,0.21846153846153848,0.020000000000000004,937000000.0,10582000000.0,1.6962248980998993,3.0220106291770934,3.238991401195526,1.1166059222817422,3.0973796606063844,1.8130097568035126,2.608193632364273,1.8984019112586976
0.28461538461538466,0.21846153846153848,0.08615384615384618,0.08615384615384616,0.08615384615384616,0.21846153846153848,0.020000000000000004,937000000.0,14110000000.0,1.650620937347412,2.9481141233444212,3.1628860688209532,1.0684338477253914,3.019024460315704,1.7558231031894684,2.5383025658130647,1.8082979714870453
0.28461538461538466,0.21846153846153848,0.08615384615384618,0.08615384615384616,0.08615384615384616,0.21846153846153848,0.020000000000000004,937000000.0,17638000000.0,1.6253144860267639,2.900990927219391,3.1116457319259645,1.0379030993580818,2.968780474662781,1.7227472519874574,2.4656645035743714,1.7569736754894256
0.28461538461538466,0.21846153846153848,0.08615384615384618,0.08615384615384616,0.08615384615384616,0.21846153846153848,0.020000000000000004,937000000.0,21166000000.0,1.5977389061450957,2.875388556718826,3.0839516735076904,1.012428458929062,2.935684995651245,1.6977900922298432,2.360904221534729,1.7229721641540527
0.28461538461538466,0.21846153846153848,0.08615384615384618,0.08615384615384616,0.08615384615384616,0.21846153846153848,0.020000000000000004,937000000.0,24694000000.0,1.5861046350002288,2.842155922651291,3.0552312874794008,1.00087668299675,2.911362829208374,1.682778480052948,2.331996394395828,1.699954117536545
0.28461538461538466,0.21846153846153848,0.08615384615384618,0.08615384615384616,0.08615384615384616,0.21846153846153848,0.020000000000000004,937000000.0,28222000000.0,1.57455491065979,2.8291029536724093,3.0395066571235656,0.99509879052639,2.8934686517715456,1.6682139945030212,2.339160531759262,1.6788059949874878
0.28461538461538466,0.21846153846153848,0.08615384615384618,0.08615384615384616,0.08615384615384616,0.21846153846153848,0.020000000000000004,937000000.0,31750000000.0,1.5595809936523437,2.808548173904419,3.0237455272674563,0.9769162625074387,2.870666055679321,1.652973428964615,2.2813024616241453,1.6547015357017516
0.28461538461538466,0.21846153846153848,0.08615384615384618,0.08615384615384616,0.08615384615384616,0.21846153846153848,0.020000000000000004,937000000.0,35278000000.0,1.5511079275608062,2.803241466283798,3.0085149884223936,0.9679561325907707,2.8584640049934387,1.642112444639206,2.269848598241806,1.6469069445133209
0.28461538461538466,0.21846153846153848,0.08615384615384618,0.08615384615384616,0.08615384615384616,0.21846153846153848,0.020000000000000004,937000000.0,35280000000.0,1.5511079275608062,2.803241466283798,3.0085149884223936,0.9679561325907707,2.8584640049934387,1.642112444639206,2.269848598241806,1.6469069445133209
0.08615384615384615,0.08615384615384615,0.08615384615384615,0.3507692307692308,0.15230769230769228,0.02,0.21846153846153843,1235000000.0,4606000000.0,2.075111885070801,3.445373044013977,3.5811120104789733,1.2444508346915244,3.419740948677063,2.2975529611110685,2.4696960818767546,2.3458739912509916
0.08615384615384615,0.08615384615384615,0.08615384615384615,0.3507692307692308,0.15230769230769228,0.02,0.21846153846153843,1235000000.0,9214000000.0,1.8472102117538451,3.117613787651062,3.2656521916389467,1.0408406654000282,3.0942637753486633,2.0092680525779723,2.1281891429424284,1.9792957365512849
0.08615384615384615,0.08615384615384615,0.08615384615384615,0.3507692307692308,0.15230769230769228,0.02,0.21846153846153843,1235000000.0,13822000000.0,1.7946984803676604,3.01008846282959,3.159963402748108,0.9777705535292626,2.9794814133644105,1.9409582221508026,2.0134778320789337,1.8596896314620972
0.08615384615384615,0.08615384615384615,0.08615384615384615,0.3507692307692308,0.15230769230769228,0.02,0.21846153846153843,1235000000.0,18430000000.0,1.7443735992908478,2.955589458942413,3.093459355831146,0.934222736954689,2.91674147605896,1.8854408550262451,1.9409826064109803,1.783447459936142
0.08615384615384615,0.08615384615384615,0.08615384615384615,0.3507692307692308,0.15230769230769228,0.02,0.21846153846153843,1235000000.0,23038000000.0,1.7070391070842743,2.9085767579078676,3.049575114250183,0.905256641805172,2.869456398487091,1.8544745218753815,1.9014338290691375,1.739013044834137
0.08615384615384615,0.08615384615384615,0.08615384615384615,0.3507692307692308,0.15230769230769228,0.02,0.21846153846153843,1235000000.0,27646000000.0,1.6929799389839173,2.8798002779483793,3.0171484780311584,0.8961359836161137,2.8393870067596434,1.8305842208862304,1.869412522315979,1.7104146707057952
0.08615384615384615,0.08615384615384615,0.08615384615384615,0.3507692307692308,0.15230769230769228,0.02,0.21846153846153843,1235000000.0,32254000000.0,1.6725762832164763,2.8642920768260955,2.9941178369522095,0.8791456577181817,2.816706781387329,1.8124691784381866,1.8448991882801056,1.6878892862796784
0.08615384615384615,0.08615384615384615,0.08615384615384615,0.3507692307692308,0.15230769230769228,0.02,0.21846153846153843,1235000000.0,36862000000.0,1.6760308134555817,2.8447947096824646,2.982677249908447,0.8663455326855183,2.8044032502174376,1.7941381204128266,1.8265383195877076,1.6745394337177277
0.08615384615384615,0.08615384615384615,0.08615384615384615,0.3507692307692308,0.15230769230769228,0.02,0.21846153846153843,1235000000.0,41470000000.0,1.652527049779892,2.8303393650054933,2.9584284090995787,0.8574224443733692,2.7801255130767824,1.7805151855945587,1.8100662052631378,1.649618318080902
0.08615384615384615,0.08615384615384615,0.08615384615384615,0.3507692307692308,0.15230769230769228,0.02,0.21846153846153843,1235000000.0,46078000000.0,1.6745191645622253,2.8115716481208803,2.9500886249542235,0.8523209969699382,2.768381743431091,1.7679889214038849,1.7995391607284545,1.6379177904129028
0.08615384615384615,0.08615384615384615,0.08615384615384615,0.3507692307692308,0.15230769230769228,0.02,0.21846153846153843,1235000000.0,46080000000.0,1.6745191645622253,2.8115716481208803,2.9500886249542235,0.8523209969699382,2.768381743431091,1.7679889214038849,1.7995391607284545,1.6379177904129028
0.08615384615384615,0.08615384615384615,0.28461538461538466,0.020000000000000004,0.08615384615384615,0.28461538461538466,0.1523076923076923,1235000000.0,4606000000.0,2.006843342781067,3.348881034851074,3.387618153095245,1.3737653574347497,3.3105752730369566,1.9942874908447266,2.50287872672081,2.1902522480487825
0.08615384615384615,0.08615384615384615,0.28461538461538466,0.020000000000000004,0.08615384615384615,0.28461538461538466,0.1523076923076923,1235000000.0,9214000000.0,1.8058360207080841,3.046703941822052,3.0997667336463928,1.182678837776184,3.0149590945243836,1.7895123195648193,2.162560992240906,1.8630113482475281
0.08615384615384615,0.08615384615384615,0.28461538461538466,0.020000000000000004,0.08615384615384615,0.28461538461538466,0.1523076923076923,1235000000.0,13822000000.0,1.7499203419685363,2.945224633216858,2.9996500420570373,1.11305024176836,2.9091894006729127,1.7118197536468507,2.040798417329788,1.7478784704208374
0.08615384615384615,0.08615384615384615,0.28461538461538466,0.020000000000000004,0.08615384615384615,0.28461538461538466,0.1523076923076923,1235000000.0,18430000000.0,1.7099595069885254,2.8982787847518923,2.945220584869385,1.0843481731414795,2.8531803560256956,1.6801215267181397,1.9672002518177032,1.7020844912528992
0.08615384615384615,0.08615384615384615,0.28461538461538466,0.020000000000000004,0.08615384615384615,0.28461538461538466,0.1523076923076923,1235000000.0,23038000000.0,1.6761290192604066,2.8588823711872102,2.9080340099334716,1.0571677353978157,2.8169944143295287,1.649349844455719,1.9366212952136994,1.6531615936756134
0.08615384615384615,0.08615384615384615,0.28461538461538466,0.020000000000000004,0.08615384615384615,0.28461538461538466,0.1523076923076923,1235000000.0,27646000000.0,1.6618673205375671,2.8307763397693635,2.881957759857178,1.0415006241202354,2.791680839061737,1.6307409703731537,1.899870319366455,1.62634791970253
0.08615384615384615,0.08615384615384615,0.28461538461538466,0.020000000000000004,0.08615384615384615,0.28461538461538466,0.1523076923076923,1235000000.0,32254000000.0,1.6447617304325104,2.8159965932369233,2.861465811729431,1.0267272916436196,2.768274519443512,1.6151935362815857,1.8776159977912903,1.602906632423401
0.08615384615384615,0.08615384615384615,0.28461538461538466,0.020000000000000004,0.08615384615384615,0.28461538461538466,0.1523076923076923,1235000000.0,36862000000.0,1.6462170636653901,2.797784711122513,2.8461108303070066,1.0077996143698693,2.752678565979004,1.6063752114772796,1.8590814316272735,1.5899223244190217
0.08615384615384615,0.08615384615384615,0.28461538461538466,0.020000000000000004,0.08615384615384615,0.28461538461538466,0.1523076923076923,1235000000.0,41470000000.0,1.6274006354808808,2.786889647245407,2.830585000514984,1.0116623044013977,2.736482527256012,1.5965537118911743,1.8452176237106324,1.5739810276031494
0.08615384615384615,0.08615384615384615,0.28461538461538466,0.020000000000000004,0.08615384615384615,0.28461538461538466,0.1523076923076923,1235000000.0,46078000000.0,1.6433916544914247,2.7705194509029387,2.8232751727104186,1.0058479505777358,2.7269105219841006,1.5862256586551666,1.8369761025905609,1.5611368477344514
0.08615384615384615,0.08615384615384615,0.28461538461538466,0.020000000000000004,0.08615384615384615,0.28461538461538466,0.1523076923076923,1235000000.0,46080000000.0,1.6433916544914247,2.7705194509029387,2.8232751727104186,1.0058479505777358,2.7269105219841006,1.5862256586551666,1.8369761025905609,1.5611368477344514
0.21846153846153848,0.21846153846153848,0.020000000000000004,0.1523076923076923,0.1523076923076923,0.21846153846153848,0.020000000000000004,1235000000.0,4606000000.0,1.9256545507907867,3.3063644862174986,3.6251781749725343,1.262868499457836,3.410118191242218,2.0315691328048704,3.1824588203430175,2.255665339231491
0.21846153846153848,0.21846153846153848,0.020000000000000004,0.1523076923076923,0.1523076923076923,0.21846153846153848,0.020000000000000004,1235000000.0,9214000000.0,1.723672994375229,3.026390926837921,3.328240542411804,1.069310002028942,3.10210031747818,1.8067496132850647,2.6187236499786377,1.908682996034622
0.21846153846153848,0.21846153846153848,0.020000000000000004,0.1523076923076923,0.1523076923076923,0.21846153846153848,0.020000000000000004,1235000000.0,13822000000.0,1.6642126488685607,2.9217162346839904,3.2110269689559936,1.008611776828766,2.9794152975082397,1.7327382802963256,2.536939653158188,1.7864402759075164
0.21846153846153848,0.21846153846153848,0.020000000000000004,0.1523076923076923,0.1523076923076923,0.21846153846153848,0.020000000000000004,1235000000.0,18430000000.0,1.6239952480792998,2.8619618833065035,3.144525716304779,0.9647214230895043,2.916011869907379,1.6848863887786865,2.355814779996872,1.7141038072109223
0.21846153846153848,0.21846153846153848,0.020000000000000004,0.1523076923076923,0.1523076923076923,0.21846153846153848,0.020000000000000004,1235000000.0,23038000000.0,1.5977379286289215,2.8266258239746094,3.10169180393219,0.9480619204044342,2.8722888803482056,1.6636473631858826,2.323912981748581,1.6759261059761048
0.21846153846153848,0.21846153846153848,0.020000000000000004,0.1523076923076923,0.1523076923076923,0.21846153846153848,0.020000000000000004,1235000000.0,27646000000.0,1.5759894692897796,2.7953434062004088,3.071371738910675,0.9262283438444138,2.8393272757530212,1.637697856426239,2.276788021326065,1.6456496727466583
0.21846153846153848,0.21846153846153848,0.020000000000000004,0.1523076923076923,0.1523076923076923,0.21846153846153848,0.020000000000000004,1235000000.0,32254000000.0,1.566457360982895,2.774142826795578,3.0392466020584106,0.9131710654497147,2.815530662536621,1.6247054040431976,2.241540801525116,1.6155048418045044
0.21846153846153848,0.21846153846153848,0.020000000000000004,0.1523076923076923,0.1523076923076923,0.21846153846153848,0.020000000000000004,1235000000.0,36862000000.0,1.5559909379482268,2.751547073125839,3.0274834966659547,0.9022228553891182,2.800047197341919,1.6102641928195953,2.2223748397827148,1.6035659563541413
0.21846153846153848,0.21846153846153848,0.020000000000000004,0.1523076923076923,0.1523076923076923,0.21846153846153848,0.020000000000000004,1235000000.0,41470000000.0,1.5456134939193726,2.7386640560626985,3.0049528288841247,0.8936391803622246,2.7781722569465637,1.6007404232025146,2.1929135799407957,1.5901110827922822
0.21846153846153848,0.21846153846153848,0.020000000000000004,0.1523076923076923,0.1523076923076923,0.21846153846153848,0.020000000000000004,1235000000.0,46078000000.0,1.5372762155532838,2.7266654205322265,2.995820093154907,0.8836178874969483,2.7644877362251283,1.59145432472229,2.176900166273117,1.5709909904003143
0.21846153846153848,0.21846153846153848,0.020000000000000004,0.1523076923076923,0.1523076923076923,0.21846153846153848,0.020000000000000004,1235000000.0,46080000000.0,1.5372762155532838,2.7266654205322265,2.995820093154907,0.8836178874969483,2.7644877362251283,1.59145432472229,2.176900166273117,1.5709909904003143
0.2846153846153846,0.08615384615384615,0.15230769230769228,0.08615384615384615,0.15230769230769228,0.02,0.21846153846153843,1235000000.0,4606000000.0,1.9197110605239869,3.372660684585571,3.493679530620575,1.4374256026744843,3.3516227126121523,2.3852338922023772,2.4403360366821287,2.296157636642456
0.2846153846153846,0.08615384615384615,0.15230769230769228,0.08615384615384615,0.15230769230769228,0.02,0.21846153846153843,1235000000.0,9214000000.0,1.7106639993190766,3.0696636414527894,3.189471068382263,1.191068703830242,3.0392127680778502,2.0712527585029603,2.1030937528610227,1.9227972042560577
0.2846153846153846,0.08615384615384615,0.15230769230769228,0.08615384615384615,0.15230769230769228,0.02,0.21846153846153843,1235000000.0,13822000000.0,1.647568907737732,2.9690850448608397,3.079550087451935,1.1154489505290985,2.9257985234260557,1.9890167319774628,1.9874379193782807,1.8079505276679992
0.2846153846153846,0.08615384615384615,0.15230769230769228,0.08615384615384615,0.15230769230769228,0.02,0.21846153846153843,1235000000.0,18430000000.0,1.6112377285957336,2.9181695938110352,3.0182503032684327,1.0624206084012986,2.8687650775909423,1.932557566165924,1.9203426146507263,1.743295283317566
0.2846153846153846,0.08615384615384615,0.15230769230769228,0.08615384615384615,0.15230769230769228,0.02,0.21846153846153843,1235000000.0,23038000000.0,1.5823691248893739,2.873683465719223,2.9818060040473937,1.0427343344688416,2.8263204956054686,1.9039023804664612,1.8827956008911133,1.7002286911010742
0.2846153846153846,0.08615384615384615,0.15230769230769228,0.08615384615384615,0.15230769230769228,0.02,0.21846153846153843,1235000000.0,27646000000.0,1.5705472457408904,2.854604343175888,2.955316882133484,1.0350762528181077,2.8009694719314577,1.8812383615970611,1.853647619485855,1.6789256489276887
0.2846153846153846,0.08615384615384615,0.15230769230769228,0.08615384615384615,0.15230769230769228,0.02,0.21846153846153843,1235000000.0,32254000000.0,1.5569838321208953,2.8294498574733735,2.9284646701812744,1.015251004099846,2.7745928835868834,1.8624577796459199,1.8271179461479188,1.6461738705635072
0.2846153846153846,0.08615384615384615,0.15230769230769228,0.08615384615384615,0.15230769230769228,0.02,0.21846153846153843,1235000000.0,36862000000.0,1.5451198291778565,2.8110559499263763,2.9104998755455016,0.9988047522306442,2.7596825838088987,1.8370121252536773,1.8086749863624574,1.6289879333972932
0.2846153846153846,0.08615384615384615,0.15230769230769228,0.08615384615384615,0.15230769230769228,0.02,0.21846153846153843,1235000000.0,41470000000.0,1.534067324399948,2.800207449197769,2.8951416063308715,0.9919959169626236,2.7418272638320924,1.8272151410579682,1.794484587907791,1.6138121926784514
0.2846153846153846,0.08615384615384615,0.15230769230769228,0.08615384615384615,0.15230769230769228,0.02,0.21846153846153843,1235000000.0,46078000000.0,1.5286028146743775,2.7863393032550814,2.8872033596038817,0.9783891829848289,2.7310930490493774,1.811860682964325,1.7864529776573181,1.6009015083312987
0.2846153846153846,0.08615384615384615,0.15230769230769228,0.08615384615384615,0.15230769230769228,0.02,0.21846153846153843,1235000000.0,46080000000.0,1.5286028146743775,2.7863393032550814,2.8872033596038817,0.9783891829848289,2.7310930490493774,1.811860682964325,1.7864529776573181,1.6009015083312987
0.02,0.08615384615384614,0.21846153846153843,0.08615384615384614,0.2846153846153846,0.1523076923076923,0.15230769230769228,1235000000.0,4606000000.0,2.1738201236724852,3.298109350204468,3.3774422216415405,1.3375931718945504,3.230891990661621,2.090165877342224,2.4861930811405184,2.1950989258289337
0.02,0.08615384615384614,0.21846153846153843,0.08615384615384614,0.2846153846153846,0.1523076923076923,0.15230769230769228,1235000000.0,9214000000.0,1.9594997310638427,3.005575571060181,3.081392221450806,1.1189861625432969,2.936513946056366,1.8559299778938294,2.1383283042907717,1.863397033214569
0.02,0.08615384615384614,0.21846153846153843,0.08615384615384614,0.2846153846153846,0.1523076923076923,0.15230769230769228,1235000000.0,13822000000.0,1.8924432504177093,2.92191987156868,2.9894755268096924,1.0636895614862443,2.8377555084228514,1.7812734532356262,2.0263219714164733,1.7563309919834138
0.02,0.08615384615384614,0.21846153846153843,0.08615384615384614,0.2846153846153846,0.1523076923076923,0.15230769230769228,1235000000.0,18430000000.0,1.8627570796012878,2.8681445825099945,2.9355202293395997,1.0224312672019005,2.784199984073639,1.7478335285186768,1.9542651641368867,1.7029002904891968
0.02,0.08615384615384614,0.21846153846153843,0.08615384615384614,0.2846153846153846,0.1523076923076923,0.15230769230769228,1235000000.0,23038000000.0,1.8138066947460174,2.8277752220630648,2.8970836901664736,1.0043396490812302,2.7441339802742006,1.715054670572281,1.9219689464569092,1.6557238972187043
0.02,0.08615384615384614,0.21846153846153843,0.08615384615384614,0.2846153846153846,0.1523076923076923,0.15230769230769228,1235000000.0,27646000000.0,1.8053471434116364,2.8060400915145873,2.8699883031845093,0.9922759193181991,2.7180311989784243,1.6978946650028228,1.8864104783535003,1.6328180587291719
0.02,0.08615384615384614,0.21846153846153843,0.08615384615384614,0.2846153846153846,0.1523076923076923,0.15230769230769228,1235000000.0,32254000000.0,1.7846837770938873,2.7859757781028747,2.8524145126342773,0.9736416706442833,2.6959310960769653,1.6772961711883545,1.864086048603058,1.6142261838912964
0.02,0.08615384615384614,0.21846153846153843,0.08615384615384614,0.2846153846153846,0.1523076923076923,0.15230769230769228,1235000000.0,36862000000.0,1.7776583409309388,2.7746589040756224,2.833916609287262,0.9603730970621109,2.6793577671051025,1.6658887708187102,1.845452867746353,1.5916865122318269
0.02,0.08615384615384614,0.21846153846153843,0.08615384615384614,0.2846153846153846,0.1523076923076923,0.15230769230769228,1235000000.0,41470000000.0,1.762461748123169,2.754955049753189,2.8177336049079895,0.9608570882678031,2.6638529253005983,1.6573491096496582,1.8303546595573426,1.5699828243255616
0.02,0.08615384615384614,0.21846153846153843,0.08615384615384614,0.2846153846153846,0.1523076923076923,0.15230769230769228,1235000000.0,46078000000.0,1.7534392285346985,2.7488551151752474,2.810957314968109,0.9422668346762657,2.6551294898986817,1.6431205260753632,1.8237096464633942,1.5585636901855469
0.02,0.08615384615384614,0.21846153846153843,0.08615384615384614,0.2846153846153846,0.1523076923076923,0.15230769230769228,1235000000.0,46080000000.0,1.7534392285346985,2.7488551151752474,2.810957314968109,0.9422668346762657,2.6551294898986817,1.6431205260753632,1.8237096464633942,1.5585636901855469
0.02,0.2846153846153846,0.08615384615384614,0.2846153846153846,0.02,0.2846153846153846,0.02,1235000000.0,4606000000.0,2.197790161371231,3.344977276325226,3.6444536542892454,1.2082008761167526,3.5660061502456664,2.009830696582794,3.249893114566803,2.349754843711853
0.02,0.2846153846153846,0.08615384615384614,0.2846153846153846,0.02,0.2846153846153846,0.02,1235000000.0,9214000000.0,1.970109268426895,3.029034357070923,3.296196610927582,1.0294469085335731,3.214051914215088,1.790323348045349,2.6638041305541993,1.9780614149570466
0.02,0.2846153846153846,0.08615384615384614,0.2846153846153846,0.02,0.2846153846153846,0.02,1235000000.0,13822000000.0,1.892704964876175,2.9184710645675658,3.1812682914733887,0.9525573310256005,3.0781164383888244,1.7089564418792724,2.5532018935680387,1.8550581872463225
0.02,0.2846153846153846,0.08615384615384614,0.2846153846153846,0.02,0.2846153846153846,0.02,1235000000.0,18430000000.0,1.8528953611850738,2.8656561303138735,3.130424304008484,0.9195447778701782,3.033305287361145,1.667952595949173,2.3971633422374725,1.7868779230117797
0.02,0.2846153846153846,0.08615384615384614,0.2846153846153846,0.02,0.2846153846153846,0.02,1235000000.0,23038000000.0,1.8090258741378784,2.8208243823051453,3.076701259613037,0.8929470282793045,2.9778371119499205,1.641855798959732,2.347479863166809,1.743327829837799
0.02,0.2846153846153846,0.08615384615384614,0.2846153846153846,0.02,0.2846153846153846,0.02,1235000000.0,27646000000.0,1.793497964143753,2.7929449594020843,3.046038134098053,0.8763867825269699,2.9447189950942994,1.6175968492031096,2.302570108175278,1.709379994869232
0.02,0.2846153846153846,0.08615384615384614,0.2846153846153846,0.02,0.2846153846153846,0.02,1235000000.0,32254000000.0,1.7687664818763733,2.7658575963974,3.018259193897247,0.8678374108672142,2.920307943820953,1.6001440238952638,2.2614714694023133,1.6806085050106048
0.02,0.2846153846153846,0.08615384615384614,0.2846153846153846,0.02,0.2846153846153846,0.02,1235000000.0,36862000000.0,1.762653043270111,2.7513362419605256,3.0050012993812563,0.8521920765936375,2.904663956165314,1.5887339258193969,2.24916078209877,1.667140052318573
0.02,0.2846153846153846,0.08615384615384614,0.2846153846153846,0.02,0.2846153846153846,0.02,1235000000.0,41470000000.0,1.7553981971740722,2.734447817802429,2.9948524475097655,0.8471691083908081,2.8870646286010744,1.5818054354190827,2.2243015968799593,1.6527416586875916
0.02,0.2846153846153846,0.08615384615384614,0.2846153846153846,0.02,0.2846153846153846,0.02,1235000000.0,46078000000.0,1.7448493444919586,2.7238962483406066,2.97637659072876,0.8363342963159084,2.869234960079193,1.573407301902771,2.2101916432380677,1.6307803559303284
0.02,0.2846153846153846,0.08615384615384614,0.2846153846153846,0.02,0.2846153846153846,0.02,1235000000.0,46080000000.0,1.7448493444919586,2.7238962483406066,2.97637659072876,0.8363342963159084,2.869234960079193,1.573407301902771,2.2101916432380677,1.6307803559303284
0.08615384615384616,0.08615384615384616,0.08615384615384616,0.1523076923076923,0.21846153846153848,0.1523076923076923,0.21846153846153848,1235000000.0,4606000000.0,2.027734625339508,3.37160649061203,3.4972446727752686,1.2764288783073425,3.320808093547821,2.0760745549201967,2.413279826641083,2.2309436535835268
0.08615384615384616,0.08615384615384616,0.08615384615384616,0.1523076923076923,0.21846153846153848,0.1523076923076923,0.21846153846153848,1235000000.0,9214000000.0,1.8190721726417542,3.0635845398902894,3.199216995239258,1.0787682673335075,3.01694007396698,1.858148854970932,2.0931700801849367,1.8942332291603088
0.08615384615384616,0.08615384615384616,0.08615384615384616,0.1523076923076923,0.21846153846153848,0.1523076923076923,0.21846153846153848,1235000000.0,13822000000.0,1.7626108253002166,2.9608515334129333,3.098701956272125,1.015365417599678,2.906092622280121,1.7769099235534669,1.9806897580623626,1.779548876285553
0.08615384615384616,0.08615384615384616,0.08615384615384616,0.1523076923076923,0.21846153846153848,0.1523076923076923,0.21846153846153848,1235000000.0,18430000000.0,1.7248452627658843,2.9110746955871583,3.0374392437934876,0.9841937878727913,2.84705491065979,1.7442278289794921,1.914165405035019,1.715961811542511
0.08615384615384616,0.08615384615384616,0.08615384615384616,0.1523076923076923,0.21846153846153848,0.1523076923076923,0.21846153846153848,1235000000.0,23038000000.0,1.6875550627708436,2.8698494052886963,2.999086537361145,0.9602219176292419,2.8103896260261534,1.7052621829509735,1.8797399342060088,1.6722466707229615
0.08615384615384616,0.08615384615384616,0.08615384615384616,0.1523076923076923,0.21846153846153848,0.1523076923076923,0.21846153846153848,1235000000.0,27646000000.0,1.672993586063385,2.8422005593776705,2.9697895407676698,0.9412134376168251,2.781252007484436,1.6860784375667572,1.8466730308532715,1.6460416901111603
0.08615384615384616,0.08615384615384616,0.08615384615384616,0.1523076923076923,0.21846153846153848,0.1523076923076923,0.21846153846153848,1235000000.0,32254000000.0,1.6542886912822723,2.8253061079978945,2.9482907223701478,0.9299246820807457,2.756624393463135,1.6692311513423919,1.8229870867729188,1.6287446486949921
0.08615384615384616,0.08615384615384616,0.08615384615384616,0.1523076923076923,0.21846153846153848,0.1523076923076923,0.21846153846153848,1235000000.0,36862000000.0,1.6561664414405823,2.8053099501132963,2.933299539089203,0.9164428521692752,2.7408823561668396,1.6628420746326447,1.8040564715862275,1.6110729444026948
0.08615384615384616,0.08615384615384616,0.08615384615384616,0.1523076923076923,0.21846153846153848,0.1523076923076923,0.21846153846153848,1235000000.0,41470000000.0,1.6356226110458374,2.7940450155735017,2.9137220096588137,0.9065816122293472,2.724221215248108,1.6453763151168823,1.7903264808654784,1.5887052488327027
0.08615384615384616,0.08615384615384616,0.08615384615384616,0.1523076923076923,0.21846153846153848,0.1523076923076923,0.21846153846153848,1235000000.0,46078000000.0,1.6507371580600738,2.778981792926788,2.908710422515869,0.9016211149096489,2.713348648548126,1.636632150411606,1.7810664427280427,1.5793351686000825
0.08615384615384616,0.08615384615384616,0.08615384615384616,0.1523076923076923,0.21846153846153848,0.1523076923076923,0.21846153846153848,1235000000.0,46080000000.0,1.6507371580600738,2.778981792926788,2.908710422515869,0.9016211149096489,2.713348648548126,1.636632150411606,1.7810664427280427,1.5793351686000825
0.020000000000000004,0.020000000000000004,0.416923076923077,0.020000000000000004,0.3507692307692308,0.020000000000000004,0.1523076923076923,1235000000.0,4606000000.0,2.257435519695282,3.3116468024253845,3.2744657588005066,1.6309980934858321,3.158947937488556,2.445356239080429,2.4630954587459564,2.2394776821136473
0.020000000000000004,0.020000000000000004,0.416923076923077,0.020000000000000004,0.3507692307692308,0.020000000000000004,0.1523076923076923,1235000000.0,9214000000.0,2.030029801130295,3.0459446334838867,3.008461637496948,1.3469147530198098,2.887553517818451,2.1462113499641418,2.1405767488479612,1.9178744077682495
0.020000000000000004,0.020000000000000004,0.416923076923077,0.020000000000000004,0.3507692307692308,0.020000000000000004,0.1523076923076923,1235000000.0,13822000000.0,1.9404197561740875,2.9598677349090576,2.9169963073730467,1.2705045053362847,2.790655450820923,2.0490373122692107,2.0249555718898775,1.8012651681900025
0.020000000000000004,0.020000000000000004,0.416923076923077,0.020000000000000004,0.3507692307692308,0.020000000000000004,0.1523076923076923,1235000000.0,18430000000.0,1.907699432373047,2.9036089408397676,2.8653349542617796,1.2225614830851554,2.73994225025177,1.9931178152561189,1.9506154203414916,1.7412626433372498
0.020000000000000004,0.020000000000000004,0.416923076923077,0.020000000000000004,0.3507692307692308,0.020000000000000004,0.1523076923076923,1235000000.0,23038000000.0,1.8537618350982665,2.867975627183914,2.8289964604377746,1.191096617281437,2.702090618610382,1.943060939311981,1.9205020773410797,1.7008621418476104
0.020000000000000004,0.020000000000000004,0.416923076923077,0.020000000000000004,0.3507692307692308,0.020000000000000004,0.1523076923076923,1235000000.0,27646000000.0,1.8689379465579987,2.846010240316391,2.804472637176514,1.1927945056557656,2.677078981399536,1.9521028459072114,1.8850510430335998,1.6850725305080414
0.020000000000000004,0.020000000000000004,0.416923076923077,0.020000000000000004,0.3507692307692308,0.020000000000000004,0.1523076923076923,1235000000.0,32254000000.0,1.8230060517787934,2.8249132668972017,2.7848851346969603,1.1599561220407486,2.655246376991272,1.904630296230316,1.8634003019332885,1.6453166353702544
0.020000000000000004,0.020000000000000004,0.416923076923077,0.020000000000000004,0.3507692307692308,0.020000000000000004,0.1523076923076923,1235000000.0,36862000000.0,1.827525440454483,2.8125558638572694,2.7685082578659057,1.1353871563076974,2.640522229671478,1.9014257574081421,1.8417538392543793,1.6274905705451965
0.020000000000000004,0.020000000000000004,0.416923076923077,0.020000000000000004,0.3507692307692308,0.020000000000000004,0.1523076923076923,1235000000.0,41470000000.0,1.8373923921585082,2.7975828993320464,2.7571195101737977,1.1370898017287254,2.6251685667037963,1.895946856737137,1.8300000298023225,1.6140092742443084
0.020000000000000004,0.020000000000000004,0.416923076923077,0.020000000000000004,0.3507692307692308,0.020000000000000004,0.1523076923076923,1235000000.0,46078000000.0,1.813275750875473,2.7833224713802336,2.7439669609069823,1.1420704558491708,2.610658347606659,1.88908731341362,1.820380575656891,1.6022926211357116
0.020000000000000004,0.020000000000000004,0.416923076923077,0.020000000000000004,0.3507692307692308,0.020000000000000004,0.1523076923076923,1235000000.0,46080000000.0,1.813275750875473,2.7833224713802336,2.7439669609069823,1.1420704558491708,2.610658347606659,1.88908731341362,1.820380575656891,1.6022926211357116
0.21846153846153848,0.08615384615384616,0.020000000000000004,0.08615384615384616,0.21846153846153848,0.21846153846153848,0.1523076923076923,1235000000.0,4606000000.0,1.9287793219089509,3.371681454181671,3.5957146692276,1.30888651907444,3.35613778591156,2.0338624048233034,2.5209329390525816,2.239375137090683
0.21846153846153848,0.08615384615384616,0.020000000000000004,0.08615384615384616,0.21846153846153848,0.21846153846153848,0.1523076923076923,1235000000.0,9214000000.0,1.7233746647834778,3.0836283016204833,3.2928780770301818,1.1081007850170135,3.049784531593323,1.8225513780117035,2.1750617527961733,1.8965302169322968
0.21846153846153848,0.08615384615384616,0.020000000000000004,0.08615384615384616,0.21846153846153848,0.21846153846153848,0.1523076923076923,1235000000.0,13822000000.0,1.6642530071735382,2.980726797580719,3.18426922082901,1.0506030282378196,2.936634571552277,1.7430141878128051,2.0540708434581756,1.7791064548492432
0.21846153846153848,0.08615384615384616,0.020000000000000004,0.08615384615384616,0.21846153846153848,0.21846153846153848,0.1523076923076923,1235000000.0,18430000000.0,1.629032416343689,2.928943519592285,3.1250746560096743,1.0085198029875755,2.87560489654541,1.7115123927593232,1.9767351853847503,1.7139385437965393
0.21846153846153848,0.08615384615384616,0.020000000000000004,0.08615384615384616,0.21846153846153848,0.21846153846153848,0.1523076923076923,1235000000.0,23038000000.0,1.6014550888538361,2.8936557018756868,3.0834453225135805,0.9904792860150338,2.8395148634910585,1.6752539193630218,1.9460218417644501,1.6704988646507264
0.21846153846153848,0.08615384615384616,0.020000000000000004,0.08615384615384616,0.21846153846153848,0.21846153846153848,0.1523076923076923,1235000000.0,27646000000.0,1.5798960661888122,2.859480768442154,3.0518816995620726,0.9731080961227417,2.806567666530609,1.6505223667621614,1.9051933693885803,1.6449360036849976
0.21846153846153848,0.08615384615384616,0.020000000000000004,0.08615384615384616,0.21846153846153848,0.21846153846153848,0.1523076923076923,1235000000.0,32254000000.0,1.5703358614444733,2.836588088274002,3.0275631833076475,0.9574332687258721,2.7815872287750243,1.6362890589237213,1.8824780642986298,1.6227556729316712
0.21846153846153848,0.08615384615384616,0.020000000000000004,0.08615384615384616,0.21846153846153848,0.21846153846153848,0.1523076923076923,1235000000.0,36862000000.0,1.5597132766246795,2.816841320991516,3.0127270126342776,0.9440168583393097,2.7621005010604858,1.6269099450111388,1.8585236084461212,1.6017137598991393
0.21846153846153848,0.08615384615384616,0.020000000000000004,0.08615384615384616,0.21846153846153848,0.21846153846153848,0.1523076923076923,1235000000.0,41470000000.0,1.5485975277423858,2.8009295320510863,2.9963483691215513,0.9425115457177162,2.747182891368866,1.6127406454086304,1.8465651774406433,1.5884745502471924
0.21846153846153848,0.08615384615384616,0.020000000000000004,0.08615384615384616,0.21846153846153848,0.21846153846153848,0.1523076923076923,1235000000.0,46078000000.0,1.5410516953468323,2.7944649016857146,2.9907359671592713,0.9252674603462219,2.7361924290657043,1.601891793012619,1.8388408541679382,1.5734973406791688
0.21846153846153848,0.08615384615384616,0.020000000000000004,0.08615384615384616,0.21846153846153848,0.21846153846153848,0.1523076923076923,1235000000.0,46080000000.0,1.5410516953468323,2.7944649016857146,2.9907359671592713,0.9252674603462219,2.7361924290657043,1.601891793012619,1.8388408541679382,1.5734973406791688
0.21846153846153843,0.02,0.2846153846153846,0.15230769230769228,0.02,0.02,0.2846153846153846,1235000000.0,4606000000.0,1.9445075106620788,3.467620146274567,3.4449897742271425,1.3340758422017098,3.400844142436981,2.288490980863571,2.369488731622696,2.264495327472687
0.21846153846153843,0.02,0.2846153846153846,0.15230769230769228,0.02,0.02,0.2846153846153846,1235000000.0,9214000000.0,1.734914048910141,3.18073098897934,3.1556512665748597,1.1228389945626258,3.099725604057312,2.0358690142631533,2.0544507765769957,1.928360642194748
0.21846153846153843,0.02,0.2846153846153846,0.15230769230769228,0.02,0.02,0.2846153846153846,1235000000.0,13822000000.0,1.6737310481071472,3.0676244378089903,3.0481151723861695,1.0517131188511848,2.9807609057426454,1.9456672513484954,1.943404871225357,1.815689513683319
0.21846153846153843,0.02,0.2846153846153846,0.15230769230769228,0.02,0.02,0.2846153846153846,1235000000.0,18430000000.0,1.6356254279613496,3.017335636615753,2.9914908957481385,1.008964695930481,2.9328121376037597,1.8924425673484802,1.882389874458313,1.7536732149124146
0.21846153846153843,0.02,0.2846153846153846,0.15230769230769228,0.02,0.02,0.2846153846153846,1235000000.0,23038000000.0,1.611432112455368,2.974230328798294,2.953789656162262,0.9892841902375221,2.891551179885864,1.8624132418632506,1.8509860157966613,1.7102912318706514
0.21846153846153843,0.02,0.2846153846153846,0.15230769230769228,0.02,0.02,0.2846153846153846,1235000000.0,27646000000.0,1.590779173374176,2.945576819181442,2.9256751275062562,0.9670752596855163,2.8615841841697693,1.8426006495952607,1.8154497849941253,1.679596289396286
0.21846153846153843,0.02,0.2846153846153846,0.15230769230769228,0.02,0.02,0.2846153846153846,1235000000.0,32254000000.0,1.5824650919437409,2.926438332796097,2.905588707923889,0.9582084193825722,2.84448187828064,1.830119035243988,1.795548561811447,1.6522694957256316
0.21846153846153843,0.02,0.2846153846153846,0.15230769230769228,0.02,0.02,0.2846153846153846,1235000000.0,36862000000.0,1.5732541596889495,2.9093375599384306,2.88750616312027,0.9439740955829621,2.8250813937187194,1.81363578915596,1.7779329013824463,1.6413971161842347
0.21846153846153843,0.02,0.2846153846153846,0.15230769230769228,0.02,0.02,0.2846153846153846,1235000000.0,41470000000.0,1.5630009591579437,2.8945953261852266,2.8722033667564393,0.9388331457972526,2.807454380989075,1.808218207359314,1.7653554129600524,1.6237443804740905
0.21846153846153843,0.02,0.2846153846153846,0.15230769230769228,0.02,0.02,0.2846153846153846,1235000000.0,46078000000.0,1.5534387469291686,2.8805641746520996,2.8614281749725343,0.9252721905708313,2.7949752187728882,1.7981029057502746,1.7506019043922425,1.6070488274097443
0.21846153846153843,0.02,0.2846153846153846,0.15230769230769228,0.02,0.02,0.2846153846153846,1235000000.0,46080000000.0,1.5534387469291686,2.8805641746520996,2.8614281749725343,0.9252721905708313,2.7949752187728882,1.7981029057502746,1.7506019043922425,1.6070488274097443
0.28461538461538466,0.21846153846153848,0.08615384615384618,0.08615384615384616,0.08615384615384616,0.21846153846153848,0.020000000000000004,1235000000.0,4606000000.0,1.884562886953354,3.300187392234802,3.5497069358825684,1.3055579817295075,3.4224592232704163,2.0326699924468996,3.1407897424697877,2.2388105261325837
0.28461538461538466,0.21846153846153848,0.08615384615384618,0.08615384615384616,0.08615384615384616,0.21846153846153848,0.020000000000000004,1235000000.0,9214000000.0,1.7004074513912202,3.02365492105484,3.2483431243896486,1.1256348866224288,3.1110932660102844,1.8184608602523804,2.620284924507141,1.9000173556804656
0.28461538461538466,0.21846153846153848,0.08615384615384618,0.08615384615384616,0.08615384615384616,0.21846153846153848,0.020000000000000004,1235000000.0,13822000000.0,1.6348935532569886,2.925339262485504,3.1357632279396057,1.0510084486007691,2.9901997327804564,1.736838059425354,2.5362827610969543,1.7831244468688965
0.28461538461538466,0.21846153846153848,0.08615384615384618,0.08615384615384616,0.08615384615384616,0.21846153846153848,0.020000000000000004,1235000000.0,18430000000.0,1.5984600400924682,2.8616213035583495,3.07859703540802,1.0095277893543244,2.9335874700546265,1.692018973827362,2.3639089453220365,1.7156880033016204
0.28461538461538466,0.21846153846153848,0.08615384615384618,0.08615384615384616,0.08615384615384616,0.21846153846153848,0.020000000000000004,1235000000.0,23038000000.0,1.5713099431991577,2.826472134590149,3.034979455471039,0.9889964193105698,2.88861496925354,1.6685247337818145,2.31986305475235,1.674912451505661
0.28461538461538466,0.21846153846153848,0.08615384615384618,0.08615384615384616,0.08615384615384616,0.21846153846153848,0.020000000000000004,1235000000.0,27646000000.0,1.5557237005233764,2.7959167516231536,3.0078474473953247,0.9754470500349999,2.862144615650177,1.6465843856334685,2.290526999235153,1.6463497066497803
0.28461538461538466,0.21846153846153848,0.08615384615384618,0.08615384615384616,0.08615384615384616,0.21846153846153848,0.020000000000000004,1235000000.0,32254000000.0,1.539566880464554,2.770150200128555,2.9764019083976745,0.9560677626729012,2.8291441917419435,1.6278530073165893,2.2449478459358216,1.6224176025390624
0.28461538461538466,0.21846153846153848,0.08615384615384618,0.08615384615384616,0.08615384615384616,0.21846153846153848,0.020000000000000004,1235000000.0,36862000000.0,1.5305639171600343,2.75372106552124,2.9653981137275696,0.9430816173553467,2.81676691532135,1.6141225433349609,2.226548639535904,1.6010269033908844
0.28461538461538466,0.21846153846153848,0.08615384615384618,0.08615384615384616,0.08615384615384616,0.21846153846153848,0.020000000000000004,1235000000.0,41470000000.0,1.5195894950628281,2.741545490026474,2.9455840039253234,0.9378025782108307,2.7961342787742614,1.6054961705207824,2.205822238922119,1.587816857099533
0.28461538461538466,0.21846153846153848,0.08615384615384618,0.08615384615384616,0.08615384615384616,0.21846153846153848,0.020000000000000004,1235000000.0,46078000000.0,1.5139784181118012,2.730333160161972,2.9339574337005616,0.9224305936694145,2.7832757091522216,1.597335580587387,2.180706881284714,1.5687710046768188
0.28461538461538466,0.21846153846153848,0.08615384615384618,0.08615384615384616,0.08615384615384616,0.21846153846153848,0.020000000000000004,1235000000.0,46080000000.0,1.5139784181118012,2.730333160161972,2.9339574337005616,0.9224305936694145,2.7832757091522216,1.597335580587387,2.180706881284714,1.5687710046768188
0.21846153846153848,0.21846153846153848,0.1523076923076923,0.1523076923076923,0.020000000000000004,0.020000000000000004,0.21846153846153848,1235000000.0,4606000000.0,1.9517663764953612,3.3005876421928404,3.532855236530304,1.360730604827404,3.451755187511444,2.3473427855968474,2.4475142204761506,2.3173170399665834
0.21846153846153848,0.21846153846153848,0.1523076923076923,0.1523076923076923,0.020000000000000004,0.020000000000000004,0.21846153846153848,1235000000.0,9214000000.0,1.7485128235816956,3.027666456699371,3.2403719568252565,1.1371320641040803,3.145284717082977,2.0492282700538635,2.1210976099967955,1.9637796044349671
0.21846153846153848,0.21846153846153848,0.1523076923076923,0.1523076923076923,0.020000000000000004,0.020000000000000004,0.21846153846153848,1235000000.0,13822000000.0,1.6861690056324006,2.9207361018657685,3.123108241558075,1.065531928241253,3.023461492061615,1.9719834482669831,2.0049581325054167,1.8417226195335388
0.21846153846153848,0.21846153846153848,0.1523076923076923,0.1523076923076923,0.020000000000000004,0.020000000000000004,0.21846153846153848,1235000000.0,18430000000.0,1.6454663348197938,2.8615895330905916,3.052865469455719,1.0260836774110793,2.9557503700256347,1.9195485460758208,1.927288111448288,1.7729405856132507
0.21846153846153848,0.21846153846153848,0.1523076923076923,0.1523076923076923,0.020000000000000004,0.020000000000000004,0.21846153846153848,1235000000.0,23038000000.0,1.6164351391792298,2.82448154091835,3.013248527050018,0.9987486681342125,2.91624764919281,1.8882936835289001,1.8966840422153473,1.7302438008785248
0.21846153846153848,0.21846153846153848,0.1523076923076923,0.1523076923076923,0.020000000000000004,0.020000000000000004,0.21846153846153848,1235000000.0,27646000000.0,1.596403807401657,2.795522594451904,2.9843598294258116,0.9735920590162277,2.8842076802253724,1.857853239774704,1.8578276193141938,1.6939169907569884
0.21846153846153848,0.21846153846153848,0.1523076923076923,0.1523076923076923,0.020000000000000004,0.020000000000000004,0.21846153846153848,1235000000.0,32254000000.0,1.5856202948093414,2.768624222278595,2.9562628483772277,0.963839457333088,2.8514939379692077,1.8434741497039795,1.832795490026474,1.6607378697395325
0.21846153846153848,0.21846153846153848,0.1523076923076923,0.1523076923076923,0.020000000000000004,0.020000000000000004,0.21846153846153848,1235000000.0,36862000000.0,1.5761462295055388,2.750466511249542,2.9417136311531067,0.9507284751534462,2.8396945929527284,1.8206916785240173,1.812880175113678,1.6517976474761964
0.21846153846153848,0.21846153846153848,0.1523076923076923,0.1523076923076923,0.020000000000000004,0.020000000000000004,0.21846153846153848,1235000000.0,41470000000.0,1.566392377614975,2.739039829969406,2.924125475883484,0.9443089619278908,2.827209761142731,1.8113299572467805,1.8002405953407288,1.635894899368286
0.21846153846153848,0.21846153846153848,0.1523076923076923,0.1523076923076923,0.020000000000000004,0.020000000000000004,0.21846153846153848,1235000000.0,46078000000.0,1.556467479467392,2.7285240614414215,2.9126119804382324,0.9288936227560043,2.807837600708008,1.7923227429389954,1.7889689528942108,1.6157273352146149
0.21846153846153848,0.21846153846153848,0.1523076923076923,0.1523076923076923,0.020000000000000004,0.020000000000000004,0.21846153846153848,1235000000.0,46080000000.0,1.556467479467392,2.7285240614414215,2.9126119804382324,0.9288936227560043,2.807837600708008,1.7923227429389954,1.7889689528942108,1.6157273352146149
0.08615384615384616,0.21846153846153848,0.08615384615384616,0.08615384615384615,0.3507692307692308,0.020000000000000004,0.1523076923076923,1235000000.0,4606000000.0,2.0542042207717897,3.2271870017051696,3.4307443857192994,1.4300843331217765,3.227008514404297,2.366952724456787,2.4830719125270844,2.2505688071250916
0.08615384615384616,0.21846153846153848,0.08615384615384616,0.08615384615384615,0.3507692307692308,0.020000000000000004,0.1523076923076923,1235000000.0,9214000000.0,1.8382997393608094,2.9612521004676817,3.147441318035126,1.2046094420552254,2.9448082423210145,2.105447310209274,2.146400771141052,1.9178314340114593
0.08615384615384616,0.21846153846153848,0.08615384615384616,0.08615384615384615,0.3507692307692308,0.020000000000000004,0.1523076923076923,1235000000.0,13822000000.0,1.7846286237239837,2.86147021651268,3.0482822966575625,1.1301915603876114,2.837803304195404,2.004625552892685,2.0295217084884642,1.799445585012436
0.08615384615384616,0.21846153846153848,0.08615384615384616,0.08615384615384615,0.3507692307692308,0.020000000000000004,0.1523076923076923,1235000000.0,18430000000.0,1.7387134110927582,2.811631819009781,3.0006341218948362,1.0844319242238998,2.7859977769851683,1.950001072883606,1.9543246197700501,1.7352001893520355
0.08615384615384616,0.21846153846153848,0.08615384615384616,0.08615384615384615,0.3507692307692308,0.020000000000000004,0.1523076923076923,1235000000.0,23038000000.0,1.7049251258373261,2.776944708824158,2.956278393268585,1.0610030323266983,2.745552475452423,1.9043260061740874,1.924872980117798,1.6881721365451812
0.08615384615384616,0.21846153846153848,0.08615384615384616,0.08615384615384615,0.3507692307692308,0.020000000000000004,0.1523076923076923,1235000000.0,27646000000.0,1.6908858978748322,2.747607879638672,2.929264509677887,1.0459627345204354,2.7178039073944094,1.899739031791687,1.886856027841568,1.6731728672981263
0.08615384615384616,0.21846153846153848,0.08615384615384616,0.08615384615384615,0.3507692307692308,0.020000000000000004,0.1523076923076923,1235000000.0,32254000000.0,1.6703594160079955,2.7283938932418823,2.9058281803131103,1.0248308736085892,2.6943495440483094,1.8649300169944762,1.8637746465206146,1.6318151116371156
0.08615384615384616,0.21846153846153848,0.08615384615384616,0.08615384615384615,0.3507692307692308,0.020000000000000004,0.1523076923076923,1235000000.0,36862000000.0,1.6709623920917511,2.7099331295490265,2.890282654762268,1.0053300204873086,2.677125110626221,1.8560056746006013,1.840164737701416,1.614671404361725
0.08615384615384616,0.21846153846153848,0.08615384615384616,0.08615384615384615,0.3507692307692308,0.020000000000000004,0.1523076923076923,1235000000.0,41470000000.0,1.6501818156242372,2.6975031411647796,2.8813209390640258,1.0039090332388878,2.6619101643562315,1.852061493396759,1.8298623657226563,1.6060541343688965
0.08615384615384616,0.21846153846153848,0.08615384615384616,0.08615384615384615,0.3507692307692308,0.020000000000000004,0.1523076923076923,1235000000.0,46078000000.0,1.6851107382774353,2.683284250497818,2.8625648736953737,0.9960965636372566,2.6460870242118837,1.8441325795650483,1.8176165091991425,1.5873587489128114
0.08615384615384616,0.21846153846153848,0.08615384615384616,0.08615384615384615,0.3507692307692308,0.020000000000000004,0.1523076923076923,1235000000.0,46080000000.0,1.6851107382774353,2.683284250497818,2.8625648736953737,0.9960965636372566,2.6460870242118837,1.8441325795650483,1.8176165091991425,1.5873587489128114
0.02,0.02,0.21846153846153843,0.2846153846153846,0.08615384615384615,0.08615384615384614,0.2846153846153846,1235000000.0,4606000000.0,2.2305824184417724,3.4886678504943847,3.499452843666077,1.2713069543242455,3.4050090169906615,2.157444278001785,2.40745337843895,2.310482815504074
0.02,0.02,0.21846153846153843,0.2846153846153846,0.08615384615384615,0.08615384615384614,0.2846153846153846,1235000000.0,9214000000.0,2.0037128913402555,3.165681767463684,3.1750152921676635,1.048731971681118,3.0745103263854983,1.920237421989441,2.0642482578754424,1.9494914460182189
0.02,0.02,0.21846153846153843,0.2846153846153846,0.08615384615384615,0.08615384615384614,0.2846153846153846,1235000000.0,13822000000.0,1.9199757409095763,3.0736699986457823,3.0703754568099977,0.9748574551939965,2.960821952819824,1.8269536197185516,1.949896343946457,1.8284464108943939
0.02,0.02,0.21846153846153843,0.2846153846153846,0.08615384615384615,0.08615384615384614,0.2846153846153846,1235000000.0,18430000000.0,1.8849689531326295,3.004826595783234,3.0049721240997314,0.9377336406707764,2.896623077392578,1.7851990532875062,1.8847604429721831,1.7636250281333923
0.02,0.02,0.21846153846153843,0.2846153846153846,0.08615384615384615,0.08615384615384614,0.2846153846153846,1235000000.0,23038000000.0,1.8345406031608582,2.969775335788727,2.96977831363678,0.9164384613931179,2.862412872314453,1.7465162467956543,1.85290509223938,1.7235804033279418
0.02,0.02,0.21846153846153843,0.2846153846153846,0.08615384615384615,0.08615384615384614,0.2846153846153846,1235000000.0,27646000000.0,1.8267700040340424,2.946299761533737,2.93828590631485,0.8978801891207695,2.8322800683975218,1.7296064615249633,1.819029666185379,1.6915868437290191
0.02,0.02,0.21846153846153843,0.2846153846153846,0.08615384615384615,0.08615384615384614,0.2846153846153846,1235000000.0,32254000000.0,1.8047412157058715,2.9243741500377656,2.921893301010132,0.8940182560682297,2.8134934973716734,1.7191719555854796,1.7975244319438934,1.6738003492355347
0.02,0.02,0.21846153846153843,0.2846153846153846,0.08615384615384615,0.08615384615384614,0.2846153846153846,1235000000.0,36862000000.0,1.7959794330596923,2.907634110450745,2.9027415108680725,0.8748824815452099,2.793163115978241,1.7050202250480653,1.7787071561813355,1.6502815473079682
0.02,0.02,0.21846153846153843,0.2846153846153846,0.08615384615384615,0.08615384615384614,0.2846153846153846,1235000000.0,41470000000.0,1.789173399209976,2.896739740371704,2.89188481092453,0.8688013981282711,2.7831355333328247,1.6951662230491638,1.770651559829712,1.6420671987533568
0.02,0.02,0.21846153846153843,0.2846153846153846,0.08615384615384615,0.08615384615384614,0.2846153846153846,1235000000.0,46078000000.0,1.7836762070655823,2.887416486740112,2.879424195289612,0.8611746846139431,2.7690147614479064,1.6897553944587707,1.75604567527771,1.628939825296402
0.02,0.02,0.21846153846153843,0.2846153846153846,0.08615384615384615,0.08615384615384614,0.2846153846153846,1235000000.0,46080000000.0,1.7836762070655823,2.887416486740112,2.879424195289612,0.8611746846139431,2.7690147614479064,1.6897553944587707,1.75604567527771,1.628939825296402
0.21846153846153846,0.08615384615384615,0.08615384615384615,0.08615384615384614,0.08615384615384614,0.15230769230769228,0.2846153846153846,1235000000.0,4606000000.0,1.9311692225933075,3.3822302842140197,3.5580589532852174,1.3309458017349243,3.4038314485549925,2.0827695751190185,2.3620451533794404,2.2614870631694792
0.21846153846153846,0.08615384615384615,0.08615384615384615,0.08615384615384614,0.08615384615384614,0.15230769230769228,0.2846153846153846,1235000000.0,9214000000.0,1.7323472237586974,3.098507409095764,3.2541373658180235,1.137182953953743,3.105058946609497,1.8704927396774291,2.058114138841629,1.9226493012905121
0.21846153846153846,0.08615384615384615,0.08615384615384615,0.08615384615384614,0.08615384615384614,0.15230769230769228,0.2846153846153846,1235000000.0,13822000000.0,1.6701154470443726,2.9958339309692383,3.1508729791641237,1.0692434218525886,2.9936271858215333,1.7822769701480865,1.9474143767356873,1.8022930657863616
0.21846153846153846,0.08615384615384615,0.08615384615384615,0.08615384615384614,0.08615384615384614,0.15230769230769228,0.2846153846153846,1235000000.0,18430000000.0,1.6360384392738343,2.946065969467163,3.095906500816345,1.0297864389419555,2.9347299361228942,1.7444650900363923,1.8875138342380524,1.7428975737094878
0.21846153846153846,0.08615384615384615,0.08615384615384615,0.08615384615384614,0.08615384615384614,0.15230769230769228,0.2846153846153846,1235000000.0,23038000000.0,1.6083935236930846,2.908833770751953,3.052064988613129,1.0060342261195183,2.8965413427352904,1.7138717925548554,1.8520485877990722,1.7027402496337891
0.21846153846153846,0.08615384615384615,0.08615384615384615,0.08615384615384614,0.08615384615384614,0.15230769230769228,0.2846153846153846,1235000000.0,27646000000.0,1.5877548885345458,2.876303287744522,3.021919114589691,0.9915357738733291,2.8655417442321776,1.6920288789272309,1.8162039029598236,1.6732929754257202
0.21846153846153846,0.08615384615384615,0.08615384615384615,0.08615384615384614,0.08615384615384614,0.15230769230769228,0.2846153846153846,1235000000.0,32254000000.0,1.5785206615924836,2.854401181936264,2.9990935826301577,0.9754155364632606,2.840239589214325,1.6775301456451417,1.7947144734859466,1.6426359701156616
0.21846153846153846,0.08615384615384615,0.08615384615384615,0.08615384615384614,0.08615384615384614,0.15230769230769228,0.2846153846153846,1235000000.0,36862000000.0,1.5688453352451324,2.836307771205902,2.9838404726982115,0.9576809701323509,2.8251034784317017,1.6662000584602357,1.7774451339244843,1.6295722115039826
0.21846153846153846,0.08615384615384615,0.08615384615384615,0.08615384615384614,0.08615384615384614,0.15230769230769228,0.2846153846153846,1235000000.0,41470000000.0,1.5568782079219818,2.8226753628253936,2.973193333148956,0.9537401074171066,2.8076505160331724,1.653026796579361,1.7638620471954345,1.6119426167011262
0.21846153846153846,0.08615384615384615,0.08615384615384615,0.08615384615384614,0.08615384615384614,0.15230769230769228,0.2846153846153846,1235000000.0,46078000000.0,1.549968377351761,2.8120248341560363,2.9559843564033508,0.9467490780353546,2.793554244041443,1.6492242181301118,1.7507008504867554,1.5970249700546264
0.21846153846153846,0.08615384615384615,0.08615384615384615,0.08615384615384614,0.08615384615384614,0.15230769230769228,0.2846153846153846,1235000000.0,46080000000.0,1.549968377351761,2.8120248341560363,2.9559843564033508,0.9467490780353546,2.793554244041443,1.6492242181301118,1.7507008504867554,1.5970249700546264
0.15230769230769234,0.15230769230769234,0.15230769230769234,0.020000000000000004,0.1523076923076923,0.1523076923076923,0.21846153846153848,1235000000.0,4606000000.0,1.985394788980484,3.2860635805130003,3.4597211289405823,1.46063192486763,3.3140555787086488,2.1183878564834595,2.416574331521988,2.2494457149505616
0.15230769230769234,0.15230769230769234,0.15230769230769234,0.020000000000000004,0.1523076923076923,0.1523076923076923,0.21846153846153848,1235000000.0,9214000000.0,1.769644696712494,3.0080210971832275,3.1546443629264833,1.2368016171455383,3.0072962474822997,1.8856766068935393,2.0907498264312743,1.8928367078304291
0.15230769230769234,0.15230769230769234,0.15230769230769234,0.020000000000000004,0.1523076923076923,0.1523076923076923,0.21846153846153848,1235000000.0,13822000000.0,1.7070483684539794,2.9034521067142487,3.0494297671318056,1.1604781624674798,2.8977006578445437,1.798410096168518,1.971408348083496,1.7785308980941772
0.15230769230769234,0.15230769230769234,0.15230769230769234,0.020000000000000004,0.1523076923076923,0.1523076923076923,0.21846153846153848,1235000000.0,18430000000.0,1.674275666475296,2.86061544418335,2.9984063386917112,1.1370931458473206,2.845258994102478,1.7733834660053254,1.91279354929924,1.7260845363140107
0.15230769230769234,0.15230769230769234,0.15230769230769234,0.020000000000000004,0.1523076923076923,0.1523076923076923,0.21846153846153848,1235000000.0,23038000000.0,1.637494444847107,2.8199297547340394,2.958956573009491,1.0993649929761886,2.8077802753448484,1.727002465724945,1.8765837132930756,1.6705415260791778
0.15230769230769234,0.15230769230769234,0.15230769230769234,0.020000000000000004,0.1523076923076923,0.1523076923076923,0.21846153846153848,1235000000.0,27646000000.0,1.6239931404590606,2.7956089437007905,2.933200259208679,1.0833789375424385,2.7816333508491518,1.7081369161605835,1.8449189364910126,1.6504258298873902
0.15230769230769234,0.15230769230769234,0.15230769230769234,0.020000000000000004,0.1523076923076923,0.1523076923076923,0.21846153846153848,1235000000.0,32254000000.0,1.6117325258255004,2.774493716955185,2.910747396945953,1.0682329317927362,2.757395226955414,1.6907424974441527,1.8214641773700715,1.6216437816619873
0.15230769230769234,0.15230769230769234,0.15230769230769234,0.020000000000000004,0.1523076923076923,0.1523076923076923,0.21846153846153848,1235000000.0,36862000000.0,1.6015895211696625,2.753560837507248,2.890089168548584,1.0474151742458344,2.740669460296631,1.685298832654953,1.8011544466018676,1.60890096783638
0.15230769230769234,0.15230769230769234,0.15230769230769234,0.020000000000000004,0.1523076923076923,0.1523076923076923,0.21846153846153848,1235000000.0,41470000000.0,1.5918733251094819,2.744500169754028,2.884109790325165,1.0523916286230088,2.730135917663574,1.6701954305171967,1.79050164103508,1.5914437294006347
0.15230769230769234,0.15230769230769234,0.15230769230769234,0.020000000000000004,0.1523076923076923,0.1523076923076923,0.21846153846153848,1235000000.0,46078000000.0,1.5832750594615936,2.7311049520969393,2.8684917974472044,1.0437542650103568,2.7132377648353576,1.6573195040225983,1.7795926666259765,1.5804452419281005
0.15230769230769234,0.15230769230769234,0.15230769230769234,0.020000000000000004,0.1523076923076923,0.1523076923076923,0.21846153846153848,1235000000.0,46080000000.0,1.5832750594615936,2.7311049520969393,2.8684917974472044,1.0437542650103568,2.7132377648353576,1.6573195040225983,1.7795926666259765,1.5804452419281005
0.08615384615384614,0.02,0.2184615384615384,0.3507692307692308,0.2846153846153846,0.02,0.02,1235000000.0,4606000000.0,2.0575116991996767,3.443930835723877,3.432880461215973,1.239373689889908,3.298447051048279,2.2837927281856536,3.1822610211372377,2.242640026807785
0.08615384615384614,0.02,0.2184615384615384,0.3507692307692308,0.2846153846153846,0.02,0.02,1235000000.0,9214000000.0,1.832051557302475,3.15069580078125,3.1241762161254885,1.0371077156066895,2.983785042762756,2.0008876657485963,2.643464205265045,1.8968806087970733
0.08615384615384614,0.02,0.2184615384615384,0.3507692307692308,0.2846153846153846,0.02,0.02,1235000000.0,13822000000.0,1.7828640568256378,3.0480942726135254,3.0274164628982545,0.9726401144266128,2.878564627170563,1.9216439235210419,2.5641686475276946,1.7964879441261292
0.08615384615384614,0.02,0.2184615384615384,0.3507692307692308,0.2846153846153846,0.02,0.02,1235000000.0,18430000000.0,1.7314418351650238,2.9884276819229125,2.9662956285476683,0.9311704927682877,2.820336928367615,1.8641101908683777,2.394570525884628,1.7266365003585815
0.08615384615384614,0.02,0.2184615384615384,0.3507692307692308,0.2846153846153846,0.02,0.02,1235000000.0,23038000000.0,1.69628741979599,2.9461128294467924,2.924558141231537,0.9027932505309582,2.777817006111145,1.8403531801700592,2.3360343623161315,1.6797464895248413
0.08615384615384614,0.02,0.2184615384615384,0.3507692307692308,0.2846153846153846,0.02,0.02,1235000000.0,27646000000.0,1.6801912128925323,2.910257877111435,2.8948899507522583,0.8893579210340977,2.746423768997192,1.8064499521255493,2.3032487165927886,1.647521562576294
0.08615384615384614,0.02,0.2184615384615384,0.3507692307692308,0.2846153846153846,0.02,0.02,1235000000.0,32254000000.0,1.6583084774017334,2.8896569752693178,2.8755111932754516,0.871600845605135,2.723216972351074,1.7773898458480835,2.263784521818161,1.6247962164878844
0.08615384615384614,0.02,0.2184615384615384,0.3507692307692308,0.2846153846153846,0.02,0.02,1235000000.0,36862000000.0,1.6636468970775604,2.881164791584015,2.8574698042869566,0.8633056771755219,2.7064161133766174,1.7776638793945312,2.2604175198078154,1.605960509777069
0.08615384615384614,0.02,0.2184615384615384,0.3507692307692308,0.2846153846153846,0.02,0.02,1235000000.0,41470000000.0,1.643204824924469,2.864138503074646,2.8404312920570374,0.8535781142115593,2.6921937322616576,1.7733869099617003,2.2287425243854524,1.5910594534873963
0.08615384615384614,0.02,0.2184615384615384,0.3507692307692308,0.2846153846153846,0.02,0.02,1235000000.0,46078000000.0,1.6788280200958252,2.849399755001068,2.830306837558746,0.8481814430654049,2.6792847990989683,1.765347913503647,2.2010683000087736,1.5791071629524231
0.08615384615384614,0.02,0.2184615384615384,0.3507692307692308,0.2846153846153846,0.02,0.02,1235000000.0,46080000000.0,1.6788280200958252,2.849399755001068,2.830306837558746,0.8481814430654049,2.6792847990989683,1.765347913503647,2.2010683000087736,1.5791071629524231
0.08615384615384614,0.020000000000000004,0.020000000000000004,0.28461538461538466,0.1523076923076923,0.28461538461538466,0.1523076923076923,1235000000.0,4606000000.0,2.031550691127777,3.559906897544861,3.7174283337593077,1.1971340849995613,3.491763160228729,1.9941058909893037,2.5884898388385773,2.323526759147644
0.08615384615384614,0.020000000000000004,0.020000000000000004,0.28461538461538466,0.1523076923076923,0.28461538461538466,0.1523076923076923,1235000000.0,9214000000.0,1.8225817787647247,3.251208772659302,3.3925070118904115,1.0193226876854897,3.159937372207642,1.7852994334697723,2.2247689402103425,1.9613558650016785
0.08615384615384614,0.020000000000000004,0.020000000000000004,0.28461538461538466,0.1523076923076923,0.28461538461538466,0.1523076923076923,1235000000.0,13822000000.0,1.7613714742660522,3.1348407316207885,3.2671625924110415,0.942502079308033,3.0347893047332763,1.7009067988395692,2.091768069267273,1.841636415719986
0.08615384615384614,0.020000000000000004,0.020000000000000004,0.28461538461538466,0.1523076923076923,0.28461538461538466,0.1523076923076923,1235000000.0,18430000000.0,1.7163282430171967,3.0749742674827574,3.205851984024048,0.9104638174176216,2.964509286880493,1.664320558309555,2.008722904920578,1.7762440812587739
0.08615384615384614,0.020000000000000004,0.020000000000000004,0.28461538461538466,0.1523076923076923,0.28461538461538466,0.1523076923076923,1235000000.0,23038000000.0,1.682224987745285,3.027720658779144,3.15995947599411,0.8810110107064247,2.9220436215400696,1.634994603395462,1.9732919681072234,1.728729498386383
0.08615384615384614,0.020000000000000004,0.020000000000000004,0.28461538461538466,0.1523076923076923,0.28461538461538466,0.1523076923076923,1235000000.0,27646000000.0,1.6659440410137176,2.988501954078674,3.1162549662590027,0.8683225663006305,2.8863260340690613,1.6146130239963532,1.9315671706199646,1.6990699434280396
0.08615384615384614,0.020000000000000004,0.020000000000000004,0.28461538461538466,0.1523076923076923,0.28461538461538466,0.1523076923076923,1235000000.0,32254000000.0,1.647510507106781,2.9712519025802613,3.1094944143295287,0.8641147354245186,2.8636165261268616,1.599287189245224,1.9086139619350433,1.6710344743728638
0.08615384615384614,0.020000000000000004,0.020000000000000004,0.28461538461538466,0.1523076923076923,0.28461538461538466,0.1523076923076923,1235000000.0,36862000000.0,1.64700532913208,2.962247688770294,3.0697909593582153,0.8497764052450657,2.844574384689331,1.5900421607494355,1.887212861776352,1.6544125139713288
0.08615384615384614,0.020000000000000004,0.020000000000000004,0.28461538461538466,0.1523076923076923,0.28461538461538466,0.1523076923076923,1235000000.0,41470000000.0,1.6279149854183197,2.944907398223877,3.0639394974708556,0.8404135245084763,2.827697231769562,1.577900882959366,1.874045284986496,1.6393118679523468
0.08615384615384614,0.020000000000000004,0.020000000000000004,0.28461538461538466,0.1523076923076923,0.28461538461538466,0.1523076923076923,1235000000.0,46078000000.0,1.6423767840862273,2.928940086364746,3.050946846008301,0.8310371942818164,2.8157415175437928,1.5683578217029572,1.8644559121131896,1.6255234265327454
0.08615384615384614,0.020000000000000004,0.020000000000000004,0.28461538461538466,0.1523076923076923,0.28461538461538466,0.1523076923076923,1235000000.0,46080000000.0,1.6423767840862273,2.928940086364746,3.050946846008301,0.8310371942818164,2.8157415175437928,1.5683578217029572,1.8644559121131896,1.6255234265327454
0.02,0.15230769230769228,0.08615384615384615,0.02,0.3507692307692308,0.08615384615384614,0.2846153846153846,1235000000.0,4606000000.0,2.22908763051033,3.263500442504883,3.43516934633255,1.5009724646806717,3.2404865217208862,2.230161006450653,2.3459443259239197,2.2744304502010344
0.02,0.15230769230769228,0.08615384615384615,0.02,0.3507692307692308,0.08615384615384614,0.2846153846153846,1235000000.0,9214000000.0,2.002017329931259,2.9824667525291444,3.1521367049217224,1.2864261361956597,2.948822515010834,1.9927283465862273,2.033329515457153,1.9257747626304627
0.02,0.15230769230769228,0.08615384615384615,0.02,0.3507692307692308,0.08615384615384614,0.2846153846153846,1235000000.0,13822000000.0,1.9263288104534149,2.8925158262252806,3.0584155535697937,1.2215063759684563,2.8437734746932986,1.8995651471614838,1.9241495406627656,1.815090434551239
0.02,0.15230769230769228,0.08615384615384615,0.02,0.3507692307692308,0.08615384615384614,0.2846153846153846,1235000000.0,18430000000.0,1.9067517256736755,2.8395438814163207,2.9974380898475648,1.181336076259613,2.7854450654983522,1.8584713876247405,1.8636201465129851,1.751984543800354
0.02,0.15230769230769228,0.08615384615384615,0.02,0.3507692307692308,0.08615384615384614,0.2846153846153846,1235000000.0,23038000000.0,1.8448259603977204,2.8013227462768553,2.964183602333069,1.1481219744682312,2.751330313682556,1.8126074767112732,1.832906950712204,1.7115935432910918
0.02,0.15230769230769228,0.08615384615384615,0.02,0.3507692307692308,0.08615384615384614,0.2846153846153846,1235000000.0,27646000000.0,1.8385005652904511,2.7763439643383028,2.9348275017738343,1.1301648679375649,2.723928437232971,1.7933116793632506,1.8012091863155364,1.675864975452423
0.02,0.15230769230769228,0.08615384615384615,0.02,0.3507692307692308,0.08615384615384614,0.2846153846153846,1235000000.0,32254000000.0,1.810875438451767,2.757915884256363,2.912393186092377,1.1177848660945893,2.6993471026420592,1.7790140891075135,1.7770505905151368,1.6505832147598267
0.02,0.15230769230769228,0.08615384615384615,0.02,0.3507692307692308,0.08615384615384614,0.2846153846153846,1235000000.0,36862000000.0,1.8058319890499115,2.743431168794632,2.898549735546112,1.1002504763007164,2.682286500930786,1.7686288940906525,1.7604426169395446,1.6349088180065154
0.02,0.15230769230769228,0.08615384615384615,0.02,0.3507692307692308,0.08615384615384614,0.2846153846153846,1235000000.0,41470000000.0,1.7906137466430665,2.7292889153957365,2.8820616364479066,1.0817433401942254,2.6697459506988523,1.7505143880844116,1.747959808111191,1.6182433724403382
0.02,0.15230769230769228,0.08615384615384615,0.02,0.3507692307692308,0.08615384615384614,0.2846153846153846,1235000000.0,46078000000.0,1.7881726491451264,2.7170835638046267,2.8740593671798704,1.0875596868991853,2.657572727203369,1.747044150829315,1.734374568462372,1.599401856660843
0.02,0.15230769230769228,0.08615384615384615,0.02,0.3507692307692308,0.08615384615384614,0.2846153846153846,1235000000.0,46080000000.0,1.7881726491451264,2.7170835638046267,2.8740593671798704,1.0875596868991853,2.657572727203369,1.747044150829315,1.734374568462372,1.599401856660843
0.020000000000000004,0.020000000000000004,0.28461538461538466,0.08615384615384615,0.1523076923076923,0.1523076923076923,0.28461538461538466,1235000000.0,4606000000.0,2.1927520132064817,3.403070251941681,3.401533930301666,1.348794125020504,3.298909261226654,2.102989066839218,2.3652196180820466,2.232137715816498
0.020000000000000004,0.020000000000000004,0.28461538461538466,0.08615384615384615,0.1523076923076923,0.1523076923076923,0.28461538461538466,1235000000.0,9214000000.0,1.96898521900177,3.1082126903533935,3.0955056095123292,1.1272511380910872,2.990101191997528,1.8699939668178558,2.0357566547393797,1.8878015565872193
0.020000000000000004,0.020000000000000004,0.28461538461538466,0.08615384615384615,0.1523076923076923,0.1523076923076923,0.28461538461538466,1235000000.0,13822000000.0,1.8969694256782532,3.0215176701545716,3.0017317438125612,1.0646486112475395,2.8902109837532044,1.7829494738578797,1.9291665279865264,1.777677710056305
0.020000000000000004,0.020000000000000004,0.28461538461538466,0.08615384615384615,0.1523076923076923,0.1523076923076923,0.28461538461538466,1235000000.0,18430000000.0,1.864335186481476,2.9584590935707094,2.942374863624573,1.0233947733044624,2.8300529861450197,1.7449163734912871,1.8695134568214415,1.7171176540851594
0.020000000000000004,0.020000000000000004,0.28461538461538466,0.08615384615384615,0.1523076923076923,0.1523076923076923,0.28461538461538466,1235000000.0,23038000000.0,1.8213691067695619,2.92264257311821,2.9050272488594056,1.0059110590815543,2.794140200614929,1.714541701078415,1.8370125210285186,1.6755094397068024
0.020000000000000004,0.020000000000000004,0.28461538461538466,0.08615384615384615,0.1523076923076923,0.1523076923076923,0.28461538461538466,1235000000.0,27646000000.0,1.807496690750122,2.901595445871353,2.879178972244263,0.9943339020013809,2.7679021549224854,1.696435842514038,1.806021467447281,1.6514479684829713
0.020000000000000004,0.020000000000000004,0.28461538461538466,0.08615384615384615,0.1523076923076923,0.1523076923076923,0.28461538461538466,1235000000.0,32254000000.0,1.7915671491622924,2.879981315135956,2.8615306186676026,0.9765141177177429,2.747183289527893,1.6814255070686341,1.783536206483841,1.6283064818382262
0.020000000000000004,0.020000000000000004,0.28461538461538466,0.08615384615384615,0.1523076923076923,0.1523076923076923,0.28461538461538466,1235000000.0,36862000000.0,1.7819079315662385,2.86383722782135,2.8458378648757936,0.9638686427474021,2.7309408020973205,1.670699156522751,1.767005900144577,1.6055127346515656
0.020000000000000004,0.020000000000000004,0.28461538461538466,0.08615384615384615,0.1523076923076923,0.1523076923076923,0.28461538461538466,1235000000.0,41470000000.0,1.7676871955394744,2.8505039167404176,2.8299798703193666,0.9628897461295128,2.7147683572769163,1.6586761021614074,1.7548399794101714,1.5962397754192352
0.020000000000000004,0.020000000000000004,0.28461538461538466,0.08615384615384615,0.1523076923076923,0.1523076923076923,0.28461538461538466,1235000000.0,46078000000.0,1.7698922049999237,2.841045117378235,2.8201087379455565,0.9468853113055229,2.705652401447296,1.6541902375221254,1.7421218621730805,1.582418271303177
0.020000000000000004,0.020000000000000004,0.28461538461538466,0.08615384615384615,0.1523076923076923,0.1523076923076923,0.28461538461538466,1235000000.0,46080000000.0,1.7698922049999237,2.841045117378235,2.8201087379455565,0.9468853113055229,2.705652401447296,1.6541902375221254,1.7421218621730805,1.582418271303177
0.020000000000000004,0.1523076923076923,0.41692307692307695,0.21846153846153848,0.020000000000000004,0.1523076923076923,0.020000000000000004,2718000000.0,10366000000.0,1.8681510317325591,2.91598605632782,2.99046813249588,0.9744866520166398,2.94302152633667,1.7580623710155487,2.4252605736255646,1.618971676826477
0.020000000000000004,0.1523076923076923,0.41692307692307695,0.21846153846153848,0.020000000000000004,0.1523076923076923,0.020000000000000004,2718000000.0,20734000000.0,1.760550458431244,2.7496149694919585,2.829705471992493,0.8828672771155834,2.7757044076919555,1.649159927368164,2.1898856580257418,1.4740407502651214
0.020000000000000004,0.1523076923076923,0.41692307692307695,0.21846153846153848,0.020000000000000004,0.1523076923076923,0.020000000000000004,2718000000.0,31102000000.0,1.709524861574173,2.6850833117961885,2.763747208118439,0.83815429225564,2.7082710242271424,1.600505267381668,2.1096011966466905,1.4135927045345307
0.020000000000000004,0.1523076923076923,0.41692307692307695,0.21846153846153848,0.020000000000000004,0.1523076923076923,0.020000000000000004,2718000000.0,41470000000.0,1.6798072898387908,2.6499067187309264,2.723448281288147,0.8178860720992088,2.6655010843276976,1.576226170063019,2.051366149187088,1.3772644448280333
0.020000000000000004,0.1523076923076923,0.41692307692307695,0.21846153846153848,0.020000000000000004,0.1523076923076923,0.020000000000000004,2718000000.0,51838000000.0,1.6627655220031738,2.622304003238678,2.692878544330597,0.7939628813415766,2.630244746208191,1.552410273551941,2.0144878113269806,1.3536697542667389
0.020000000000000004,0.1523076923076923,0.41692307692307695,0.21846153846153848,0.020000000000000004,0.1523076923076923,0.020000000000000004,2718000000.0,62206000000.0,1.636554205417633,2.5968659794330597,2.6746569156646727,0.7878849989175797,2.6165001964569092,1.5388226974010468,1.9698395645618438,1.3340661323070526
0.020000000000000004,0.1523076923076923,0.41692307692307695,0.21846153846153848,0.020000000000000004,0.1523076923076923,0.020000000000000004,2718000000.0,72574000000.0,1.6223796689510346,2.5839967238903045,2.6616999912261963,0.7845293446630239,2.5976665234565735,1.5279750895500184,1.9313227277994156,1.3168031370639801
0.020000000000000004,0.1523076923076923,0.41692307692307695,0.21846153846153848,0.020000000000000004,0.1523076923076923,0.020000000000000004,2718000000.0,82942000000.0,1.620264731645584,2.5743597209453584,2.645411720275879,0.7681150601059198,2.5815837383270264,1.518394341468811,1.9333154916763307,1.3062334585189819
0.020000000000000004,0.1523076923076923,0.41692307692307695,0.21846153846153848,0.020000000000000004,0.1523076923076923,0.020000000000000004,2718000000.0,93310000000.0,1.6082573986053468,2.5609737157821657,2.6380020999908447,0.7690837752074003,2.5757168674468995,1.5121299016475678,1.909928959608078,1.294723311662674
0.020000000000000004,0.1523076923076923,0.41692307692307695,0.21846153846153848,0.020000000000000004,0.1523076923076923,0.020000000000000004,2718000000.0,103678000000.0,1.6061152052879333,2.5514490842819213,2.629899241924286,0.7691214641183615,2.5670321226119994,1.5084081542491914,1.9166061908006669,1.2883566427230835
0.020000000000000004,0.1523076923076923,0.41692307692307695,0.21846153846153848,0.020000000000000004,0.1523076923076923,0.020000000000000004,2718000000.0,103680000000.0,1.6061152052879333,2.5514490842819213,2.629899241924286,0.7691214641183615,2.5670321226119994,1.5084081542491914,1.9166061908006669,1.2883566427230835
0.21846153846153848,0.08615384615384614,0.15230769230769234,0.08615384615384614,0.1523076923076923,0.1523076923076923,0.15230769230769228,2718000000.0,10366000000.0,1.6590793770551682,2.9640391421318055,3.085946397781372,1.0501020288467406,2.920961220264435,1.7860837996006012,2.0087003356218336,1.6670402050018311
0.21846153846153848,0.08615384615384614,0.15230769230769234,0.08615384615384614,0.1523076923076923,0.1523076923076923,0.15230769230769228,2718000000.0,20734000000.0,1.5525910860300065,2.7951641988754274,2.9153453803062437,0.9500075605511665,2.751922960281372,1.6616000759601592,1.8406410777568818,1.5072242331504822
0.21846153846153848,0.08615384615384614,0.15230769230769234,0.08615384615384614,0.1523076923076923,0.1523076923076923,0.15230769230769228,2718000000.0,31102000000.0,1.5089911282062531,2.7340945947170257,2.8478901863098143,0.9128248812258244,2.680447120666504,1.614661020040512,1.763819904923439,1.439752722978592
0.21846153846153848,0.08615384615384614,0.15230769230769234,0.08615384615384614,0.1523076923076923,0.1523076923076923,0.15230769230769228,2718000000.0,41470000000.0,1.4872682780027389,2.697112890481949,2.810743236541748,0.8813842207193374,2.635222053527832,1.5871207296848298,1.7299768608808517,1.40121080160141
0.21846153846153848,0.08615384615384614,0.15230769230769234,0.08615384615384614,0.1523076923076923,0.1523076923076923,0.15230769230769228,2718000000.0,51838000000.0,1.4687689548730851,2.666569677591324,2.7807506632804873,0.8668998745083809,2.6091298151016233,1.5651008045673371,1.6972557705640794,1.3734587359428405
0.21846153846153848,0.08615384615384614,0.15230769230769234,0.08615384615384614,0.1523076923076923,0.1523076923076923,0.15230769230769228,2718000000.0,62206000000.0,1.4535770738124847,2.651954333782196,2.7632965421676636,0.851465389430523,2.5936567616462707,1.5567149448394775,1.6745290279388427,1.3509475445747376
0.21846153846153848,0.08615384615384614,0.15230769230769234,0.08615384615384614,0.1523076923076923,0.1523076923076923,0.15230769230769228,2718000000.0,72574000000.0,1.4421102756261825,2.634968376159668,2.7475178408622742,0.8526628682017326,2.5750740790367126,1.538027435541153,1.6582422095537186,1.3380606055259705
0.21846153846153848,0.08615384615384614,0.15230769230769234,0.08615384615384614,0.1523076923076923,0.1523076923076923,0.15230769230769228,2718000000.0,82942000000.0,1.4390162348747253,2.61483225941658,2.736057126522064,0.8421066926419735,2.558972404003143,1.5332264065742494,1.645366953611374,1.321720323562622
0.21846153846153848,0.08615384615384614,0.15230769230769234,0.08615384615384614,0.1523076923076923,0.1523076923076923,0.15230769230769228,2718000000.0,93310000000.0,1.429852060675621,2.6099696600437166,2.720810143947601,0.8372859853506088,2.5485538744926455,1.5261656355857849,1.6328004270792007,1.3100513625144958
0.21846153846153848,0.08615384615384614,0.15230769230769234,0.08615384615384614,0.1523076923076923,0.1523076923076923,0.15230769230769228,2718000000.0,103678000000.0,1.4230795300006867,2.5996753764152527,2.7130957674980163,0.8307852633297443,2.538145849704742,1.5154588186740876,1.630607641339302,1.3079244697093964
0.21846153846153848,0.08615384615384614,0.15230769230769234,0.08615384615384614,0.1523076923076923,0.1523076923076923,0.15230769230769228,2718000000.0,103680000000.0,1.4230795300006867,2.5996753764152527,2.7130957674980163,0.8307852633297443,2.538145849704742,1.5154588186740876,1.630607641339302,1.3079244697093964
0.1523076923076923,0.08615384615384615,0.3507692307692308,0.08615384615384614,0.02,0.1523076923076923,0.15230769230769228,2718000000.0,10366000000.0,1.693538449406624,2.9515015387535097,3.0144739723205567,1.0461242192983626,2.9559100127220153,1.7815636074543,2.0059136551618577,1.6496178138256072
0.1523076923076923,0.08615384615384615,0.3507692307692308,0.08615384615384614,0.02,0.1523076923076923,0.15230769230769228,2718000000.0,20734000000.0,1.5837340277433396,2.783826845884323,2.8532570457458495,0.9517164240777493,2.7803554487228395,1.658088299036026,1.8391781955957414,1.492137509584427
0.1523076923076923,0.08615384615384615,0.3507692307692308,0.08615384615384614,0.02,0.1523076923076923,0.15230769230769228,2718000000.0,31102000000.0,1.5403505742549897,2.7248276484012606,2.78758136510849,0.913992782086134,2.718146438598633,1.612699019908905,1.7636736088991165,1.42894144654274
0.1523076923076923,0.08615384615384615,0.3507692307692308,0.08615384615384614,0.02,0.1523076923076923,0.15230769230769228,2718000000.0,41470000000.0,1.520662338733673,2.6903295493125916,2.749532639980316,0.8771842208504677,2.678485279083252,1.5875554871559143,1.7326382440328598,1.394279235601425
0.1523076923076923,0.08615384615384615,0.3507692307692308,0.08615384615384614,0.02,0.1523076923076923,0.15230769230769228,2718000000.0,51838000000.0,1.5008321857452394,2.659316254854202,2.7207646489143373,0.8681467908620835,2.652835168838501,1.5659401059150695,1.6990776109695434,1.3721720397472381
0.1523076923076923,0.08615384615384615,0.3507692307692308,0.08615384615384614,0.02,0.1523076923076923,0.15230769230769228,2718000000.0,62206000000.0,1.4831555551290512,2.6440900599956514,2.701251564025879,0.8535573773086071,2.6336874413490294,1.5575298035144807,1.6775157588720322,1.352046936750412
0.1523076923076923,0.08615384615384615,0.3507692307692308,0.08615384615384614,0.02,0.1523076923076923,0.15230769230769228,2718000000.0,72574000000.0,1.472612694501877,2.6273816668987275,2.687340304851532,0.8531287686526775,2.6146194386482238,1.5372408211231232,1.660309709906578,1.333369882106781
0.1523076923076923,0.08615384615384615,0.3507692307692308,0.08615384615384614,0.02,0.1523076923076923,0.15230769230769228,2718000000.0,82942000000.0,1.467596057653427,2.6178423500061037,2.673400704860687,0.8416857613623142,2.602565338611603,1.534292607307434,1.648889981508255,1.3232244992256164
0.1523076923076923,0.08615384615384615,0.3507692307692308,0.08615384615384614,0.02,0.1523076923076923,0.15230769230769228,2718000000.0,93310000000.0,1.4580757182836532,2.60358669757843,2.6637703800201415,0.8385131597518921,2.590616271495819,1.523129130601883,1.634820618033409,1.3124448025226594
0.1523076923076923,0.08615384615384615,0.3507692307692308,0.08615384615384614,0.02,0.1523076923076923,0.15230769230769228,2718000000.0,103678000000.0,1.4476585286855697,2.5965643346309664,2.6558894610404966,0.8282865323126316,2.584070234298706,1.5156694388389587,1.6337692993879318,1.3070160913467408
0.1523076923076923,0.08615384615384615,0.3507692307692308,0.08615384615384614,0.02,0.1523076923076923,0.15230769230769228,2718000000.0,103680000000.0,1.4476585286855697,2.5965643346309664,2.6558894610404966,0.8282865323126316,2.584070234298706,1.5156694388389587,1.6337692993879318,1.3070160913467408
0.0956421767882648,0.0954117452195452,0.2495361249651974,0.08807485264930105,0.12145335860679679,0.17943639498989855,0.17044534678099624,2718000000.0,10366000000.0,1.7741541469097137,2.9267817628383637,3.0239342737197874,1.04519148260355,2.897280592918396,1.7653474390506745,1.9706949985027313,1.643008131980896
0.0956421767882648,0.0954117452195452,0.2495361249651974,0.08807485264930105,0.12145335860679679,0.17943639498989855,0.17044534678099624,2718000000.0,20734000000.0,1.6210783869028091,2.776873137950897,2.8702759528160096,0.9481597934663296,2.7385376954078673,1.6445617592334747,1.8181903845071792,1.4845690393447877
0.0956421767882648,0.0954117452195452,0.2495361249651974,0.08807485264930105,0.12145335860679679,0.17943639498989855,0.17044534678099624,2718000000.0,31102000000.0,1.5774825102090835,2.7134434354305266,2.802931320667267,0.9094396188855172,2.6686697125434877,1.5966040456295014,1.743621259331703,1.422014238834381
0.0956421767882648,0.0954117452195452,0.2495361249651974,0.08807485264930105,0.12145335860679679,0.17943639498989855,0.17044534678099624,2718000000.0,41470000000.0,1.5687825655937195,2.6766922664642334,2.762993562221527,0.8782262197136879,2.623998610973358,1.5719057416915894,1.7095870405435563,1.383891818523407
0.0956421767882648,0.0954117452195452,0.2495361249651974,0.08807485264930105,0.12145335860679679,0.17943639498989855,0.17044534678099624,2718000000.0,51838000000.0,1.5392976266145706,2.6477139973640442,2.7330600142478945,0.8659484359622002,2.5932790780067445,1.5562950277328491,1.675111348628998,1.3614783895015716
0.0956421767882648,0.0954117452195452,0.2495361249651974,0.08807485264930105,0.12145335860679679,0.17943639498989855,0.17044534678099624,2718000000.0,62206000000.0,1.5220292806625366,2.6278279995918274,2.716347472667694,0.8495317509770394,2.5776742911338806,1.5444906306266786,1.6543325233459472,1.3441515362262726
0.0956421767882648,0.0954117452195452,0.2495361249651974,0.08807485264930105,0.12145335860679679,0.17943639498989855,0.17044534678099624,2718000000.0,72574000000.0,1.5100526720285417,2.6172482526302336,2.7012294578552245,0.8510763849318027,2.5601342368125914,1.5285899138450623,1.6392676496505738,1.3257769966125488
0.0956421767882648,0.0954117452195452,0.2495361249651974,0.08807485264930105,0.12145335860679679,0.17943639498989855,0.17044534678099624,2718000000.0,82942000000.0,1.5014205461740493,2.6068168771266937,2.686262707710266,0.8377563290297985,2.5478419971466066,1.520080041885376,1.627659507393837,1.3126900613307952
0.0956421767882648,0.0954117452195452,0.2495361249651974,0.08807485264930105,0.12145335860679679,0.17943639498989855,0.17044534678099624,2718000000.0,93310000000.0,1.4970820355415344,2.5869947612285613,2.676105434894562,0.8374878154695033,2.541473569869995,1.5147283780574798,1.6155193382501603,1.3025367653369904
0.0956421767882648,0.0954117452195452,0.2495361249651974,0.08807485264930105,0.12145335860679679,0.17943639498989855,0.17044534678099624,2718000000.0,103678000000.0,1.5074697709083558,2.5799536859989165,2.66771931886673,0.8315131506323814,2.528729727268219,1.5092897415161133,1.6108775508403779,1.2985154485702515
0.0956421767882648,0.0954117452195452,0.2495361249651974,0.08807485264930105,0.12145335860679679,0.17943639498989855,0.17044534678099624,2718000000.0,103680000000.0,1.5074697709083558,2.5799536859989165,2.66771931886673,0.8315131506323814,2.528729727268219,1.5092897415161133,1.6108775508403779,1.2985154485702515
